2025-12-25 09:54:02,244 - main - INFO - Starting 7TY.VN System...
2025-12-25 09:54:02,250 - main - INFO - Database tables created successfully
2025-12-25 09:54:02,251 - main - ERROR - Error initializing sample data: Could not determine join condition between parent/child tables on relationship User.agent - there are multiple foreign key paths linking the tables.  Specify the 'foreign_keys' argument, providing a list of those columns which should be counted as containing a foreign key reference to the parent table.
2025-12-25 09:54:02,252 - main - INFO - Shutting down 7TY.VN System...
2025-12-25 09:54:04,914 - main - INFO - Starting 7TY.VN System...
2025-12-25 09:54:04,919 - main - INFO - Database tables created successfully
2025-12-25 09:54:04,956 - main - ERROR - Error initializing sample data: Could not determine join condition between parent/child tables on relationship User.agent - there are multiple foreign key paths linking the tables.  Specify the 'foreign_keys' argument, providing a list of those columns which should be counted as containing a foreign key reference to the parent table.
2025-12-25 09:54:08,775 - main - INFO - Starting 7TY.VN System...
2025-12-25 09:54:08,782 - main - INFO - Database tables created successfully
2025-12-25 09:54:08,783 - main - ERROR - Error initializing sample data: Could not determine join condition between parent/child tables on relationship User.agent - there are multiple foreign key paths linking the tables.  Specify the 'foreign_keys' argument, providing a list of those columns which should be counted as containing a foreign key reference to the parent table.
2025-12-25 09:54:36,398 - main - INFO - Starting 7TY.VN System...
2025-12-25 09:54:36,403 - main - INFO - Database tables created successfully
2025-12-25 09:54:36,404 - main - ERROR - Error initializing sample data: Could not determine join condition between parent/child tables on relationship User.agent - there are multiple foreign key paths linking the tables.  Specify the 'foreign_keys' argument, providing a list of those columns which should be counted as containing a foreign key reference to the parent table.
2025-12-25 09:54:58,198 - main - INFO - Starting 7TY.VN System...
2025-12-25 09:54:58,203 - main - INFO - Database tables created successfully
2025-12-25 09:54:58,204 - main - ERROR - Error initializing sample data: Could not determine join condition between parent/child tables on relationship User.agent - there are multiple foreign key paths linking the tables.  Specify the 'foreign_keys' argument, providing a list of those columns which should be counted as containing a foreign key reference to the parent table.
2025-12-25 09:55:02,124 - main - INFO - Starting 7TY.VN System...
2025-12-25 09:55:02,129 - main - INFO - Database tables created successfully
2025-12-25 09:55:02,130 - main - ERROR - Error initializing sample data: Could not determine join condition between parent/child tables on relationship User.agent - there are multiple foreign key paths linking the tables.  Specify the 'foreign_keys' argument, providing a list of those columns which should be counted as containing a foreign key reference to the parent table.
2025-12-25 09:55:29,681 - main - INFO - Starting 7TY.VN System...
2025-12-25 09:55:29,686 - main - INFO - Database tables created successfully
2025-12-25 09:55:29,687 - main - ERROR - Error initializing sample data: Could not determine join condition between parent/child tables on relationship User.agent - there are multiple foreign key paths linking the tables.  Specify the 'foreign_keys' argument, providing a list of those columns which should be counted as containing a foreign key reference to the parent table.
2025-12-25 09:55:33,487 - main - INFO - Starting 7TY.VN System...
2025-12-25 09:55:33,492 - main - INFO - Database tables created successfully
2025-12-25 09:55:33,493 - main - ERROR - Error initializing sample data: Could not determine join condition between parent/child tables on relationship User.agent - there are multiple foreign key paths linking the tables.  Specify the 'foreign_keys' argument, providing a list of those columns which should be counted as containing a foreign key reference to the parent table.
2025-12-25 09:55:56,067 - main - INFO - Starting 7TY.VN System...
2025-12-25 09:55:56,072 - main - INFO - Database tables created successfully
2025-12-25 09:55:56,073 - main - ERROR - Error initializing sample data: Could not determine join condition between parent/child tables on relationship User.agent - there are multiple foreign key paths linking the tables.  Specify the 'foreign_keys' argument, providing a list of those columns which should be counted as containing a foreign key reference to the parent table.
2025-12-25 09:56:49,081 - main - INFO - Starting 7TY.VN System...
2025-12-25 09:56:49,087 - main - INFO - Database tables created successfully
2025-12-25 09:56:49,094 - main - ERROR - Error initializing sample data: Could not determine join condition between parent/child tables on relationship User.sold_bills - there are no foreign keys linking these tables.  Ensure that referencing columns are associated with a ForeignKey or ForeignKeyConstraint, or specify a 'primaryjoin' expression.
2025-12-25 09:56:49,095 - main - INFO - Shutting down 7TY.VN System...
2025-12-25 09:57:21,405 - main - INFO - Starting 7TY.VN System...
2025-12-25 09:57:21,410 - main - INFO - Database tables created successfully
2025-12-25 09:57:21,422 - main - ERROR - Error initializing sample data: Could not determine join condition between parent/child tables on relationship Agent.user - there are multiple foreign key paths linking the tables.  Specify the 'foreign_keys' argument, providing a list of those columns which should be counted as containing a foreign key reference to the parent table.
2025-12-25 09:57:47,435 - main - INFO - Starting 7TY.VN System...
2025-12-25 09:57:47,442 - main - INFO - Database tables created successfully
2025-12-25 09:57:47,502 - passlib.handlers.bcrypt - WARNING - (trapped) error reading bcrypt version
Traceback (most recent call last):
  File "C:\Users\LaptopHL\AppData\Local\Programs\Python\Python313\Lib\site-packages\passlib\handlers\bcrypt.py", line 620, in _load_backend_mixin
    version = _bcrypt.__about__.__version__
              ^^^^^^^^^^^^^^^^^
AttributeError: module 'bcrypt' has no attribute '__about__'
2025-12-25 09:57:47,556 - main - ERROR - Error initializing sample data: password cannot be longer than 72 bytes, truncate manually if necessary (e.g. my_password[:72])
2025-12-25 09:57:47,559 - main - INFO - Shutting down 7TY.VN System...
2025-12-25 09:58:15,837 - main - INFO - Starting 7TY.VN System...
2025-12-25 09:58:15,842 - main - INFO - Database tables created successfully
2025-12-25 09:58:30,291 - main - INFO - Shutting down 7TY.VN System...
2025-12-25 09:58:44,795 - main - INFO - Starting 7TY.VN System...
2025-12-25 09:58:44,800 - main - INFO - Database tables created successfully
2025-12-25 10:18:38,515 - main - INFO - Shutting down 7TY.VN System...
2025-12-25 10:18:50,109 - main - INFO - Starting 7TY.VN System...
2025-12-25 10:18:50,116 - main - INFO - Database tables created successfully
2025-12-25 10:19:05,210 - routers.auth - INFO - User logged in: admin from 127.0.0.1
2025-12-25 10:19:22,291 - database - ERROR - Database error: [{'type': 'missing', 'loc': ('body', 'username'), 'msg': 'Field required', 'input': None, 'url': 'https://errors.pydantic.dev/2.12/v/missing'}, {'type': 'missing', 'loc': ('body', 'password'), 'msg': 'Field required', 'input': None, 'url': 'https://errors.pydantic.dev/2.12/v/missing'}]
2025-12-25 10:20:34,972 - database - ERROR - Database error: [{'type': 'missing', 'loc': ('body', 'username'), 'msg': 'Field required', 'input': None, 'url': 'https://errors.pydantic.dev/2.12/v/missing'}, {'type': 'missing', 'loc': ('body', 'password'), 'msg': 'Field required', 'input': None, 'url': 'https://errors.pydantic.dev/2.12/v/missing'}]
2025-12-25 10:21:08,998 - database - ERROR - Database error: [{'type': 'missing', 'loc': ('body', 'username'), 'msg': 'Field required', 'input': None, 'url': 'https://errors.pydantic.dev/2.12/v/missing'}, {'type': 'missing', 'loc': ('body', 'password'), 'msg': 'Field required', 'input': None, 'url': 'https://errors.pydantic.dev/2.12/v/missing'}]
2025-12-25 10:21:22,114 - main - INFO - Shutting down 7TY.VN System...
2025-12-25 10:21:33,557 - main - INFO - Starting 7TY.VN System...
2025-12-25 10:21:33,564 - main - INFO - Database tables created successfully
2025-12-25 10:21:49,008 - routers.auth - INFO - User logged in: admin from 127.0.0.1
2025-12-25 10:22:28,110 - routers.auth - INFO - User logged in: admin from 127.0.0.1
2025-12-25 10:22:29,504 - database - ERROR - Database error: 2 validation errors for TokenData
user_id
  Input should be a valid integer, unable to parse string as an integer [type=int_parsing, input_value='admin', input_type=str]
    For further information visit https://errors.pydantic.dev/2.12/v/int_parsing
username
  Input should be a valid string [type=string_type, input_value=None, input_type=NoneType]
    For further information visit https://errors.pydantic.dev/2.12/v/string_type
2025-12-25 10:22:29,506 - main - ERROR - Unhandled exception: 2 validation errors for TokenData
user_id
  Input should be a valid integer, unable to parse string as an integer [type=int_parsing, input_value='admin', input_type=str]
    For further information visit https://errors.pydantic.dev/2.12/v/int_parsing
username
  Input should be a valid string [type=string_type, input_value=None, input_type=NoneType]
    For further information visit https://errors.pydantic.dev/2.12/v/string_type
Traceback (most recent call last):
  File "C:\Users\LaptopHL\AppData\Local\Programs\Python\Python313\Lib\site-packages\starlette\middleware\errors.py", line 164, in __call__
    await self.app(scope, receive, _send)
  File "C:\Users\LaptopHL\AppData\Local\Programs\Python\Python313\Lib\site-packages\starlette\middleware\gzip.py", line 24, in __call__
    await responder(scope, receive, send)
  File "C:\Users\LaptopHL\AppData\Local\Programs\Python\Python313\Lib\site-packages\starlette\middleware\gzip.py", line 44, in __call__
    await self.app(scope, receive, self.send_with_gzip)
  File "C:\Users\LaptopHL\AppData\Local\Programs\Python\Python313\Lib\site-packages\starlette\middleware\trustedhost.py", line 34, in __call__
    await self.app(scope, receive, send)
  File "C:\Users\LaptopHL\AppData\Local\Programs\Python\Python313\Lib\site-packages\starlette\middleware\cors.py", line 83, in __call__
    await self.app(scope, receive, send)
  File "C:\Users\LaptopHL\AppData\Local\Programs\Python\Python313\Lib\site-packages\starlette\middleware\exceptions.py", line 62, in __call__
    await wrap_app_handling_exceptions(self.app, conn)(scope, receive, send)
  File "C:\Users\LaptopHL\AppData\Local\Programs\Python\Python313\Lib\site-packages\starlette\_exception_handler.py", line 64, in wrapped_app
    raise exc
  File "C:\Users\LaptopHL\AppData\Local\Programs\Python\Python313\Lib\site-packages\starlette\_exception_handler.py", line 53, in wrapped_app
    await app(scope, receive, sender)
  File "C:\Users\LaptopHL\AppData\Local\Programs\Python\Python313\Lib\site-packages\starlette\routing.py", line 762, in __call__
    await self.middleware_stack(scope, receive, send)
  File "C:\Users\LaptopHL\AppData\Local\Programs\Python\Python313\Lib\site-packages\starlette\routing.py", line 782, in app
    await route.handle(scope, receive, send)
  File "C:\Users\LaptopHL\AppData\Local\Programs\Python\Python313\Lib\site-packages\starlette\routing.py", line 297, in handle
    await self.app(scope, receive, send)
  File "C:\Users\LaptopHL\AppData\Local\Programs\Python\Python313\Lib\site-packages\starlette\routing.py", line 77, in app
    await wrap_app_handling_exceptions(app, request)(scope, receive, send)
  File "C:\Users\LaptopHL\AppData\Local\Programs\Python\Python313\Lib\site-packages\starlette\_exception_handler.py", line 64, in wrapped_app
    raise exc
  File "C:\Users\LaptopHL\AppData\Local\Programs\Python\Python313\Lib\site-packages\starlette\_exception_handler.py", line 53, in wrapped_app
    await app(scope, receive, sender)
  File "C:\Users\LaptopHL\AppData\Local\Programs\Python\Python313\Lib\site-packages\starlette\routing.py", line 72, in app
    response = await func(request)
               ^^^^^^^^^^^^^^^^^^^
  File "C:\Users\LaptopHL\AppData\Local\Programs\Python\Python313\Lib\site-packages\fastapi\routing.py", line 285, in app
    raise e
  File "C:\Users\LaptopHL\AppData\Local\Programs\Python\Python313\Lib\site-packages\fastapi\routing.py", line 275, in app
    solved_result = await solve_dependencies(
                    ^^^^^^^^^^^^^^^^^^^^^^^^^
    ...<5 lines>...
    )
    ^
  File "C:\Users\LaptopHL\AppData\Local\Programs\Python\Python313\Lib\site-packages\fastapi\dependencies\utils.py", line 598, in solve_dependencies
    solved = await call(**sub_values)
             ^^^^^^^^^^^^^^^^^^^^^^^^
  File "C:\Users\LaptopHL\DU_AN\7ty_system\dependencies.py", line 79, in get_current_user
    token_data = TokenData(user_id=user_id, username=payload.get("username"), role=payload.get("role"))
  File "C:\Users\LaptopHL\AppData\Local\Programs\Python\Python313\Lib\site-packages\pydantic\main.py", line 250, in __init__
    validated_self = self.__pydantic_validator__.validate_python(data, self_instance=self)
pydantic_core._pydantic_core.ValidationError: 2 validation errors for TokenData
user_id
  Input should be a valid integer, unable to parse string as an integer [type=int_parsing, input_value='admin', input_type=str]
    For further information visit https://errors.pydantic.dev/2.12/v/int_parsing
username
  Input should be a valid string [type=string_type, input_value=None, input_type=NoneType]
    For further information visit https://errors.pydantic.dev/2.12/v/string_type
2025-12-25 10:22:30,035 - main - ERROR - Unhandled exception: 2 validation errors for TokenData
user_id
  Input should be a valid integer, unable to parse string as an integer [type=int_parsing, input_value='admin', input_type=str]
    For further information visit https://errors.pydantic.dev/2.12/v/int_parsing
username
  Input should be a valid string [type=string_type, input_value=None, input_type=NoneType]
    For further information visit https://errors.pydantic.dev/2.12/v/string_type
Traceback (most recent call last):
  File "C:\Users\LaptopHL\AppData\Local\Programs\Python\Python313\Lib\site-packages\starlette\middleware\errors.py", line 164, in __call__
    await self.app(scope, receive, _send)
  File "C:\Users\LaptopHL\AppData\Local\Programs\Python\Python313\Lib\site-packages\starlette\middleware\gzip.py", line 24, in __call__
    await responder(scope, receive, send)
  File "C:\Users\LaptopHL\AppData\Local\Programs\Python\Python313\Lib\site-packages\starlette\middleware\gzip.py", line 44, in __call__
    await self.app(scope, receive, self.send_with_gzip)
  File "C:\Users\LaptopHL\AppData\Local\Programs\Python\Python313\Lib\site-packages\starlette\middleware\trustedhost.py", line 34, in __call__
    await self.app(scope, receive, send)
  File "C:\Users\LaptopHL\AppData\Local\Programs\Python\Python313\Lib\site-packages\starlette\middleware\cors.py", line 83, in __call__
    await self.app(scope, receive, send)
  File "C:\Users\LaptopHL\AppData\Local\Programs\Python\Python313\Lib\site-packages\starlette\middleware\exceptions.py", line 62, in __call__
    await wrap_app_handling_exceptions(self.app, conn)(scope, receive, send)
  File "C:\Users\LaptopHL\AppData\Local\Programs\Python\Python313\Lib\site-packages\starlette\_exception_handler.py", line 64, in wrapped_app
    raise exc
  File "C:\Users\LaptopHL\AppData\Local\Programs\Python\Python313\Lib\site-packages\starlette\_exception_handler.py", line 53, in wrapped_app
    await app(scope, receive, sender)
  File "C:\Users\LaptopHL\AppData\Local\Programs\Python\Python313\Lib\site-packages\starlette\routing.py", line 762, in __call__
    await self.middleware_stack(scope, receive, send)
  File "C:\Users\LaptopHL\AppData\Local\Programs\Python\Python313\Lib\site-packages\starlette\routing.py", line 782, in app
    await route.handle(scope, receive, send)
  File "C:\Users\LaptopHL\AppData\Local\Programs\Python\Python313\Lib\site-packages\starlette\routing.py", line 297, in handle
    await self.app(scope, receive, send)
  File "C:\Users\LaptopHL\AppData\Local\Programs\Python\Python313\Lib\site-packages\starlette\routing.py", line 77, in app
    await wrap_app_handling_exceptions(app, request)(scope, receive, send)
  File "C:\Users\LaptopHL\AppData\Local\Programs\Python\Python313\Lib\site-packages\starlette\_exception_handler.py", line 64, in wrapped_app
    raise exc
  File "C:\Users\LaptopHL\AppData\Local\Programs\Python\Python313\Lib\site-packages\starlette\_exception_handler.py", line 53, in wrapped_app
    await app(scope, receive, sender)
  File "C:\Users\LaptopHL\AppData\Local\Programs\Python\Python313\Lib\site-packages\starlette\routing.py", line 72, in app
    response = await func(request)
               ^^^^^^^^^^^^^^^^^^^
  File "C:\Users\LaptopHL\AppData\Local\Programs\Python\Python313\Lib\site-packages\fastapi\routing.py", line 285, in app
    raise e
  File "C:\Users\LaptopHL\AppData\Local\Programs\Python\Python313\Lib\site-packages\fastapi\routing.py", line 275, in app
    solved_result = await solve_dependencies(
                    ^^^^^^^^^^^^^^^^^^^^^^^^^
    ...<5 lines>...
    )
    ^
  File "C:\Users\LaptopHL\AppData\Local\Programs\Python\Python313\Lib\site-packages\fastapi\dependencies\utils.py", line 570, in solve_dependencies
    solved_result = await solve_dependencies(
                    ^^^^^^^^^^^^^^^^^^^^^^^^^
    ...<8 lines>...
    )
    ^
  File "C:\Users\LaptopHL\AppData\Local\Programs\Python\Python313\Lib\site-packages\fastapi\dependencies\utils.py", line 598, in solve_dependencies
    solved = await call(**sub_values)
             ^^^^^^^^^^^^^^^^^^^^^^^^
  File "C:\Users\LaptopHL\DU_AN\7ty_system\dependencies.py", line 79, in get_current_user
    token_data = TokenData(user_id=user_id, username=payload.get("username"), role=payload.get("role"))
  File "C:\Users\LaptopHL\AppData\Local\Programs\Python\Python313\Lib\site-packages\pydantic\main.py", line 250, in __init__
    validated_self = self.__pydantic_validator__.validate_python(data, self_instance=self)
pydantic_core._pydantic_core.ValidationError: 2 validation errors for TokenData
user_id
  Input should be a valid integer, unable to parse string as an integer [type=int_parsing, input_value='admin', input_type=str]
    For further information visit https://errors.pydantic.dev/2.12/v/int_parsing
username
  Input should be a valid string [type=string_type, input_value=None, input_type=NoneType]
    For further information visit https://errors.pydantic.dev/2.12/v/string_type
2025-12-25 10:22:30,065 - main - WARNING - HTTPException: 404 - API endpoint not found
2025-12-25 10:22:53,162 - main - ERROR - Unhandled exception: 2 validation errors for TokenData
user_id
  Input should be a valid integer, unable to parse string as an integer [type=int_parsing, input_value='admin', input_type=str]
    For further information visit https://errors.pydantic.dev/2.12/v/int_parsing
username
  Input should be a valid string [type=string_type, input_value=None, input_type=NoneType]
    For further information visit https://errors.pydantic.dev/2.12/v/string_type
Traceback (most recent call last):
  File "C:\Users\LaptopHL\AppData\Local\Programs\Python\Python313\Lib\site-packages\starlette\middleware\errors.py", line 164, in __call__
    await self.app(scope, receive, _send)
  File "C:\Users\LaptopHL\AppData\Local\Programs\Python\Python313\Lib\site-packages\starlette\middleware\gzip.py", line 24, in __call__
    await responder(scope, receive, send)
  File "C:\Users\LaptopHL\AppData\Local\Programs\Python\Python313\Lib\site-packages\starlette\middleware\gzip.py", line 44, in __call__
    await self.app(scope, receive, self.send_with_gzip)
  File "C:\Users\LaptopHL\AppData\Local\Programs\Python\Python313\Lib\site-packages\starlette\middleware\trustedhost.py", line 34, in __call__
    await self.app(scope, receive, send)
  File "C:\Users\LaptopHL\AppData\Local\Programs\Python\Python313\Lib\site-packages\starlette\middleware\cors.py", line 83, in __call__
    await self.app(scope, receive, send)
  File "C:\Users\LaptopHL\AppData\Local\Programs\Python\Python313\Lib\site-packages\starlette\middleware\exceptions.py", line 62, in __call__
    await wrap_app_handling_exceptions(self.app, conn)(scope, receive, send)
  File "C:\Users\LaptopHL\AppData\Local\Programs\Python\Python313\Lib\site-packages\starlette\_exception_handler.py", line 64, in wrapped_app
    raise exc
  File "C:\Users\LaptopHL\AppData\Local\Programs\Python\Python313\Lib\site-packages\starlette\_exception_handler.py", line 53, in wrapped_app
    await app(scope, receive, sender)
  File "C:\Users\LaptopHL\AppData\Local\Programs\Python\Python313\Lib\site-packages\starlette\routing.py", line 762, in __call__
    await self.middleware_stack(scope, receive, send)
  File "C:\Users\LaptopHL\AppData\Local\Programs\Python\Python313\Lib\site-packages\starlette\routing.py", line 782, in app
    await route.handle(scope, receive, send)
  File "C:\Users\LaptopHL\AppData\Local\Programs\Python\Python313\Lib\site-packages\starlette\routing.py", line 297, in handle
    await self.app(scope, receive, send)
  File "C:\Users\LaptopHL\AppData\Local\Programs\Python\Python313\Lib\site-packages\starlette\routing.py", line 77, in app
    await wrap_app_handling_exceptions(app, request)(scope, receive, send)
  File "C:\Users\LaptopHL\AppData\Local\Programs\Python\Python313\Lib\site-packages\starlette\_exception_handler.py", line 64, in wrapped_app
    raise exc
  File "C:\Users\LaptopHL\AppData\Local\Programs\Python\Python313\Lib\site-packages\starlette\_exception_handler.py", line 53, in wrapped_app
    await app(scope, receive, sender)
  File "C:\Users\LaptopHL\AppData\Local\Programs\Python\Python313\Lib\site-packages\starlette\routing.py", line 72, in app
    response = await func(request)
               ^^^^^^^^^^^^^^^^^^^
  File "C:\Users\LaptopHL\AppData\Local\Programs\Python\Python313\Lib\site-packages\fastapi\routing.py", line 285, in app
    raise e
  File "C:\Users\LaptopHL\AppData\Local\Programs\Python\Python313\Lib\site-packages\fastapi\routing.py", line 275, in app
    solved_result = await solve_dependencies(
                    ^^^^^^^^^^^^^^^^^^^^^^^^^
    ...<5 lines>...
    )
    ^
  File "C:\Users\LaptopHL\AppData\Local\Programs\Python\Python313\Lib\site-packages\fastapi\dependencies\utils.py", line 598, in solve_dependencies
    solved = await call(**sub_values)
             ^^^^^^^^^^^^^^^^^^^^^^^^
  File "C:\Users\LaptopHL\DU_AN\7ty_system\dependencies.py", line 79, in get_current_user
    token_data = TokenData(user_id=user_id, username=payload.get("username"), role=payload.get("role"))
  File "C:\Users\LaptopHL\AppData\Local\Programs\Python\Python313\Lib\site-packages\pydantic\main.py", line 250, in __init__
    validated_self = self.__pydantic_validator__.validate_python(data, self_instance=self)
pydantic_core._pydantic_core.ValidationError: 2 validation errors for TokenData
user_id
  Input should be a valid integer, unable to parse string as an integer [type=int_parsing, input_value='admin', input_type=str]
    For further information visit https://errors.pydantic.dev/2.12/v/int_parsing
username
  Input should be a valid string [type=string_type, input_value=None, input_type=NoneType]
    For further information visit https://errors.pydantic.dev/2.12/v/string_type
2025-12-25 10:23:16,015 - main - ERROR - Unhandled exception: 2 validation errors for TokenData
user_id
  Input should be a valid integer, unable to parse string as an integer [type=int_parsing, input_value='admin', input_type=str]
    For further information visit https://errors.pydantic.dev/2.12/v/int_parsing
username
  Input should be a valid string [type=string_type, input_value=None, input_type=NoneType]
    For further information visit https://errors.pydantic.dev/2.12/v/string_type
Traceback (most recent call last):
  File "C:\Users\LaptopHL\AppData\Local\Programs\Python\Python313\Lib\site-packages\starlette\middleware\errors.py", line 164, in __call__
    await self.app(scope, receive, _send)
  File "C:\Users\LaptopHL\AppData\Local\Programs\Python\Python313\Lib\site-packages\starlette\middleware\gzip.py", line 24, in __call__
    await responder(scope, receive, send)
  File "C:\Users\LaptopHL\AppData\Local\Programs\Python\Python313\Lib\site-packages\starlette\middleware\gzip.py", line 44, in __call__
    await self.app(scope, receive, self.send_with_gzip)
  File "C:\Users\LaptopHL\AppData\Local\Programs\Python\Python313\Lib\site-packages\starlette\middleware\trustedhost.py", line 34, in __call__
    await self.app(scope, receive, send)
  File "C:\Users\LaptopHL\AppData\Local\Programs\Python\Python313\Lib\site-packages\starlette\middleware\cors.py", line 83, in __call__
    await self.app(scope, receive, send)
  File "C:\Users\LaptopHL\AppData\Local\Programs\Python\Python313\Lib\site-packages\starlette\middleware\exceptions.py", line 62, in __call__
    await wrap_app_handling_exceptions(self.app, conn)(scope, receive, send)
  File "C:\Users\LaptopHL\AppData\Local\Programs\Python\Python313\Lib\site-packages\starlette\_exception_handler.py", line 64, in wrapped_app
    raise exc
  File "C:\Users\LaptopHL\AppData\Local\Programs\Python\Python313\Lib\site-packages\starlette\_exception_handler.py", line 53, in wrapped_app
    await app(scope, receive, sender)
  File "C:\Users\LaptopHL\AppData\Local\Programs\Python\Python313\Lib\site-packages\starlette\routing.py", line 762, in __call__
    await self.middleware_stack(scope, receive, send)
  File "C:\Users\LaptopHL\AppData\Local\Programs\Python\Python313\Lib\site-packages\starlette\routing.py", line 782, in app
    await route.handle(scope, receive, send)
  File "C:\Users\LaptopHL\AppData\Local\Programs\Python\Python313\Lib\site-packages\starlette\routing.py", line 297, in handle
    await self.app(scope, receive, send)
  File "C:\Users\LaptopHL\AppData\Local\Programs\Python\Python313\Lib\site-packages\starlette\routing.py", line 77, in app
    await wrap_app_handling_exceptions(app, request)(scope, receive, send)
  File "C:\Users\LaptopHL\AppData\Local\Programs\Python\Python313\Lib\site-packages\starlette\_exception_handler.py", line 64, in wrapped_app
    raise exc
  File "C:\Users\LaptopHL\AppData\Local\Programs\Python\Python313\Lib\site-packages\starlette\_exception_handler.py", line 53, in wrapped_app
    await app(scope, receive, sender)
  File "C:\Users\LaptopHL\AppData\Local\Programs\Python\Python313\Lib\site-packages\starlette\routing.py", line 72, in app
    response = await func(request)
               ^^^^^^^^^^^^^^^^^^^
  File "C:\Users\LaptopHL\AppData\Local\Programs\Python\Python313\Lib\site-packages\fastapi\routing.py", line 285, in app
    raise e
  File "C:\Users\LaptopHL\AppData\Local\Programs\Python\Python313\Lib\site-packages\fastapi\routing.py", line 275, in app
    solved_result = await solve_dependencies(
                    ^^^^^^^^^^^^^^^^^^^^^^^^^
    ...<5 lines>...
    )
    ^
  File "C:\Users\LaptopHL\AppData\Local\Programs\Python\Python313\Lib\site-packages\fastapi\dependencies\utils.py", line 598, in solve_dependencies
    solved = await call(**sub_values)
             ^^^^^^^^^^^^^^^^^^^^^^^^
  File "C:\Users\LaptopHL\DU_AN\7ty_system\dependencies.py", line 79, in get_current_user
    token_data = TokenData(user_id=user_id, username=payload.get("username"), role=payload.get("role"))
  File "C:\Users\LaptopHL\AppData\Local\Programs\Python\Python313\Lib\site-packages\pydantic\main.py", line 250, in __init__
    validated_self = self.__pydantic_validator__.validate_python(data, self_instance=self)
pydantic_core._pydantic_core.ValidationError: 2 validation errors for TokenData
user_id
  Input should be a valid integer, unable to parse string as an integer [type=int_parsing, input_value='admin', input_type=str]
    For further information visit https://errors.pydantic.dev/2.12/v/int_parsing
username
  Input should be a valid string [type=string_type, input_value=None, input_type=NoneType]
    For further information visit https://errors.pydantic.dev/2.12/v/string_type
2025-12-25 10:23:16,749 - main - ERROR - Unhandled exception: 2 validation errors for TokenData
user_id
  Input should be a valid integer, unable to parse string as an integer [type=int_parsing, input_value='admin', input_type=str]
    For further information visit https://errors.pydantic.dev/2.12/v/int_parsing
username
  Input should be a valid string [type=string_type, input_value=None, input_type=NoneType]
    For further information visit https://errors.pydantic.dev/2.12/v/string_type
Traceback (most recent call last):
  File "C:\Users\LaptopHL\AppData\Local\Programs\Python\Python313\Lib\site-packages\starlette\middleware\errors.py", line 164, in __call__
    await self.app(scope, receive, _send)
  File "C:\Users\LaptopHL\AppData\Local\Programs\Python\Python313\Lib\site-packages\starlette\middleware\gzip.py", line 24, in __call__
    await responder(scope, receive, send)
  File "C:\Users\LaptopHL\AppData\Local\Programs\Python\Python313\Lib\site-packages\starlette\middleware\gzip.py", line 44, in __call__
    await self.app(scope, receive, self.send_with_gzip)
  File "C:\Users\LaptopHL\AppData\Local\Programs\Python\Python313\Lib\site-packages\starlette\middleware\trustedhost.py", line 34, in __call__
    await self.app(scope, receive, send)
  File "C:\Users\LaptopHL\AppData\Local\Programs\Python\Python313\Lib\site-packages\starlette\middleware\cors.py", line 83, in __call__
    await self.app(scope, receive, send)
  File "C:\Users\LaptopHL\AppData\Local\Programs\Python\Python313\Lib\site-packages\starlette\middleware\exceptions.py", line 62, in __call__
    await wrap_app_handling_exceptions(self.app, conn)(scope, receive, send)
  File "C:\Users\LaptopHL\AppData\Local\Programs\Python\Python313\Lib\site-packages\starlette\_exception_handler.py", line 64, in wrapped_app
    raise exc
  File "C:\Users\LaptopHL\AppData\Local\Programs\Python\Python313\Lib\site-packages\starlette\_exception_handler.py", line 53, in wrapped_app
    await app(scope, receive, sender)
  File "C:\Users\LaptopHL\AppData\Local\Programs\Python\Python313\Lib\site-packages\starlette\routing.py", line 762, in __call__
    await self.middleware_stack(scope, receive, send)
  File "C:\Users\LaptopHL\AppData\Local\Programs\Python\Python313\Lib\site-packages\starlette\routing.py", line 782, in app
    await route.handle(scope, receive, send)
  File "C:\Users\LaptopHL\AppData\Local\Programs\Python\Python313\Lib\site-packages\starlette\routing.py", line 297, in handle
    await self.app(scope, receive, send)
  File "C:\Users\LaptopHL\AppData\Local\Programs\Python\Python313\Lib\site-packages\starlette\routing.py", line 77, in app
    await wrap_app_handling_exceptions(app, request)(scope, receive, send)
  File "C:\Users\LaptopHL\AppData\Local\Programs\Python\Python313\Lib\site-packages\starlette\_exception_handler.py", line 64, in wrapped_app
    raise exc
  File "C:\Users\LaptopHL\AppData\Local\Programs\Python\Python313\Lib\site-packages\starlette\_exception_handler.py", line 53, in wrapped_app
    await app(scope, receive, sender)
  File "C:\Users\LaptopHL\AppData\Local\Programs\Python\Python313\Lib\site-packages\starlette\routing.py", line 72, in app
    response = await func(request)
               ^^^^^^^^^^^^^^^^^^^
  File "C:\Users\LaptopHL\AppData\Local\Programs\Python\Python313\Lib\site-packages\fastapi\routing.py", line 285, in app
    raise e
  File "C:\Users\LaptopHL\AppData\Local\Programs\Python\Python313\Lib\site-packages\fastapi\routing.py", line 275, in app
    solved_result = await solve_dependencies(
                    ^^^^^^^^^^^^^^^^^^^^^^^^^
    ...<5 lines>...
    )
    ^
  File "C:\Users\LaptopHL\AppData\Local\Programs\Python\Python313\Lib\site-packages\fastapi\dependencies\utils.py", line 598, in solve_dependencies
    solved = await call(**sub_values)
             ^^^^^^^^^^^^^^^^^^^^^^^^
  File "C:\Users\LaptopHL\DU_AN\7ty_system\dependencies.py", line 79, in get_current_user
    token_data = TokenData(user_id=user_id, username=payload.get("username"), role=payload.get("role"))
  File "C:\Users\LaptopHL\AppData\Local\Programs\Python\Python313\Lib\site-packages\pydantic\main.py", line 250, in __init__
    validated_self = self.__pydantic_validator__.validate_python(data, self_instance=self)
pydantic_core._pydantic_core.ValidationError: 2 validation errors for TokenData
user_id
  Input should be a valid integer, unable to parse string as an integer [type=int_parsing, input_value='admin', input_type=str]
    For further information visit https://errors.pydantic.dev/2.12/v/int_parsing
username
  Input should be a valid string [type=string_type, input_value=None, input_type=NoneType]
    For further information visit https://errors.pydantic.dev/2.12/v/string_type
2025-12-25 10:23:23,512 - main - ERROR - Unhandled exception: 2 validation errors for TokenData
user_id
  Input should be a valid integer, unable to parse string as an integer [type=int_parsing, input_value='admin', input_type=str]
    For further information visit https://errors.pydantic.dev/2.12/v/int_parsing
username
  Input should be a valid string [type=string_type, input_value=None, input_type=NoneType]
    For further information visit https://errors.pydantic.dev/2.12/v/string_type
Traceback (most recent call last):
  File "C:\Users\LaptopHL\AppData\Local\Programs\Python\Python313\Lib\site-packages\starlette\middleware\errors.py", line 164, in __call__
    await self.app(scope, receive, _send)
  File "C:\Users\LaptopHL\AppData\Local\Programs\Python\Python313\Lib\site-packages\starlette\middleware\gzip.py", line 24, in __call__
    await responder(scope, receive, send)
  File "C:\Users\LaptopHL\AppData\Local\Programs\Python\Python313\Lib\site-packages\starlette\middleware\gzip.py", line 44, in __call__
    await self.app(scope, receive, self.send_with_gzip)
  File "C:\Users\LaptopHL\AppData\Local\Programs\Python\Python313\Lib\site-packages\starlette\middleware\trustedhost.py", line 34, in __call__
    await self.app(scope, receive, send)
  File "C:\Users\LaptopHL\AppData\Local\Programs\Python\Python313\Lib\site-packages\starlette\middleware\cors.py", line 83, in __call__
    await self.app(scope, receive, send)
  File "C:\Users\LaptopHL\AppData\Local\Programs\Python\Python313\Lib\site-packages\starlette\middleware\exceptions.py", line 62, in __call__
    await wrap_app_handling_exceptions(self.app, conn)(scope, receive, send)
  File "C:\Users\LaptopHL\AppData\Local\Programs\Python\Python313\Lib\site-packages\starlette\_exception_handler.py", line 64, in wrapped_app
    raise exc
  File "C:\Users\LaptopHL\AppData\Local\Programs\Python\Python313\Lib\site-packages\starlette\_exception_handler.py", line 53, in wrapped_app
    await app(scope, receive, sender)
  File "C:\Users\LaptopHL\AppData\Local\Programs\Python\Python313\Lib\site-packages\starlette\routing.py", line 762, in __call__
    await self.middleware_stack(scope, receive, send)
  File "C:\Users\LaptopHL\AppData\Local\Programs\Python\Python313\Lib\site-packages\starlette\routing.py", line 782, in app
    await route.handle(scope, receive, send)
  File "C:\Users\LaptopHL\AppData\Local\Programs\Python\Python313\Lib\site-packages\starlette\routing.py", line 297, in handle
    await self.app(scope, receive, send)
  File "C:\Users\LaptopHL\AppData\Local\Programs\Python\Python313\Lib\site-packages\starlette\routing.py", line 77, in app
    await wrap_app_handling_exceptions(app, request)(scope, receive, send)
  File "C:\Users\LaptopHL\AppData\Local\Programs\Python\Python313\Lib\site-packages\starlette\_exception_handler.py", line 64, in wrapped_app
    raise exc
  File "C:\Users\LaptopHL\AppData\Local\Programs\Python\Python313\Lib\site-packages\starlette\_exception_handler.py", line 53, in wrapped_app
    await app(scope, receive, sender)
  File "C:\Users\LaptopHL\AppData\Local\Programs\Python\Python313\Lib\site-packages\starlette\routing.py", line 72, in app
    response = await func(request)
               ^^^^^^^^^^^^^^^^^^^
  File "C:\Users\LaptopHL\AppData\Local\Programs\Python\Python313\Lib\site-packages\fastapi\routing.py", line 285, in app
    raise e
  File "C:\Users\LaptopHL\AppData\Local\Programs\Python\Python313\Lib\site-packages\fastapi\routing.py", line 275, in app
    solved_result = await solve_dependencies(
                    ^^^^^^^^^^^^^^^^^^^^^^^^^
    ...<5 lines>...
    )
    ^
  File "C:\Users\LaptopHL\AppData\Local\Programs\Python\Python313\Lib\site-packages\fastapi\dependencies\utils.py", line 598, in solve_dependencies
    solved = await call(**sub_values)
             ^^^^^^^^^^^^^^^^^^^^^^^^
  File "C:\Users\LaptopHL\DU_AN\7ty_system\dependencies.py", line 79, in get_current_user
    token_data = TokenData(user_id=user_id, username=payload.get("username"), role=payload.get("role"))
  File "C:\Users\LaptopHL\AppData\Local\Programs\Python\Python313\Lib\site-packages\pydantic\main.py", line 250, in __init__
    validated_self = self.__pydantic_validator__.validate_python(data, self_instance=self)
pydantic_core._pydantic_core.ValidationError: 2 validation errors for TokenData
user_id
  Input should be a valid integer, unable to parse string as an integer [type=int_parsing, input_value='admin', input_type=str]
    For further information visit https://errors.pydantic.dev/2.12/v/int_parsing
username
  Input should be a valid string [type=string_type, input_value=None, input_type=NoneType]
    For further information visit https://errors.pydantic.dev/2.12/v/string_type
2025-12-25 10:23:24,009 - main - ERROR - Unhandled exception: 2 validation errors for TokenData
user_id
  Input should be a valid integer, unable to parse string as an integer [type=int_parsing, input_value='admin', input_type=str]
    For further information visit https://errors.pydantic.dev/2.12/v/int_parsing
username
  Input should be a valid string [type=string_type, input_value=None, input_type=NoneType]
    For further information visit https://errors.pydantic.dev/2.12/v/string_type
Traceback (most recent call last):
  File "C:\Users\LaptopHL\AppData\Local\Programs\Python\Python313\Lib\site-packages\starlette\middleware\errors.py", line 164, in __call__
    await self.app(scope, receive, _send)
  File "C:\Users\LaptopHL\AppData\Local\Programs\Python\Python313\Lib\site-packages\starlette\middleware\gzip.py", line 24, in __call__
    await responder(scope, receive, send)
  File "C:\Users\LaptopHL\AppData\Local\Programs\Python\Python313\Lib\site-packages\starlette\middleware\gzip.py", line 44, in __call__
    await self.app(scope, receive, self.send_with_gzip)
  File "C:\Users\LaptopHL\AppData\Local\Programs\Python\Python313\Lib\site-packages\starlette\middleware\trustedhost.py", line 34, in __call__
    await self.app(scope, receive, send)
  File "C:\Users\LaptopHL\AppData\Local\Programs\Python\Python313\Lib\site-packages\starlette\middleware\cors.py", line 83, in __call__
    await self.app(scope, receive, send)
  File "C:\Users\LaptopHL\AppData\Local\Programs\Python\Python313\Lib\site-packages\starlette\middleware\exceptions.py", line 62, in __call__
    await wrap_app_handling_exceptions(self.app, conn)(scope, receive, send)
  File "C:\Users\LaptopHL\AppData\Local\Programs\Python\Python313\Lib\site-packages\starlette\_exception_handler.py", line 64, in wrapped_app
    raise exc
  File "C:\Users\LaptopHL\AppData\Local\Programs\Python\Python313\Lib\site-packages\starlette\_exception_handler.py", line 53, in wrapped_app
    await app(scope, receive, sender)
  File "C:\Users\LaptopHL\AppData\Local\Programs\Python\Python313\Lib\site-packages\starlette\routing.py", line 762, in __call__
    await self.middleware_stack(scope, receive, send)
  File "C:\Users\LaptopHL\AppData\Local\Programs\Python\Python313\Lib\site-packages\starlette\routing.py", line 782, in app
    await route.handle(scope, receive, send)
  File "C:\Users\LaptopHL\AppData\Local\Programs\Python\Python313\Lib\site-packages\starlette\routing.py", line 297, in handle
    await self.app(scope, receive, send)
  File "C:\Users\LaptopHL\AppData\Local\Programs\Python\Python313\Lib\site-packages\starlette\routing.py", line 77, in app
    await wrap_app_handling_exceptions(app, request)(scope, receive, send)
  File "C:\Users\LaptopHL\AppData\Local\Programs\Python\Python313\Lib\site-packages\starlette\_exception_handler.py", line 64, in wrapped_app
    raise exc
  File "C:\Users\LaptopHL\AppData\Local\Programs\Python\Python313\Lib\site-packages\starlette\_exception_handler.py", line 53, in wrapped_app
    await app(scope, receive, sender)
  File "C:\Users\LaptopHL\AppData\Local\Programs\Python\Python313\Lib\site-packages\starlette\routing.py", line 72, in app
    response = await func(request)
               ^^^^^^^^^^^^^^^^^^^
  File "C:\Users\LaptopHL\AppData\Local\Programs\Python\Python313\Lib\site-packages\fastapi\routing.py", line 285, in app
    raise e
  File "C:\Users\LaptopHL\AppData\Local\Programs\Python\Python313\Lib\site-packages\fastapi\routing.py", line 275, in app
    solved_result = await solve_dependencies(
                    ^^^^^^^^^^^^^^^^^^^^^^^^^
    ...<5 lines>...
    )
    ^
  File "C:\Users\LaptopHL\AppData\Local\Programs\Python\Python313\Lib\site-packages\fastapi\dependencies\utils.py", line 598, in solve_dependencies
    solved = await call(**sub_values)
             ^^^^^^^^^^^^^^^^^^^^^^^^
  File "C:\Users\LaptopHL\DU_AN\7ty_system\dependencies.py", line 79, in get_current_user
    token_data = TokenData(user_id=user_id, username=payload.get("username"), role=payload.get("role"))
  File "C:\Users\LaptopHL\AppData\Local\Programs\Python\Python313\Lib\site-packages\pydantic\main.py", line 250, in __init__
    validated_self = self.__pydantic_validator__.validate_python(data, self_instance=self)
pydantic_core._pydantic_core.ValidationError: 2 validation errors for TokenData
user_id
  Input should be a valid integer, unable to parse string as an integer [type=int_parsing, input_value='admin', input_type=str]
    For further information visit https://errors.pydantic.dev/2.12/v/int_parsing
username
  Input should be a valid string [type=string_type, input_value=None, input_type=NoneType]
    For further information visit https://errors.pydantic.dev/2.12/v/string_type
2025-12-25 10:23:31,483 - main - ERROR - Unhandled exception: 2 validation errors for TokenData
user_id
  Input should be a valid integer, unable to parse string as an integer [type=int_parsing, input_value='admin', input_type=str]
    For further information visit https://errors.pydantic.dev/2.12/v/int_parsing
username
  Input should be a valid string [type=string_type, input_value=None, input_type=NoneType]
    For further information visit https://errors.pydantic.dev/2.12/v/string_type
Traceback (most recent call last):
  File "C:\Users\LaptopHL\AppData\Local\Programs\Python\Python313\Lib\site-packages\starlette\middleware\errors.py", line 164, in __call__
    await self.app(scope, receive, _send)
  File "C:\Users\LaptopHL\AppData\Local\Programs\Python\Python313\Lib\site-packages\starlette\middleware\gzip.py", line 24, in __call__
    await responder(scope, receive, send)
  File "C:\Users\LaptopHL\AppData\Local\Programs\Python\Python313\Lib\site-packages\starlette\middleware\gzip.py", line 44, in __call__
    await self.app(scope, receive, self.send_with_gzip)
  File "C:\Users\LaptopHL\AppData\Local\Programs\Python\Python313\Lib\site-packages\starlette\middleware\trustedhost.py", line 34, in __call__
    await self.app(scope, receive, send)
  File "C:\Users\LaptopHL\AppData\Local\Programs\Python\Python313\Lib\site-packages\starlette\middleware\cors.py", line 83, in __call__
    await self.app(scope, receive, send)
  File "C:\Users\LaptopHL\AppData\Local\Programs\Python\Python313\Lib\site-packages\starlette\middleware\exceptions.py", line 62, in __call__
    await wrap_app_handling_exceptions(self.app, conn)(scope, receive, send)
  File "C:\Users\LaptopHL\AppData\Local\Programs\Python\Python313\Lib\site-packages\starlette\_exception_handler.py", line 64, in wrapped_app
    raise exc
  File "C:\Users\LaptopHL\AppData\Local\Programs\Python\Python313\Lib\site-packages\starlette\_exception_handler.py", line 53, in wrapped_app
    await app(scope, receive, sender)
  File "C:\Users\LaptopHL\AppData\Local\Programs\Python\Python313\Lib\site-packages\starlette\routing.py", line 762, in __call__
    await self.middleware_stack(scope, receive, send)
  File "C:\Users\LaptopHL\AppData\Local\Programs\Python\Python313\Lib\site-packages\starlette\routing.py", line 782, in app
    await route.handle(scope, receive, send)
  File "C:\Users\LaptopHL\AppData\Local\Programs\Python\Python313\Lib\site-packages\starlette\routing.py", line 297, in handle
    await self.app(scope, receive, send)
  File "C:\Users\LaptopHL\AppData\Local\Programs\Python\Python313\Lib\site-packages\starlette\routing.py", line 77, in app
    await wrap_app_handling_exceptions(app, request)(scope, receive, send)
  File "C:\Users\LaptopHL\AppData\Local\Programs\Python\Python313\Lib\site-packages\starlette\_exception_handler.py", line 64, in wrapped_app
    raise exc
  File "C:\Users\LaptopHL\AppData\Local\Programs\Python\Python313\Lib\site-packages\starlette\_exception_handler.py", line 53, in wrapped_app
    await app(scope, receive, sender)
  File "C:\Users\LaptopHL\AppData\Local\Programs\Python\Python313\Lib\site-packages\starlette\routing.py", line 72, in app
    response = await func(request)
               ^^^^^^^^^^^^^^^^^^^
  File "C:\Users\LaptopHL\AppData\Local\Programs\Python\Python313\Lib\site-packages\fastapi\routing.py", line 285, in app
    raise e
  File "C:\Users\LaptopHL\AppData\Local\Programs\Python\Python313\Lib\site-packages\fastapi\routing.py", line 275, in app
    solved_result = await solve_dependencies(
                    ^^^^^^^^^^^^^^^^^^^^^^^^^
    ...<5 lines>...
    )
    ^
  File "C:\Users\LaptopHL\AppData\Local\Programs\Python\Python313\Lib\site-packages\fastapi\dependencies\utils.py", line 598, in solve_dependencies
    solved = await call(**sub_values)
             ^^^^^^^^^^^^^^^^^^^^^^^^
  File "C:\Users\LaptopHL\DU_AN\7ty_system\dependencies.py", line 79, in get_current_user
    token_data = TokenData(user_id=user_id, username=payload.get("username"), role=payload.get("role"))
  File "C:\Users\LaptopHL\AppData\Local\Programs\Python\Python313\Lib\site-packages\pydantic\main.py", line 250, in __init__
    validated_self = self.__pydantic_validator__.validate_python(data, self_instance=self)
pydantic_core._pydantic_core.ValidationError: 2 validation errors for TokenData
user_id
  Input should be a valid integer, unable to parse string as an integer [type=int_parsing, input_value='admin', input_type=str]
    For further information visit https://errors.pydantic.dev/2.12/v/int_parsing
username
  Input should be a valid string [type=string_type, input_value=None, input_type=NoneType]
    For further information visit https://errors.pydantic.dev/2.12/v/string_type
2025-12-25 10:25:44,249 - main - ERROR - Unhandled exception: 2 validation errors for TokenData
user_id
  Input should be a valid integer, unable to parse string as an integer [type=int_parsing, input_value='admin', input_type=str]
    For further information visit https://errors.pydantic.dev/2.12/v/int_parsing
username
  Input should be a valid string [type=string_type, input_value=None, input_type=NoneType]
    For further information visit https://errors.pydantic.dev/2.12/v/string_type
Traceback (most recent call last):
  File "C:\Users\LaptopHL\AppData\Local\Programs\Python\Python313\Lib\site-packages\starlette\middleware\errors.py", line 164, in __call__
    await self.app(scope, receive, _send)
  File "C:\Users\LaptopHL\AppData\Local\Programs\Python\Python313\Lib\site-packages\starlette\middleware\gzip.py", line 24, in __call__
    await responder(scope, receive, send)
  File "C:\Users\LaptopHL\AppData\Local\Programs\Python\Python313\Lib\site-packages\starlette\middleware\gzip.py", line 44, in __call__
    await self.app(scope, receive, self.send_with_gzip)
  File "C:\Users\LaptopHL\AppData\Local\Programs\Python\Python313\Lib\site-packages\starlette\middleware\trustedhost.py", line 34, in __call__
    await self.app(scope, receive, send)
  File "C:\Users\LaptopHL\AppData\Local\Programs\Python\Python313\Lib\site-packages\starlette\middleware\cors.py", line 83, in __call__
    await self.app(scope, receive, send)
  File "C:\Users\LaptopHL\AppData\Local\Programs\Python\Python313\Lib\site-packages\starlette\middleware\exceptions.py", line 62, in __call__
    await wrap_app_handling_exceptions(self.app, conn)(scope, receive, send)
  File "C:\Users\LaptopHL\AppData\Local\Programs\Python\Python313\Lib\site-packages\starlette\_exception_handler.py", line 64, in wrapped_app
    raise exc
  File "C:\Users\LaptopHL\AppData\Local\Programs\Python\Python313\Lib\site-packages\starlette\_exception_handler.py", line 53, in wrapped_app
    await app(scope, receive, sender)
  File "C:\Users\LaptopHL\AppData\Local\Programs\Python\Python313\Lib\site-packages\starlette\routing.py", line 762, in __call__
    await self.middleware_stack(scope, receive, send)
  File "C:\Users\LaptopHL\AppData\Local\Programs\Python\Python313\Lib\site-packages\starlette\routing.py", line 782, in app
    await route.handle(scope, receive, send)
  File "C:\Users\LaptopHL\AppData\Local\Programs\Python\Python313\Lib\site-packages\starlette\routing.py", line 297, in handle
    await self.app(scope, receive, send)
  File "C:\Users\LaptopHL\AppData\Local\Programs\Python\Python313\Lib\site-packages\starlette\routing.py", line 77, in app
    await wrap_app_handling_exceptions(app, request)(scope, receive, send)
  File "C:\Users\LaptopHL\AppData\Local\Programs\Python\Python313\Lib\site-packages\starlette\_exception_handler.py", line 64, in wrapped_app
    raise exc
  File "C:\Users\LaptopHL\AppData\Local\Programs\Python\Python313\Lib\site-packages\starlette\_exception_handler.py", line 53, in wrapped_app
    await app(scope, receive, sender)
  File "C:\Users\LaptopHL\AppData\Local\Programs\Python\Python313\Lib\site-packages\starlette\routing.py", line 72, in app
    response = await func(request)
               ^^^^^^^^^^^^^^^^^^^
  File "C:\Users\LaptopHL\AppData\Local\Programs\Python\Python313\Lib\site-packages\fastapi\routing.py", line 285, in app
    raise e
  File "C:\Users\LaptopHL\AppData\Local\Programs\Python\Python313\Lib\site-packages\fastapi\routing.py", line 275, in app
    solved_result = await solve_dependencies(
                    ^^^^^^^^^^^^^^^^^^^^^^^^^
    ...<5 lines>...
    )
    ^
  File "C:\Users\LaptopHL\AppData\Local\Programs\Python\Python313\Lib\site-packages\fastapi\dependencies\utils.py", line 598, in solve_dependencies
    solved = await call(**sub_values)
             ^^^^^^^^^^^^^^^^^^^^^^^^
  File "C:\Users\LaptopHL\DU_AN\7ty_system\dependencies.py", line 79, in get_current_user
    token_data = TokenData(user_id=user_id, username=payload.get("username"), role=payload.get("role"))
  File "C:\Users\LaptopHL\AppData\Local\Programs\Python\Python313\Lib\site-packages\pydantic\main.py", line 250, in __init__
    validated_self = self.__pydantic_validator__.validate_python(data, self_instance=self)
pydantic_core._pydantic_core.ValidationError: 2 validation errors for TokenData
user_id
  Input should be a valid integer, unable to parse string as an integer [type=int_parsing, input_value='admin', input_type=str]
    For further information visit https://errors.pydantic.dev/2.12/v/int_parsing
username
  Input should be a valid string [type=string_type, input_value=None, input_type=NoneType]
    For further information visit https://errors.pydantic.dev/2.12/v/string_type
2025-12-25 10:25:45,560 - main - ERROR - Unhandled exception: 2 validation errors for TokenData
user_id
  Input should be a valid integer, unable to parse string as an integer [type=int_parsing, input_value='admin', input_type=str]
    For further information visit https://errors.pydantic.dev/2.12/v/int_parsing
username
  Input should be a valid string [type=string_type, input_value=None, input_type=NoneType]
    For further information visit https://errors.pydantic.dev/2.12/v/string_type
Traceback (most recent call last):
  File "C:\Users\LaptopHL\AppData\Local\Programs\Python\Python313\Lib\site-packages\starlette\middleware\errors.py", line 164, in __call__
    await self.app(scope, receive, _send)
  File "C:\Users\LaptopHL\AppData\Local\Programs\Python\Python313\Lib\site-packages\starlette\middleware\gzip.py", line 24, in __call__
    await responder(scope, receive, send)
  File "C:\Users\LaptopHL\AppData\Local\Programs\Python\Python313\Lib\site-packages\starlette\middleware\gzip.py", line 44, in __call__
    await self.app(scope, receive, self.send_with_gzip)
  File "C:\Users\LaptopHL\AppData\Local\Programs\Python\Python313\Lib\site-packages\starlette\middleware\trustedhost.py", line 34, in __call__
    await self.app(scope, receive, send)
  File "C:\Users\LaptopHL\AppData\Local\Programs\Python\Python313\Lib\site-packages\starlette\middleware\cors.py", line 83, in __call__
    await self.app(scope, receive, send)
  File "C:\Users\LaptopHL\AppData\Local\Programs\Python\Python313\Lib\site-packages\starlette\middleware\exceptions.py", line 62, in __call__
    await wrap_app_handling_exceptions(self.app, conn)(scope, receive, send)
  File "C:\Users\LaptopHL\AppData\Local\Programs\Python\Python313\Lib\site-packages\starlette\_exception_handler.py", line 64, in wrapped_app
    raise exc
  File "C:\Users\LaptopHL\AppData\Local\Programs\Python\Python313\Lib\site-packages\starlette\_exception_handler.py", line 53, in wrapped_app
    await app(scope, receive, sender)
  File "C:\Users\LaptopHL\AppData\Local\Programs\Python\Python313\Lib\site-packages\starlette\routing.py", line 762, in __call__
    await self.middleware_stack(scope, receive, send)
  File "C:\Users\LaptopHL\AppData\Local\Programs\Python\Python313\Lib\site-packages\starlette\routing.py", line 782, in app
    await route.handle(scope, receive, send)
  File "C:\Users\LaptopHL\AppData\Local\Programs\Python\Python313\Lib\site-packages\starlette\routing.py", line 297, in handle
    await self.app(scope, receive, send)
  File "C:\Users\LaptopHL\AppData\Local\Programs\Python\Python313\Lib\site-packages\starlette\routing.py", line 77, in app
    await wrap_app_handling_exceptions(app, request)(scope, receive, send)
  File "C:\Users\LaptopHL\AppData\Local\Programs\Python\Python313\Lib\site-packages\starlette\_exception_handler.py", line 64, in wrapped_app
    raise exc
  File "C:\Users\LaptopHL\AppData\Local\Programs\Python\Python313\Lib\site-packages\starlette\_exception_handler.py", line 53, in wrapped_app
    await app(scope, receive, sender)
  File "C:\Users\LaptopHL\AppData\Local\Programs\Python\Python313\Lib\site-packages\starlette\routing.py", line 72, in app
    response = await func(request)
               ^^^^^^^^^^^^^^^^^^^
  File "C:\Users\LaptopHL\AppData\Local\Programs\Python\Python313\Lib\site-packages\fastapi\routing.py", line 285, in app
    raise e
  File "C:\Users\LaptopHL\AppData\Local\Programs\Python\Python313\Lib\site-packages\fastapi\routing.py", line 275, in app
    solved_result = await solve_dependencies(
                    ^^^^^^^^^^^^^^^^^^^^^^^^^
    ...<5 lines>...
    )
    ^
  File "C:\Users\LaptopHL\AppData\Local\Programs\Python\Python313\Lib\site-packages\fastapi\dependencies\utils.py", line 598, in solve_dependencies
    solved = await call(**sub_values)
             ^^^^^^^^^^^^^^^^^^^^^^^^
  File "C:\Users\LaptopHL\DU_AN\7ty_system\dependencies.py", line 79, in get_current_user
    token_data = TokenData(user_id=user_id, username=payload.get("username"), role=payload.get("role"))
  File "C:\Users\LaptopHL\AppData\Local\Programs\Python\Python313\Lib\site-packages\pydantic\main.py", line 250, in __init__
    validated_self = self.__pydantic_validator__.validate_python(data, self_instance=self)
pydantic_core._pydantic_core.ValidationError: 2 validation errors for TokenData
user_id
  Input should be a valid integer, unable to parse string as an integer [type=int_parsing, input_value='admin', input_type=str]
    For further information visit https://errors.pydantic.dev/2.12/v/int_parsing
username
  Input should be a valid string [type=string_type, input_value=None, input_type=NoneType]
    For further information visit https://errors.pydantic.dev/2.12/v/string_type
2025-12-25 10:25:45,920 - main - ERROR - Unhandled exception: 2 validation errors for TokenData
user_id
  Input should be a valid integer, unable to parse string as an integer [type=int_parsing, input_value='admin', input_type=str]
    For further information visit https://errors.pydantic.dev/2.12/v/int_parsing
username
  Input should be a valid string [type=string_type, input_value=None, input_type=NoneType]
    For further information visit https://errors.pydantic.dev/2.12/v/string_type
Traceback (most recent call last):
  File "C:\Users\LaptopHL\AppData\Local\Programs\Python\Python313\Lib\site-packages\starlette\middleware\errors.py", line 164, in __call__
    await self.app(scope, receive, _send)
  File "C:\Users\LaptopHL\AppData\Local\Programs\Python\Python313\Lib\site-packages\starlette\middleware\gzip.py", line 24, in __call__
    await responder(scope, receive, send)
  File "C:\Users\LaptopHL\AppData\Local\Programs\Python\Python313\Lib\site-packages\starlette\middleware\gzip.py", line 44, in __call__
    await self.app(scope, receive, self.send_with_gzip)
  File "C:\Users\LaptopHL\AppData\Local\Programs\Python\Python313\Lib\site-packages\starlette\middleware\trustedhost.py", line 34, in __call__
    await self.app(scope, receive, send)
  File "C:\Users\LaptopHL\AppData\Local\Programs\Python\Python313\Lib\site-packages\starlette\middleware\cors.py", line 83, in __call__
    await self.app(scope, receive, send)
  File "C:\Users\LaptopHL\AppData\Local\Programs\Python\Python313\Lib\site-packages\starlette\middleware\exceptions.py", line 62, in __call__
    await wrap_app_handling_exceptions(self.app, conn)(scope, receive, send)
  File "C:\Users\LaptopHL\AppData\Local\Programs\Python\Python313\Lib\site-packages\starlette\_exception_handler.py", line 64, in wrapped_app
    raise exc
  File "C:\Users\LaptopHL\AppData\Local\Programs\Python\Python313\Lib\site-packages\starlette\_exception_handler.py", line 53, in wrapped_app
    await app(scope, receive, sender)
  File "C:\Users\LaptopHL\AppData\Local\Programs\Python\Python313\Lib\site-packages\starlette\routing.py", line 762, in __call__
    await self.middleware_stack(scope, receive, send)
  File "C:\Users\LaptopHL\AppData\Local\Programs\Python\Python313\Lib\site-packages\starlette\routing.py", line 782, in app
    await route.handle(scope, receive, send)
  File "C:\Users\LaptopHL\AppData\Local\Programs\Python\Python313\Lib\site-packages\starlette\routing.py", line 297, in handle
    await self.app(scope, receive, send)
  File "C:\Users\LaptopHL\AppData\Local\Programs\Python\Python313\Lib\site-packages\starlette\routing.py", line 77, in app
    await wrap_app_handling_exceptions(app, request)(scope, receive, send)
  File "C:\Users\LaptopHL\AppData\Local\Programs\Python\Python313\Lib\site-packages\starlette\_exception_handler.py", line 64, in wrapped_app
    raise exc
  File "C:\Users\LaptopHL\AppData\Local\Programs\Python\Python313\Lib\site-packages\starlette\_exception_handler.py", line 53, in wrapped_app
    await app(scope, receive, sender)
  File "C:\Users\LaptopHL\AppData\Local\Programs\Python\Python313\Lib\site-packages\starlette\routing.py", line 72, in app
    response = await func(request)
               ^^^^^^^^^^^^^^^^^^^
  File "C:\Users\LaptopHL\AppData\Local\Programs\Python\Python313\Lib\site-packages\fastapi\routing.py", line 285, in app
    raise e
  File "C:\Users\LaptopHL\AppData\Local\Programs\Python\Python313\Lib\site-packages\fastapi\routing.py", line 275, in app
    solved_result = await solve_dependencies(
                    ^^^^^^^^^^^^^^^^^^^^^^^^^
    ...<5 lines>...
    )
    ^
  File "C:\Users\LaptopHL\AppData\Local\Programs\Python\Python313\Lib\site-packages\fastapi\dependencies\utils.py", line 598, in solve_dependencies
    solved = await call(**sub_values)
             ^^^^^^^^^^^^^^^^^^^^^^^^
  File "C:\Users\LaptopHL\DU_AN\7ty_system\dependencies.py", line 79, in get_current_user
    token_data = TokenData(user_id=user_id, username=payload.get("username"), role=payload.get("role"))
  File "C:\Users\LaptopHL\AppData\Local\Programs\Python\Python313\Lib\site-packages\pydantic\main.py", line 250, in __init__
    validated_self = self.__pydantic_validator__.validate_python(data, self_instance=self)
pydantic_core._pydantic_core.ValidationError: 2 validation errors for TokenData
user_id
  Input should be a valid integer, unable to parse string as an integer [type=int_parsing, input_value='admin', input_type=str]
    For further information visit https://errors.pydantic.dev/2.12/v/int_parsing
username
  Input should be a valid string [type=string_type, input_value=None, input_type=NoneType]
    For further information visit https://errors.pydantic.dev/2.12/v/string_type
2025-12-25 10:26:10,339 - main - INFO - Shutting down 7TY.VN System...
2025-12-25 10:29:49,037 - main - INFO - Starting 7TY.VN System...
2025-12-25 10:29:49,043 - main - INFO - Database tables created successfully
2025-12-25 10:31:39,829 - routers.auth - INFO - User logged in: admin from 127.0.0.1
2025-12-25 10:31:39,839 - database - ERROR - Database error: [{'type': 'missing', 'loc': ('query', 'func'), 'msg': 'Field required', 'input': None, 'url': 'https://errors.pydantic.dev/2.12/v/missing'}]
2025-12-25 10:31:39,850 - main - ERROR - Unhandled exception: 2 validation errors for TokenData
user_id
  Input should be a valid integer, unable to parse string as an integer [type=int_parsing, input_value='admin', input_type=str]
    For further information visit https://errors.pydantic.dev/2.12/v/int_parsing
username
  Input should be a valid string [type=string_type, input_value=None, input_type=NoneType]
    For further information visit https://errors.pydantic.dev/2.12/v/string_type
Traceback (most recent call last):
  File "C:\Users\LaptopHL\AppData\Local\Programs\Python\Python313\Lib\site-packages\starlette\middleware\errors.py", line 164, in __call__
    await self.app(scope, receive, _send)
  File "C:\Users\LaptopHL\AppData\Local\Programs\Python\Python313\Lib\site-packages\starlette\middleware\gzip.py", line 24, in __call__
    await responder(scope, receive, send)
  File "C:\Users\LaptopHL\AppData\Local\Programs\Python\Python313\Lib\site-packages\starlette\middleware\gzip.py", line 44, in __call__
    await self.app(scope, receive, self.send_with_gzip)
  File "C:\Users\LaptopHL\AppData\Local\Programs\Python\Python313\Lib\site-packages\starlette\middleware\trustedhost.py", line 34, in __call__
    await self.app(scope, receive, send)
  File "C:\Users\LaptopHL\AppData\Local\Programs\Python\Python313\Lib\site-packages\starlette\middleware\cors.py", line 83, in __call__
    await self.app(scope, receive, send)
  File "C:\Users\LaptopHL\AppData\Local\Programs\Python\Python313\Lib\site-packages\starlette\middleware\exceptions.py", line 62, in __call__
    await wrap_app_handling_exceptions(self.app, conn)(scope, receive, send)
  File "C:\Users\LaptopHL\AppData\Local\Programs\Python\Python313\Lib\site-packages\starlette\_exception_handler.py", line 64, in wrapped_app
    raise exc
  File "C:\Users\LaptopHL\AppData\Local\Programs\Python\Python313\Lib\site-packages\starlette\_exception_handler.py", line 53, in wrapped_app
    await app(scope, receive, sender)
  File "C:\Users\LaptopHL\AppData\Local\Programs\Python\Python313\Lib\site-packages\starlette\routing.py", line 762, in __call__
    await self.middleware_stack(scope, receive, send)
  File "C:\Users\LaptopHL\AppData\Local\Programs\Python\Python313\Lib\site-packages\starlette\routing.py", line 782, in app
    await route.handle(scope, receive, send)
  File "C:\Users\LaptopHL\AppData\Local\Programs\Python\Python313\Lib\site-packages\starlette\routing.py", line 297, in handle
    await self.app(scope, receive, send)
  File "C:\Users\LaptopHL\AppData\Local\Programs\Python\Python313\Lib\site-packages\starlette\routing.py", line 77, in app
    await wrap_app_handling_exceptions(app, request)(scope, receive, send)
  File "C:\Users\LaptopHL\AppData\Local\Programs\Python\Python313\Lib\site-packages\starlette\_exception_handler.py", line 64, in wrapped_app
    raise exc
  File "C:\Users\LaptopHL\AppData\Local\Programs\Python\Python313\Lib\site-packages\starlette\_exception_handler.py", line 53, in wrapped_app
    await app(scope, receive, sender)
  File "C:\Users\LaptopHL\AppData\Local\Programs\Python\Python313\Lib\site-packages\starlette\routing.py", line 72, in app
    response = await func(request)
               ^^^^^^^^^^^^^^^^^^^
  File "C:\Users\LaptopHL\AppData\Local\Programs\Python\Python313\Lib\site-packages\fastapi\routing.py", line 285, in app
    raise e
  File "C:\Users\LaptopHL\AppData\Local\Programs\Python\Python313\Lib\site-packages\fastapi\routing.py", line 275, in app
    solved_result = await solve_dependencies(
                    ^^^^^^^^^^^^^^^^^^^^^^^^^
    ...<5 lines>...
    )
    ^
  File "C:\Users\LaptopHL\AppData\Local\Programs\Python\Python313\Lib\site-packages\fastapi\dependencies\utils.py", line 570, in solve_dependencies
    solved_result = await solve_dependencies(
                    ^^^^^^^^^^^^^^^^^^^^^^^^^
    ...<8 lines>...
    )
    ^
  File "C:\Users\LaptopHL\AppData\Local\Programs\Python\Python313\Lib\site-packages\fastapi\dependencies\utils.py", line 598, in solve_dependencies
    solved = await call(**sub_values)
             ^^^^^^^^^^^^^^^^^^^^^^^^
  File "C:\Users\LaptopHL\DU_AN\7ty_system\dependencies.py", line 79, in get_current_user
    token_data = TokenData(user_id=user_id, username=payload.get("username"), role=payload.get("role"))
  File "C:\Users\LaptopHL\AppData\Local\Programs\Python\Python313\Lib\site-packages\pydantic\main.py", line 250, in __init__
    validated_self = self.__pydantic_validator__.validate_python(data, self_instance=self)
pydantic_core._pydantic_core.ValidationError: 2 validation errors for TokenData
user_id
  Input should be a valid integer, unable to parse string as an integer [type=int_parsing, input_value='admin', input_type=str]
    For further information visit https://errors.pydantic.dev/2.12/v/int_parsing
username
  Input should be a valid string [type=string_type, input_value=None, input_type=NoneType]
    For further information visit https://errors.pydantic.dev/2.12/v/string_type
2025-12-25 10:31:39,898 - main - ERROR - Unhandled exception: 2 validation errors for TokenData
user_id
  Input should be a valid integer, unable to parse string as an integer [type=int_parsing, input_value='admin', input_type=str]
    For further information visit https://errors.pydantic.dev/2.12/v/int_parsing
username
  Input should be a valid string [type=string_type, input_value=None, input_type=NoneType]
    For further information visit https://errors.pydantic.dev/2.12/v/string_type
Traceback (most recent call last):
  File "C:\Users\LaptopHL\AppData\Local\Programs\Python\Python313\Lib\site-packages\starlette\middleware\errors.py", line 164, in __call__
    await self.app(scope, receive, _send)
  File "C:\Users\LaptopHL\AppData\Local\Programs\Python\Python313\Lib\site-packages\starlette\middleware\gzip.py", line 24, in __call__
    await responder(scope, receive, send)
  File "C:\Users\LaptopHL\AppData\Local\Programs\Python\Python313\Lib\site-packages\starlette\middleware\gzip.py", line 44, in __call__
    await self.app(scope, receive, self.send_with_gzip)
  File "C:\Users\LaptopHL\AppData\Local\Programs\Python\Python313\Lib\site-packages\starlette\middleware\trustedhost.py", line 34, in __call__
    await self.app(scope, receive, send)
  File "C:\Users\LaptopHL\AppData\Local\Programs\Python\Python313\Lib\site-packages\starlette\middleware\cors.py", line 83, in __call__
    await self.app(scope, receive, send)
  File "C:\Users\LaptopHL\AppData\Local\Programs\Python\Python313\Lib\site-packages\starlette\middleware\exceptions.py", line 62, in __call__
    await wrap_app_handling_exceptions(self.app, conn)(scope, receive, send)
  File "C:\Users\LaptopHL\AppData\Local\Programs\Python\Python313\Lib\site-packages\starlette\_exception_handler.py", line 64, in wrapped_app
    raise exc
  File "C:\Users\LaptopHL\AppData\Local\Programs\Python\Python313\Lib\site-packages\starlette\_exception_handler.py", line 53, in wrapped_app
    await app(scope, receive, sender)
  File "C:\Users\LaptopHL\AppData\Local\Programs\Python\Python313\Lib\site-packages\starlette\routing.py", line 762, in __call__
    await self.middleware_stack(scope, receive, send)
  File "C:\Users\LaptopHL\AppData\Local\Programs\Python\Python313\Lib\site-packages\starlette\routing.py", line 782, in app
    await route.handle(scope, receive, send)
  File "C:\Users\LaptopHL\AppData\Local\Programs\Python\Python313\Lib\site-packages\starlette\routing.py", line 297, in handle
    await self.app(scope, receive, send)
  File "C:\Users\LaptopHL\AppData\Local\Programs\Python\Python313\Lib\site-packages\starlette\routing.py", line 77, in app
    await wrap_app_handling_exceptions(app, request)(scope, receive, send)
  File "C:\Users\LaptopHL\AppData\Local\Programs\Python\Python313\Lib\site-packages\starlette\_exception_handler.py", line 64, in wrapped_app
    raise exc
  File "C:\Users\LaptopHL\AppData\Local\Programs\Python\Python313\Lib\site-packages\starlette\_exception_handler.py", line 53, in wrapped_app
    await app(scope, receive, sender)
  File "C:\Users\LaptopHL\AppData\Local\Programs\Python\Python313\Lib\site-packages\starlette\routing.py", line 72, in app
    response = await func(request)
               ^^^^^^^^^^^^^^^^^^^
  File "C:\Users\LaptopHL\AppData\Local\Programs\Python\Python313\Lib\site-packages\fastapi\routing.py", line 285, in app
    raise e
  File "C:\Users\LaptopHL\AppData\Local\Programs\Python\Python313\Lib\site-packages\fastapi\routing.py", line 275, in app
    solved_result = await solve_dependencies(
                    ^^^^^^^^^^^^^^^^^^^^^^^^^
    ...<5 lines>...
    )
    ^
  File "C:\Users\LaptopHL\AppData\Local\Programs\Python\Python313\Lib\site-packages\fastapi\dependencies\utils.py", line 598, in solve_dependencies
    solved = await call(**sub_values)
             ^^^^^^^^^^^^^^^^^^^^^^^^
  File "C:\Users\LaptopHL\DU_AN\7ty_system\dependencies.py", line 79, in get_current_user
    token_data = TokenData(user_id=user_id, username=payload.get("username"), role=payload.get("role"))
  File "C:\Users\LaptopHL\AppData\Local\Programs\Python\Python313\Lib\site-packages\pydantic\main.py", line 250, in __init__
    validated_self = self.__pydantic_validator__.validate_python(data, self_instance=self)
pydantic_core._pydantic_core.ValidationError: 2 validation errors for TokenData
user_id
  Input should be a valid integer, unable to parse string as an integer [type=int_parsing, input_value='admin', input_type=str]
    For further information visit https://errors.pydantic.dev/2.12/v/int_parsing
username
  Input should be a valid string [type=string_type, input_value=None, input_type=NoneType]
    For further information visit https://errors.pydantic.dev/2.12/v/string_type
2025-12-25 10:31:39,927 - main - ERROR - Unhandled exception: 2 validation errors for TokenData
user_id
  Input should be a valid integer, unable to parse string as an integer [type=int_parsing, input_value='admin', input_type=str]
    For further information visit https://errors.pydantic.dev/2.12/v/int_parsing
username
  Input should be a valid string [type=string_type, input_value=None, input_type=NoneType]
    For further information visit https://errors.pydantic.dev/2.12/v/string_type
Traceback (most recent call last):
  File "C:\Users\LaptopHL\AppData\Local\Programs\Python\Python313\Lib\site-packages\starlette\middleware\errors.py", line 164, in __call__
    await self.app(scope, receive, _send)
  File "C:\Users\LaptopHL\AppData\Local\Programs\Python\Python313\Lib\site-packages\starlette\middleware\gzip.py", line 24, in __call__
    await responder(scope, receive, send)
  File "C:\Users\LaptopHL\AppData\Local\Programs\Python\Python313\Lib\site-packages\starlette\middleware\gzip.py", line 44, in __call__
    await self.app(scope, receive, self.send_with_gzip)
  File "C:\Users\LaptopHL\AppData\Local\Programs\Python\Python313\Lib\site-packages\starlette\middleware\trustedhost.py", line 34, in __call__
    await self.app(scope, receive, send)
  File "C:\Users\LaptopHL\AppData\Local\Programs\Python\Python313\Lib\site-packages\starlette\middleware\cors.py", line 83, in __call__
    await self.app(scope, receive, send)
  File "C:\Users\LaptopHL\AppData\Local\Programs\Python\Python313\Lib\site-packages\starlette\middleware\exceptions.py", line 62, in __call__
    await wrap_app_handling_exceptions(self.app, conn)(scope, receive, send)
  File "C:\Users\LaptopHL\AppData\Local\Programs\Python\Python313\Lib\site-packages\starlette\_exception_handler.py", line 64, in wrapped_app
    raise exc
  File "C:\Users\LaptopHL\AppData\Local\Programs\Python\Python313\Lib\site-packages\starlette\_exception_handler.py", line 53, in wrapped_app
    await app(scope, receive, sender)
  File "C:\Users\LaptopHL\AppData\Local\Programs\Python\Python313\Lib\site-packages\starlette\routing.py", line 762, in __call__
    await self.middleware_stack(scope, receive, send)
  File "C:\Users\LaptopHL\AppData\Local\Programs\Python\Python313\Lib\site-packages\starlette\routing.py", line 782, in app
    await route.handle(scope, receive, send)
  File "C:\Users\LaptopHL\AppData\Local\Programs\Python\Python313\Lib\site-packages\starlette\routing.py", line 297, in handle
    await self.app(scope, receive, send)
  File "C:\Users\LaptopHL\AppData\Local\Programs\Python\Python313\Lib\site-packages\starlette\routing.py", line 77, in app
    await wrap_app_handling_exceptions(app, request)(scope, receive, send)
  File "C:\Users\LaptopHL\AppData\Local\Programs\Python\Python313\Lib\site-packages\starlette\_exception_handler.py", line 64, in wrapped_app
    raise exc
  File "C:\Users\LaptopHL\AppData\Local\Programs\Python\Python313\Lib\site-packages\starlette\_exception_handler.py", line 53, in wrapped_app
    await app(scope, receive, sender)
  File "C:\Users\LaptopHL\AppData\Local\Programs\Python\Python313\Lib\site-packages\starlette\routing.py", line 72, in app
    response = await func(request)
               ^^^^^^^^^^^^^^^^^^^
  File "C:\Users\LaptopHL\AppData\Local\Programs\Python\Python313\Lib\site-packages\fastapi\routing.py", line 285, in app
    raise e
  File "C:\Users\LaptopHL\AppData\Local\Programs\Python\Python313\Lib\site-packages\fastapi\routing.py", line 275, in app
    solved_result = await solve_dependencies(
                    ^^^^^^^^^^^^^^^^^^^^^^^^^
    ...<5 lines>...
    )
    ^
  File "C:\Users\LaptopHL\AppData\Local\Programs\Python\Python313\Lib\site-packages\fastapi\dependencies\utils.py", line 598, in solve_dependencies
    solved = await call(**sub_values)
             ^^^^^^^^^^^^^^^^^^^^^^^^
  File "C:\Users\LaptopHL\DU_AN\7ty_system\dependencies.py", line 79, in get_current_user
    token_data = TokenData(user_id=user_id, username=payload.get("username"), role=payload.get("role"))
  File "C:\Users\LaptopHL\AppData\Local\Programs\Python\Python313\Lib\site-packages\pydantic\main.py", line 250, in __init__
    validated_self = self.__pydantic_validator__.validate_python(data, self_instance=self)
pydantic_core._pydantic_core.ValidationError: 2 validation errors for TokenData
user_id
  Input should be a valid integer, unable to parse string as an integer [type=int_parsing, input_value='admin', input_type=str]
    For further information visit https://errors.pydantic.dev/2.12/v/int_parsing
username
  Input should be a valid string [type=string_type, input_value=None, input_type=NoneType]
    For further information visit https://errors.pydantic.dev/2.12/v/string_type
2025-12-25 10:31:39,954 - database - ERROR - Database error: 2 validation errors for TokenData
user_id
  Input should be a valid integer, unable to parse string as an integer [type=int_parsing, input_value='admin', input_type=str]
    For further information visit https://errors.pydantic.dev/2.12/v/int_parsing
username
  Input should be a valid string [type=string_type, input_value=None, input_type=NoneType]
    For further information visit https://errors.pydantic.dev/2.12/v/string_type
2025-12-25 10:31:39,955 - main - ERROR - Unhandled exception: 2 validation errors for TokenData
user_id
  Input should be a valid integer, unable to parse string as an integer [type=int_parsing, input_value='admin', input_type=str]
    For further information visit https://errors.pydantic.dev/2.12/v/int_parsing
username
  Input should be a valid string [type=string_type, input_value=None, input_type=NoneType]
    For further information visit https://errors.pydantic.dev/2.12/v/string_type
Traceback (most recent call last):
  File "C:\Users\LaptopHL\AppData\Local\Programs\Python\Python313\Lib\site-packages\starlette\middleware\errors.py", line 164, in __call__
    await self.app(scope, receive, _send)
  File "C:\Users\LaptopHL\AppData\Local\Programs\Python\Python313\Lib\site-packages\starlette\middleware\gzip.py", line 24, in __call__
    await responder(scope, receive, send)
  File "C:\Users\LaptopHL\AppData\Local\Programs\Python\Python313\Lib\site-packages\starlette\middleware\gzip.py", line 44, in __call__
    await self.app(scope, receive, self.send_with_gzip)
  File "C:\Users\LaptopHL\AppData\Local\Programs\Python\Python313\Lib\site-packages\starlette\middleware\trustedhost.py", line 34, in __call__
    await self.app(scope, receive, send)
  File "C:\Users\LaptopHL\AppData\Local\Programs\Python\Python313\Lib\site-packages\starlette\middleware\cors.py", line 83, in __call__
    await self.app(scope, receive, send)
  File "C:\Users\LaptopHL\AppData\Local\Programs\Python\Python313\Lib\site-packages\starlette\middleware\exceptions.py", line 62, in __call__
    await wrap_app_handling_exceptions(self.app, conn)(scope, receive, send)
  File "C:\Users\LaptopHL\AppData\Local\Programs\Python\Python313\Lib\site-packages\starlette\_exception_handler.py", line 64, in wrapped_app
    raise exc
  File "C:\Users\LaptopHL\AppData\Local\Programs\Python\Python313\Lib\site-packages\starlette\_exception_handler.py", line 53, in wrapped_app
    await app(scope, receive, sender)
  File "C:\Users\LaptopHL\AppData\Local\Programs\Python\Python313\Lib\site-packages\starlette\routing.py", line 762, in __call__
    await self.middleware_stack(scope, receive, send)
  File "C:\Users\LaptopHL\AppData\Local\Programs\Python\Python313\Lib\site-packages\starlette\routing.py", line 782, in app
    await route.handle(scope, receive, send)
  File "C:\Users\LaptopHL\AppData\Local\Programs\Python\Python313\Lib\site-packages\starlette\routing.py", line 297, in handle
    await self.app(scope, receive, send)
  File "C:\Users\LaptopHL\AppData\Local\Programs\Python\Python313\Lib\site-packages\starlette\routing.py", line 77, in app
    await wrap_app_handling_exceptions(app, request)(scope, receive, send)
  File "C:\Users\LaptopHL\AppData\Local\Programs\Python\Python313\Lib\site-packages\starlette\_exception_handler.py", line 64, in wrapped_app
    raise exc
  File "C:\Users\LaptopHL\AppData\Local\Programs\Python\Python313\Lib\site-packages\starlette\_exception_handler.py", line 53, in wrapped_app
    await app(scope, receive, sender)
  File "C:\Users\LaptopHL\AppData\Local\Programs\Python\Python313\Lib\site-packages\starlette\routing.py", line 72, in app
    response = await func(request)
               ^^^^^^^^^^^^^^^^^^^
  File "C:\Users\LaptopHL\AppData\Local\Programs\Python\Python313\Lib\site-packages\fastapi\routing.py", line 285, in app
    raise e
  File "C:\Users\LaptopHL\AppData\Local\Programs\Python\Python313\Lib\site-packages\fastapi\routing.py", line 275, in app
    solved_result = await solve_dependencies(
                    ^^^^^^^^^^^^^^^^^^^^^^^^^
    ...<5 lines>...
    )
    ^
  File "C:\Users\LaptopHL\AppData\Local\Programs\Python\Python313\Lib\site-packages\fastapi\dependencies\utils.py", line 598, in solve_dependencies
    solved = await call(**sub_values)
             ^^^^^^^^^^^^^^^^^^^^^^^^
  File "C:\Users\LaptopHL\DU_AN\7ty_system\dependencies.py", line 79, in get_current_user
    token_data = TokenData(user_id=user_id, username=payload.get("username"), role=payload.get("role"))
  File "C:\Users\LaptopHL\AppData\Local\Programs\Python\Python313\Lib\site-packages\pydantic\main.py", line 250, in __init__
    validated_self = self.__pydantic_validator__.validate_python(data, self_instance=self)
pydantic_core._pydantic_core.ValidationError: 2 validation errors for TokenData
user_id
  Input should be a valid integer, unable to parse string as an integer [type=int_parsing, input_value='admin', input_type=str]
    For further information visit https://errors.pydantic.dev/2.12/v/int_parsing
username
  Input should be a valid string [type=string_type, input_value=None, input_type=NoneType]
    For further information visit https://errors.pydantic.dev/2.12/v/string_type
2025-12-25 10:31:39,986 - main - ERROR - Unhandled exception: 2 validation errors for TokenData
user_id
  Input should be a valid integer, unable to parse string as an integer [type=int_parsing, input_value='admin', input_type=str]
    For further information visit https://errors.pydantic.dev/2.12/v/int_parsing
username
  Input should be a valid string [type=string_type, input_value=None, input_type=NoneType]
    For further information visit https://errors.pydantic.dev/2.12/v/string_type
Traceback (most recent call last):
  File "C:\Users\LaptopHL\AppData\Local\Programs\Python\Python313\Lib\site-packages\starlette\middleware\errors.py", line 164, in __call__
    await self.app(scope, receive, _send)
  File "C:\Users\LaptopHL\AppData\Local\Programs\Python\Python313\Lib\site-packages\starlette\middleware\gzip.py", line 24, in __call__
    await responder(scope, receive, send)
  File "C:\Users\LaptopHL\AppData\Local\Programs\Python\Python313\Lib\site-packages\starlette\middleware\gzip.py", line 44, in __call__
    await self.app(scope, receive, self.send_with_gzip)
  File "C:\Users\LaptopHL\AppData\Local\Programs\Python\Python313\Lib\site-packages\starlette\middleware\trustedhost.py", line 34, in __call__
    await self.app(scope, receive, send)
  File "C:\Users\LaptopHL\AppData\Local\Programs\Python\Python313\Lib\site-packages\starlette\middleware\cors.py", line 83, in __call__
    await self.app(scope, receive, send)
  File "C:\Users\LaptopHL\AppData\Local\Programs\Python\Python313\Lib\site-packages\starlette\middleware\exceptions.py", line 62, in __call__
    await wrap_app_handling_exceptions(self.app, conn)(scope, receive, send)
  File "C:\Users\LaptopHL\AppData\Local\Programs\Python\Python313\Lib\site-packages\starlette\_exception_handler.py", line 64, in wrapped_app
    raise exc
  File "C:\Users\LaptopHL\AppData\Local\Programs\Python\Python313\Lib\site-packages\starlette\_exception_handler.py", line 53, in wrapped_app
    await app(scope, receive, sender)
  File "C:\Users\LaptopHL\AppData\Local\Programs\Python\Python313\Lib\site-packages\starlette\routing.py", line 762, in __call__
    await self.middleware_stack(scope, receive, send)
  File "C:\Users\LaptopHL\AppData\Local\Programs\Python\Python313\Lib\site-packages\starlette\routing.py", line 782, in app
    await route.handle(scope, receive, send)
  File "C:\Users\LaptopHL\AppData\Local\Programs\Python\Python313\Lib\site-packages\starlette\routing.py", line 297, in handle
    await self.app(scope, receive, send)
  File "C:\Users\LaptopHL\AppData\Local\Programs\Python\Python313\Lib\site-packages\starlette\routing.py", line 77, in app
    await wrap_app_handling_exceptions(app, request)(scope, receive, send)
  File "C:\Users\LaptopHL\AppData\Local\Programs\Python\Python313\Lib\site-packages\starlette\_exception_handler.py", line 64, in wrapped_app
    raise exc
  File "C:\Users\LaptopHL\AppData\Local\Programs\Python\Python313\Lib\site-packages\starlette\_exception_handler.py", line 53, in wrapped_app
    await app(scope, receive, sender)
  File "C:\Users\LaptopHL\AppData\Local\Programs\Python\Python313\Lib\site-packages\starlette\routing.py", line 72, in app
    response = await func(request)
               ^^^^^^^^^^^^^^^^^^^
  File "C:\Users\LaptopHL\AppData\Local\Programs\Python\Python313\Lib\site-packages\fastapi\routing.py", line 285, in app
    raise e
  File "C:\Users\LaptopHL\AppData\Local\Programs\Python\Python313\Lib\site-packages\fastapi\routing.py", line 275, in app
    solved_result = await solve_dependencies(
                    ^^^^^^^^^^^^^^^^^^^^^^^^^
    ...<5 lines>...
    )
    ^
  File "C:\Users\LaptopHL\AppData\Local\Programs\Python\Python313\Lib\site-packages\fastapi\dependencies\utils.py", line 570, in solve_dependencies
    solved_result = await solve_dependencies(
                    ^^^^^^^^^^^^^^^^^^^^^^^^^
    ...<8 lines>...
    )
    ^
  File "C:\Users\LaptopHL\AppData\Local\Programs\Python\Python313\Lib\site-packages\fastapi\dependencies\utils.py", line 570, in solve_dependencies
    solved_result = await solve_dependencies(
                    ^^^^^^^^^^^^^^^^^^^^^^^^^
    ...<8 lines>...
    )
    ^
  File "C:\Users\LaptopHL\AppData\Local\Programs\Python\Python313\Lib\site-packages\fastapi\dependencies\utils.py", line 598, in solve_dependencies
    solved = await call(**sub_values)
             ^^^^^^^^^^^^^^^^^^^^^^^^
  File "C:\Users\LaptopHL\DU_AN\7ty_system\dependencies.py", line 79, in get_current_user
    token_data = TokenData(user_id=user_id, username=payload.get("username"), role=payload.get("role"))
  File "C:\Users\LaptopHL\AppData\Local\Programs\Python\Python313\Lib\site-packages\pydantic\main.py", line 250, in __init__
    validated_self = self.__pydantic_validator__.validate_python(data, self_instance=self)
pydantic_core._pydantic_core.ValidationError: 2 validation errors for TokenData
user_id
  Input should be a valid integer, unable to parse string as an integer [type=int_parsing, input_value='admin', input_type=str]
    For further information visit https://errors.pydantic.dev/2.12/v/int_parsing
username
  Input should be a valid string [type=string_type, input_value=None, input_type=NoneType]
    For further information visit https://errors.pydantic.dev/2.12/v/string_type
2025-12-25 10:34:45,195 - routers.auth - INFO - User logged in: admin from 127.0.0.1
2025-12-25 10:34:46,546 - database - ERROR - Database error: 2 validation errors for TokenData
user_id
  Input should be a valid integer, unable to parse string as an integer [type=int_parsing, input_value='admin', input_type=str]
    For further information visit https://errors.pydantic.dev/2.12/v/int_parsing
username
  Input should be a valid string [type=string_type, input_value=None, input_type=NoneType]
    For further information visit https://errors.pydantic.dev/2.12/v/string_type
2025-12-25 10:34:46,547 - main - ERROR - Unhandled exception: 2 validation errors for TokenData
user_id
  Input should be a valid integer, unable to parse string as an integer [type=int_parsing, input_value='admin', input_type=str]
    For further information visit https://errors.pydantic.dev/2.12/v/int_parsing
username
  Input should be a valid string [type=string_type, input_value=None, input_type=NoneType]
    For further information visit https://errors.pydantic.dev/2.12/v/string_type
Traceback (most recent call last):
  File "C:\Users\LaptopHL\AppData\Local\Programs\Python\Python313\Lib\site-packages\starlette\middleware\errors.py", line 164, in __call__
    await self.app(scope, receive, _send)
  File "C:\Users\LaptopHL\AppData\Local\Programs\Python\Python313\Lib\site-packages\starlette\middleware\gzip.py", line 24, in __call__
    await responder(scope, receive, send)
  File "C:\Users\LaptopHL\AppData\Local\Programs\Python\Python313\Lib\site-packages\starlette\middleware\gzip.py", line 44, in __call__
    await self.app(scope, receive, self.send_with_gzip)
  File "C:\Users\LaptopHL\AppData\Local\Programs\Python\Python313\Lib\site-packages\starlette\middleware\trustedhost.py", line 34, in __call__
    await self.app(scope, receive, send)
  File "C:\Users\LaptopHL\AppData\Local\Programs\Python\Python313\Lib\site-packages\starlette\middleware\cors.py", line 83, in __call__
    await self.app(scope, receive, send)
  File "C:\Users\LaptopHL\AppData\Local\Programs\Python\Python313\Lib\site-packages\starlette\middleware\exceptions.py", line 62, in __call__
    await wrap_app_handling_exceptions(self.app, conn)(scope, receive, send)
  File "C:\Users\LaptopHL\AppData\Local\Programs\Python\Python313\Lib\site-packages\starlette\_exception_handler.py", line 64, in wrapped_app
    raise exc
  File "C:\Users\LaptopHL\AppData\Local\Programs\Python\Python313\Lib\site-packages\starlette\_exception_handler.py", line 53, in wrapped_app
    await app(scope, receive, sender)
  File "C:\Users\LaptopHL\AppData\Local\Programs\Python\Python313\Lib\site-packages\starlette\routing.py", line 762, in __call__
    await self.middleware_stack(scope, receive, send)
  File "C:\Users\LaptopHL\AppData\Local\Programs\Python\Python313\Lib\site-packages\starlette\routing.py", line 782, in app
    await route.handle(scope, receive, send)
  File "C:\Users\LaptopHL\AppData\Local\Programs\Python\Python313\Lib\site-packages\starlette\routing.py", line 297, in handle
    await self.app(scope, receive, send)
  File "C:\Users\LaptopHL\AppData\Local\Programs\Python\Python313\Lib\site-packages\starlette\routing.py", line 77, in app
    await wrap_app_handling_exceptions(app, request)(scope, receive, send)
  File "C:\Users\LaptopHL\AppData\Local\Programs\Python\Python313\Lib\site-packages\starlette\_exception_handler.py", line 64, in wrapped_app
    raise exc
  File "C:\Users\LaptopHL\AppData\Local\Programs\Python\Python313\Lib\site-packages\starlette\_exception_handler.py", line 53, in wrapped_app
    await app(scope, receive, sender)
  File "C:\Users\LaptopHL\AppData\Local\Programs\Python\Python313\Lib\site-packages\starlette\routing.py", line 72, in app
    response = await func(request)
               ^^^^^^^^^^^^^^^^^^^
  File "C:\Users\LaptopHL\AppData\Local\Programs\Python\Python313\Lib\site-packages\fastapi\routing.py", line 285, in app
    raise e
  File "C:\Users\LaptopHL\AppData\Local\Programs\Python\Python313\Lib\site-packages\fastapi\routing.py", line 275, in app
    solved_result = await solve_dependencies(
                    ^^^^^^^^^^^^^^^^^^^^^^^^^
    ...<5 lines>...
    )
    ^
  File "C:\Users\LaptopHL\AppData\Local\Programs\Python\Python313\Lib\site-packages\fastapi\dependencies\utils.py", line 598, in solve_dependencies
    solved = await call(**sub_values)
             ^^^^^^^^^^^^^^^^^^^^^^^^
  File "C:\Users\LaptopHL\DU_AN\7ty_system\dependencies.py", line 79, in get_current_user
    token_data = TokenData(user_id=user_id, username=payload.get("username"), role=payload.get("role"))
  File "C:\Users\LaptopHL\AppData\Local\Programs\Python\Python313\Lib\site-packages\pydantic\main.py", line 250, in __init__
    validated_self = self.__pydantic_validator__.validate_python(data, self_instance=self)
pydantic_core._pydantic_core.ValidationError: 2 validation errors for TokenData
user_id
  Input should be a valid integer, unable to parse string as an integer [type=int_parsing, input_value='admin', input_type=str]
    For further information visit https://errors.pydantic.dev/2.12/v/int_parsing
username
  Input should be a valid string [type=string_type, input_value=None, input_type=NoneType]
    For further information visit https://errors.pydantic.dev/2.12/v/string_type
2025-12-25 10:34:46,651 - main - ERROR - Unhandled exception: 2 validation errors for TokenData
user_id
  Input should be a valid integer, unable to parse string as an integer [type=int_parsing, input_value='admin', input_type=str]
    For further information visit https://errors.pydantic.dev/2.12/v/int_parsing
username
  Input should be a valid string [type=string_type, input_value=None, input_type=NoneType]
    For further information visit https://errors.pydantic.dev/2.12/v/string_type
Traceback (most recent call last):
  File "C:\Users\LaptopHL\AppData\Local\Programs\Python\Python313\Lib\site-packages\starlette\middleware\errors.py", line 164, in __call__
    await self.app(scope, receive, _send)
  File "C:\Users\LaptopHL\AppData\Local\Programs\Python\Python313\Lib\site-packages\starlette\middleware\gzip.py", line 24, in __call__
    await responder(scope, receive, send)
  File "C:\Users\LaptopHL\AppData\Local\Programs\Python\Python313\Lib\site-packages\starlette\middleware\gzip.py", line 44, in __call__
    await self.app(scope, receive, self.send_with_gzip)
  File "C:\Users\LaptopHL\AppData\Local\Programs\Python\Python313\Lib\site-packages\starlette\middleware\trustedhost.py", line 34, in __call__
    await self.app(scope, receive, send)
  File "C:\Users\LaptopHL\AppData\Local\Programs\Python\Python313\Lib\site-packages\starlette\middleware\cors.py", line 83, in __call__
    await self.app(scope, receive, send)
  File "C:\Users\LaptopHL\AppData\Local\Programs\Python\Python313\Lib\site-packages\starlette\middleware\exceptions.py", line 62, in __call__
    await wrap_app_handling_exceptions(self.app, conn)(scope, receive, send)
  File "C:\Users\LaptopHL\AppData\Local\Programs\Python\Python313\Lib\site-packages\starlette\_exception_handler.py", line 64, in wrapped_app
    raise exc
  File "C:\Users\LaptopHL\AppData\Local\Programs\Python\Python313\Lib\site-packages\starlette\_exception_handler.py", line 53, in wrapped_app
    await app(scope, receive, sender)
  File "C:\Users\LaptopHL\AppData\Local\Programs\Python\Python313\Lib\site-packages\starlette\routing.py", line 762, in __call__
    await self.middleware_stack(scope, receive, send)
  File "C:\Users\LaptopHL\AppData\Local\Programs\Python\Python313\Lib\site-packages\starlette\routing.py", line 782, in app
    await route.handle(scope, receive, send)
  File "C:\Users\LaptopHL\AppData\Local\Programs\Python\Python313\Lib\site-packages\starlette\routing.py", line 297, in handle
    await self.app(scope, receive, send)
  File "C:\Users\LaptopHL\AppData\Local\Programs\Python\Python313\Lib\site-packages\starlette\routing.py", line 77, in app
    await wrap_app_handling_exceptions(app, request)(scope, receive, send)
  File "C:\Users\LaptopHL\AppData\Local\Programs\Python\Python313\Lib\site-packages\starlette\_exception_handler.py", line 64, in wrapped_app
    raise exc
  File "C:\Users\LaptopHL\AppData\Local\Programs\Python\Python313\Lib\site-packages\starlette\_exception_handler.py", line 53, in wrapped_app
    await app(scope, receive, sender)
  File "C:\Users\LaptopHL\AppData\Local\Programs\Python\Python313\Lib\site-packages\starlette\routing.py", line 72, in app
    response = await func(request)
               ^^^^^^^^^^^^^^^^^^^
  File "C:\Users\LaptopHL\AppData\Local\Programs\Python\Python313\Lib\site-packages\fastapi\routing.py", line 285, in app
    raise e
  File "C:\Users\LaptopHL\AppData\Local\Programs\Python\Python313\Lib\site-packages\fastapi\routing.py", line 275, in app
    solved_result = await solve_dependencies(
                    ^^^^^^^^^^^^^^^^^^^^^^^^^
    ...<5 lines>...
    )
    ^
  File "C:\Users\LaptopHL\AppData\Local\Programs\Python\Python313\Lib\site-packages\fastapi\dependencies\utils.py", line 570, in solve_dependencies
    solved_result = await solve_dependencies(
                    ^^^^^^^^^^^^^^^^^^^^^^^^^
    ...<8 lines>...
    )
    ^
  File "C:\Users\LaptopHL\AppData\Local\Programs\Python\Python313\Lib\site-packages\fastapi\dependencies\utils.py", line 598, in solve_dependencies
    solved = await call(**sub_values)
             ^^^^^^^^^^^^^^^^^^^^^^^^
  File "C:\Users\LaptopHL\DU_AN\7ty_system\dependencies.py", line 79, in get_current_user
    token_data = TokenData(user_id=user_id, username=payload.get("username"), role=payload.get("role"))
  File "C:\Users\LaptopHL\AppData\Local\Programs\Python\Python313\Lib\site-packages\pydantic\main.py", line 250, in __init__
    validated_self = self.__pydantic_validator__.validate_python(data, self_instance=self)
pydantic_core._pydantic_core.ValidationError: 2 validation errors for TokenData
user_id
  Input should be a valid integer, unable to parse string as an integer [type=int_parsing, input_value='admin', input_type=str]
    For further information visit https://errors.pydantic.dev/2.12/v/int_parsing
username
  Input should be a valid string [type=string_type, input_value=None, input_type=NoneType]
    For further information visit https://errors.pydantic.dev/2.12/v/string_type
2025-12-25 10:34:46,686 - main - WARNING - HTTPException: 404 - API endpoint not found
2025-12-25 10:35:05,008 - main - ERROR - Unhandled exception: 2 validation errors for TokenData
user_id
  Input should be a valid integer, unable to parse string as an integer [type=int_parsing, input_value='admin', input_type=str]
    For further information visit https://errors.pydantic.dev/2.12/v/int_parsing
username
  Input should be a valid string [type=string_type, input_value=None, input_type=NoneType]
    For further information visit https://errors.pydantic.dev/2.12/v/string_type
Traceback (most recent call last):
  File "C:\Users\LaptopHL\AppData\Local\Programs\Python\Python313\Lib\site-packages\starlette\middleware\errors.py", line 164, in __call__
    await self.app(scope, receive, _send)
  File "C:\Users\LaptopHL\AppData\Local\Programs\Python\Python313\Lib\site-packages\starlette\middleware\gzip.py", line 24, in __call__
    await responder(scope, receive, send)
  File "C:\Users\LaptopHL\AppData\Local\Programs\Python\Python313\Lib\site-packages\starlette\middleware\gzip.py", line 44, in __call__
    await self.app(scope, receive, self.send_with_gzip)
  File "C:\Users\LaptopHL\AppData\Local\Programs\Python\Python313\Lib\site-packages\starlette\middleware\trustedhost.py", line 34, in __call__
    await self.app(scope, receive, send)
  File "C:\Users\LaptopHL\AppData\Local\Programs\Python\Python313\Lib\site-packages\starlette\middleware\cors.py", line 83, in __call__
    await self.app(scope, receive, send)
  File "C:\Users\LaptopHL\AppData\Local\Programs\Python\Python313\Lib\site-packages\starlette\middleware\exceptions.py", line 62, in __call__
    await wrap_app_handling_exceptions(self.app, conn)(scope, receive, send)
  File "C:\Users\LaptopHL\AppData\Local\Programs\Python\Python313\Lib\site-packages\starlette\_exception_handler.py", line 64, in wrapped_app
    raise exc
  File "C:\Users\LaptopHL\AppData\Local\Programs\Python\Python313\Lib\site-packages\starlette\_exception_handler.py", line 53, in wrapped_app
    await app(scope, receive, sender)
  File "C:\Users\LaptopHL\AppData\Local\Programs\Python\Python313\Lib\site-packages\starlette\routing.py", line 762, in __call__
    await self.middleware_stack(scope, receive, send)
  File "C:\Users\LaptopHL\AppData\Local\Programs\Python\Python313\Lib\site-packages\starlette\routing.py", line 782, in app
    await route.handle(scope, receive, send)
  File "C:\Users\LaptopHL\AppData\Local\Programs\Python\Python313\Lib\site-packages\starlette\routing.py", line 297, in handle
    await self.app(scope, receive, send)
  File "C:\Users\LaptopHL\AppData\Local\Programs\Python\Python313\Lib\site-packages\starlette\routing.py", line 77, in app
    await wrap_app_handling_exceptions(app, request)(scope, receive, send)
  File "C:\Users\LaptopHL\AppData\Local\Programs\Python\Python313\Lib\site-packages\starlette\_exception_handler.py", line 64, in wrapped_app
    raise exc
  File "C:\Users\LaptopHL\AppData\Local\Programs\Python\Python313\Lib\site-packages\starlette\_exception_handler.py", line 53, in wrapped_app
    await app(scope, receive, sender)
  File "C:\Users\LaptopHL\AppData\Local\Programs\Python\Python313\Lib\site-packages\starlette\routing.py", line 72, in app
    response = await func(request)
               ^^^^^^^^^^^^^^^^^^^
  File "C:\Users\LaptopHL\AppData\Local\Programs\Python\Python313\Lib\site-packages\fastapi\routing.py", line 285, in app
    raise e
  File "C:\Users\LaptopHL\AppData\Local\Programs\Python\Python313\Lib\site-packages\fastapi\routing.py", line 275, in app
    solved_result = await solve_dependencies(
                    ^^^^^^^^^^^^^^^^^^^^^^^^^
    ...<5 lines>...
    )
    ^
  File "C:\Users\LaptopHL\AppData\Local\Programs\Python\Python313\Lib\site-packages\fastapi\dependencies\utils.py", line 598, in solve_dependencies
    solved = await call(**sub_values)
             ^^^^^^^^^^^^^^^^^^^^^^^^
  File "C:\Users\LaptopHL\DU_AN\7ty_system\dependencies.py", line 79, in get_current_user
    token_data = TokenData(user_id=user_id, username=payload.get("username"), role=payload.get("role"))
  File "C:\Users\LaptopHL\AppData\Local\Programs\Python\Python313\Lib\site-packages\pydantic\main.py", line 250, in __init__
    validated_self = self.__pydantic_validator__.validate_python(data, self_instance=self)
pydantic_core._pydantic_core.ValidationError: 2 validation errors for TokenData
user_id
  Input should be a valid integer, unable to parse string as an integer [type=int_parsing, input_value='admin', input_type=str]
    For further information visit https://errors.pydantic.dev/2.12/v/int_parsing
username
  Input should be a valid string [type=string_type, input_value=None, input_type=NoneType]
    For further information visit https://errors.pydantic.dev/2.12/v/string_type
2025-12-25 10:35:07,022 - main - ERROR - Unhandled exception: 2 validation errors for TokenData
user_id
  Input should be a valid integer, unable to parse string as an integer [type=int_parsing, input_value='admin', input_type=str]
    For further information visit https://errors.pydantic.dev/2.12/v/int_parsing
username
  Input should be a valid string [type=string_type, input_value=None, input_type=NoneType]
    For further information visit https://errors.pydantic.dev/2.12/v/string_type
Traceback (most recent call last):
  File "C:\Users\LaptopHL\AppData\Local\Programs\Python\Python313\Lib\site-packages\starlette\middleware\errors.py", line 164, in __call__
    await self.app(scope, receive, _send)
  File "C:\Users\LaptopHL\AppData\Local\Programs\Python\Python313\Lib\site-packages\starlette\middleware\gzip.py", line 24, in __call__
    await responder(scope, receive, send)
  File "C:\Users\LaptopHL\AppData\Local\Programs\Python\Python313\Lib\site-packages\starlette\middleware\gzip.py", line 44, in __call__
    await self.app(scope, receive, self.send_with_gzip)
  File "C:\Users\LaptopHL\AppData\Local\Programs\Python\Python313\Lib\site-packages\starlette\middleware\trustedhost.py", line 34, in __call__
    await self.app(scope, receive, send)
  File "C:\Users\LaptopHL\AppData\Local\Programs\Python\Python313\Lib\site-packages\starlette\middleware\cors.py", line 83, in __call__
    await self.app(scope, receive, send)
  File "C:\Users\LaptopHL\AppData\Local\Programs\Python\Python313\Lib\site-packages\starlette\middleware\exceptions.py", line 62, in __call__
    await wrap_app_handling_exceptions(self.app, conn)(scope, receive, send)
  File "C:\Users\LaptopHL\AppData\Local\Programs\Python\Python313\Lib\site-packages\starlette\_exception_handler.py", line 64, in wrapped_app
    raise exc
  File "C:\Users\LaptopHL\AppData\Local\Programs\Python\Python313\Lib\site-packages\starlette\_exception_handler.py", line 53, in wrapped_app
    await app(scope, receive, sender)
  File "C:\Users\LaptopHL\AppData\Local\Programs\Python\Python313\Lib\site-packages\starlette\routing.py", line 762, in __call__
    await self.middleware_stack(scope, receive, send)
  File "C:\Users\LaptopHL\AppData\Local\Programs\Python\Python313\Lib\site-packages\starlette\routing.py", line 782, in app
    await route.handle(scope, receive, send)
  File "C:\Users\LaptopHL\AppData\Local\Programs\Python\Python313\Lib\site-packages\starlette\routing.py", line 297, in handle
    await self.app(scope, receive, send)
  File "C:\Users\LaptopHL\AppData\Local\Programs\Python\Python313\Lib\site-packages\starlette\routing.py", line 77, in app
    await wrap_app_handling_exceptions(app, request)(scope, receive, send)
  File "C:\Users\LaptopHL\AppData\Local\Programs\Python\Python313\Lib\site-packages\starlette\_exception_handler.py", line 64, in wrapped_app
    raise exc
  File "C:\Users\LaptopHL\AppData\Local\Programs\Python\Python313\Lib\site-packages\starlette\_exception_handler.py", line 53, in wrapped_app
    await app(scope, receive, sender)
  File "C:\Users\LaptopHL\AppData\Local\Programs\Python\Python313\Lib\site-packages\starlette\routing.py", line 72, in app
    response = await func(request)
               ^^^^^^^^^^^^^^^^^^^
  File "C:\Users\LaptopHL\AppData\Local\Programs\Python\Python313\Lib\site-packages\fastapi\routing.py", line 285, in app
    raise e
  File "C:\Users\LaptopHL\AppData\Local\Programs\Python\Python313\Lib\site-packages\fastapi\routing.py", line 275, in app
    solved_result = await solve_dependencies(
                    ^^^^^^^^^^^^^^^^^^^^^^^^^
    ...<5 lines>...
    )
    ^
  File "C:\Users\LaptopHL\AppData\Local\Programs\Python\Python313\Lib\site-packages\fastapi\dependencies\utils.py", line 598, in solve_dependencies
    solved = await call(**sub_values)
             ^^^^^^^^^^^^^^^^^^^^^^^^
  File "C:\Users\LaptopHL\DU_AN\7ty_system\dependencies.py", line 79, in get_current_user
    token_data = TokenData(user_id=user_id, username=payload.get("username"), role=payload.get("role"))
  File "C:\Users\LaptopHL\AppData\Local\Programs\Python\Python313\Lib\site-packages\pydantic\main.py", line 250, in __init__
    validated_self = self.__pydantic_validator__.validate_python(data, self_instance=self)
pydantic_core._pydantic_core.ValidationError: 2 validation errors for TokenData
user_id
  Input should be a valid integer, unable to parse string as an integer [type=int_parsing, input_value='admin', input_type=str]
    For further information visit https://errors.pydantic.dev/2.12/v/int_parsing
username
  Input should be a valid string [type=string_type, input_value=None, input_type=NoneType]
    For further information visit https://errors.pydantic.dev/2.12/v/string_type
2025-12-25 10:35:28,296 - main - ERROR - Unhandled exception: 2 validation errors for TokenData
user_id
  Input should be a valid integer, unable to parse string as an integer [type=int_parsing, input_value='admin', input_type=str]
    For further information visit https://errors.pydantic.dev/2.12/v/int_parsing
username
  Input should be a valid string [type=string_type, input_value=None, input_type=NoneType]
    For further information visit https://errors.pydantic.dev/2.12/v/string_type
Traceback (most recent call last):
  File "C:\Users\LaptopHL\AppData\Local\Programs\Python\Python313\Lib\site-packages\starlette\middleware\errors.py", line 164, in __call__
    await self.app(scope, receive, _send)
  File "C:\Users\LaptopHL\AppData\Local\Programs\Python\Python313\Lib\site-packages\starlette\middleware\gzip.py", line 24, in __call__
    await responder(scope, receive, send)
  File "C:\Users\LaptopHL\AppData\Local\Programs\Python\Python313\Lib\site-packages\starlette\middleware\gzip.py", line 44, in __call__
    await self.app(scope, receive, self.send_with_gzip)
  File "C:\Users\LaptopHL\AppData\Local\Programs\Python\Python313\Lib\site-packages\starlette\middleware\trustedhost.py", line 34, in __call__
    await self.app(scope, receive, send)
  File "C:\Users\LaptopHL\AppData\Local\Programs\Python\Python313\Lib\site-packages\starlette\middleware\cors.py", line 83, in __call__
    await self.app(scope, receive, send)
  File "C:\Users\LaptopHL\AppData\Local\Programs\Python\Python313\Lib\site-packages\starlette\middleware\exceptions.py", line 62, in __call__
    await wrap_app_handling_exceptions(self.app, conn)(scope, receive, send)
  File "C:\Users\LaptopHL\AppData\Local\Programs\Python\Python313\Lib\site-packages\starlette\_exception_handler.py", line 64, in wrapped_app
    raise exc
  File "C:\Users\LaptopHL\AppData\Local\Programs\Python\Python313\Lib\site-packages\starlette\_exception_handler.py", line 53, in wrapped_app
    await app(scope, receive, sender)
  File "C:\Users\LaptopHL\AppData\Local\Programs\Python\Python313\Lib\site-packages\starlette\routing.py", line 762, in __call__
    await self.middleware_stack(scope, receive, send)
  File "C:\Users\LaptopHL\AppData\Local\Programs\Python\Python313\Lib\site-packages\starlette\routing.py", line 782, in app
    await route.handle(scope, receive, send)
  File "C:\Users\LaptopHL\AppData\Local\Programs\Python\Python313\Lib\site-packages\starlette\routing.py", line 297, in handle
    await self.app(scope, receive, send)
  File "C:\Users\LaptopHL\AppData\Local\Programs\Python\Python313\Lib\site-packages\starlette\routing.py", line 77, in app
    await wrap_app_handling_exceptions(app, request)(scope, receive, send)
  File "C:\Users\LaptopHL\AppData\Local\Programs\Python\Python313\Lib\site-packages\starlette\_exception_handler.py", line 64, in wrapped_app
    raise exc
  File "C:\Users\LaptopHL\AppData\Local\Programs\Python\Python313\Lib\site-packages\starlette\_exception_handler.py", line 53, in wrapped_app
    await app(scope, receive, sender)
  File "C:\Users\LaptopHL\AppData\Local\Programs\Python\Python313\Lib\site-packages\starlette\routing.py", line 72, in app
    response = await func(request)
               ^^^^^^^^^^^^^^^^^^^
  File "C:\Users\LaptopHL\AppData\Local\Programs\Python\Python313\Lib\site-packages\fastapi\routing.py", line 285, in app
    raise e
  File "C:\Users\LaptopHL\AppData\Local\Programs\Python\Python313\Lib\site-packages\fastapi\routing.py", line 275, in app
    solved_result = await solve_dependencies(
                    ^^^^^^^^^^^^^^^^^^^^^^^^^
    ...<5 lines>...
    )
    ^
  File "C:\Users\LaptopHL\AppData\Local\Programs\Python\Python313\Lib\site-packages\fastapi\dependencies\utils.py", line 598, in solve_dependencies
    solved = await call(**sub_values)
             ^^^^^^^^^^^^^^^^^^^^^^^^
  File "C:\Users\LaptopHL\DU_AN\7ty_system\dependencies.py", line 79, in get_current_user
    token_data = TokenData(user_id=user_id, username=payload.get("username"), role=payload.get("role"))
  File "C:\Users\LaptopHL\AppData\Local\Programs\Python\Python313\Lib\site-packages\pydantic\main.py", line 250, in __init__
    validated_self = self.__pydantic_validator__.validate_python(data, self_instance=self)
pydantic_core._pydantic_core.ValidationError: 2 validation errors for TokenData
user_id
  Input should be a valid integer, unable to parse string as an integer [type=int_parsing, input_value='admin', input_type=str]
    For further information visit https://errors.pydantic.dev/2.12/v/int_parsing
username
  Input should be a valid string [type=string_type, input_value=None, input_type=NoneType]
    For further information visit https://errors.pydantic.dev/2.12/v/string_type
2025-12-25 10:35:29,318 - main - ERROR - Unhandled exception: 2 validation errors for TokenData
user_id
  Input should be a valid integer, unable to parse string as an integer [type=int_parsing, input_value='admin', input_type=str]
    For further information visit https://errors.pydantic.dev/2.12/v/int_parsing
username
  Input should be a valid string [type=string_type, input_value=None, input_type=NoneType]
    For further information visit https://errors.pydantic.dev/2.12/v/string_type
Traceback (most recent call last):
  File "C:\Users\LaptopHL\AppData\Local\Programs\Python\Python313\Lib\site-packages\starlette\middleware\errors.py", line 164, in __call__
    await self.app(scope, receive, _send)
  File "C:\Users\LaptopHL\AppData\Local\Programs\Python\Python313\Lib\site-packages\starlette\middleware\gzip.py", line 24, in __call__
    await responder(scope, receive, send)
  File "C:\Users\LaptopHL\AppData\Local\Programs\Python\Python313\Lib\site-packages\starlette\middleware\gzip.py", line 44, in __call__
    await self.app(scope, receive, self.send_with_gzip)
  File "C:\Users\LaptopHL\AppData\Local\Programs\Python\Python313\Lib\site-packages\starlette\middleware\trustedhost.py", line 34, in __call__
    await self.app(scope, receive, send)
  File "C:\Users\LaptopHL\AppData\Local\Programs\Python\Python313\Lib\site-packages\starlette\middleware\cors.py", line 83, in __call__
    await self.app(scope, receive, send)
  File "C:\Users\LaptopHL\AppData\Local\Programs\Python\Python313\Lib\site-packages\starlette\middleware\exceptions.py", line 62, in __call__
    await wrap_app_handling_exceptions(self.app, conn)(scope, receive, send)
  File "C:\Users\LaptopHL\AppData\Local\Programs\Python\Python313\Lib\site-packages\starlette\_exception_handler.py", line 64, in wrapped_app
    raise exc
  File "C:\Users\LaptopHL\AppData\Local\Programs\Python\Python313\Lib\site-packages\starlette\_exception_handler.py", line 53, in wrapped_app
    await app(scope, receive, sender)
  File "C:\Users\LaptopHL\AppData\Local\Programs\Python\Python313\Lib\site-packages\starlette\routing.py", line 762, in __call__
    await self.middleware_stack(scope, receive, send)
  File "C:\Users\LaptopHL\AppData\Local\Programs\Python\Python313\Lib\site-packages\starlette\routing.py", line 782, in app
    await route.handle(scope, receive, send)
  File "C:\Users\LaptopHL\AppData\Local\Programs\Python\Python313\Lib\site-packages\starlette\routing.py", line 297, in handle
    await self.app(scope, receive, send)
  File "C:\Users\LaptopHL\AppData\Local\Programs\Python\Python313\Lib\site-packages\starlette\routing.py", line 77, in app
    await wrap_app_handling_exceptions(app, request)(scope, receive, send)
  File "C:\Users\LaptopHL\AppData\Local\Programs\Python\Python313\Lib\site-packages\starlette\_exception_handler.py", line 64, in wrapped_app
    raise exc
  File "C:\Users\LaptopHL\AppData\Local\Programs\Python\Python313\Lib\site-packages\starlette\_exception_handler.py", line 53, in wrapped_app
    await app(scope, receive, sender)
  File "C:\Users\LaptopHL\AppData\Local\Programs\Python\Python313\Lib\site-packages\starlette\routing.py", line 72, in app
    response = await func(request)
               ^^^^^^^^^^^^^^^^^^^
  File "C:\Users\LaptopHL\AppData\Local\Programs\Python\Python313\Lib\site-packages\fastapi\routing.py", line 285, in app
    raise e
  File "C:\Users\LaptopHL\AppData\Local\Programs\Python\Python313\Lib\site-packages\fastapi\routing.py", line 275, in app
    solved_result = await solve_dependencies(
                    ^^^^^^^^^^^^^^^^^^^^^^^^^
    ...<5 lines>...
    )
    ^
  File "C:\Users\LaptopHL\AppData\Local\Programs\Python\Python313\Lib\site-packages\fastapi\dependencies\utils.py", line 598, in solve_dependencies
    solved = await call(**sub_values)
             ^^^^^^^^^^^^^^^^^^^^^^^^
  File "C:\Users\LaptopHL\DU_AN\7ty_system\dependencies.py", line 79, in get_current_user
    token_data = TokenData(user_id=user_id, username=payload.get("username"), role=payload.get("role"))
  File "C:\Users\LaptopHL\AppData\Local\Programs\Python\Python313\Lib\site-packages\pydantic\main.py", line 250, in __init__
    validated_self = self.__pydantic_validator__.validate_python(data, self_instance=self)
pydantic_core._pydantic_core.ValidationError: 2 validation errors for TokenData
user_id
  Input should be a valid integer, unable to parse string as an integer [type=int_parsing, input_value='admin', input_type=str]
    For further information visit https://errors.pydantic.dev/2.12/v/int_parsing
username
  Input should be a valid string [type=string_type, input_value=None, input_type=NoneType]
    For further information visit https://errors.pydantic.dev/2.12/v/string_type
2025-12-25 10:36:18,598 - main - ERROR - Unhandled exception: 2 validation errors for TokenData
user_id
  Input should be a valid integer, unable to parse string as an integer [type=int_parsing, input_value='admin', input_type=str]
    For further information visit https://errors.pydantic.dev/2.12/v/int_parsing
username
  Input should be a valid string [type=string_type, input_value=None, input_type=NoneType]
    For further information visit https://errors.pydantic.dev/2.12/v/string_type
Traceback (most recent call last):
  File "C:\Users\LaptopHL\AppData\Local\Programs\Python\Python313\Lib\site-packages\starlette\middleware\errors.py", line 164, in __call__
    await self.app(scope, receive, _send)
  File "C:\Users\LaptopHL\AppData\Local\Programs\Python\Python313\Lib\site-packages\starlette\middleware\gzip.py", line 24, in __call__
    await responder(scope, receive, send)
  File "C:\Users\LaptopHL\AppData\Local\Programs\Python\Python313\Lib\site-packages\starlette\middleware\gzip.py", line 44, in __call__
    await self.app(scope, receive, self.send_with_gzip)
  File "C:\Users\LaptopHL\AppData\Local\Programs\Python\Python313\Lib\site-packages\starlette\middleware\trustedhost.py", line 34, in __call__
    await self.app(scope, receive, send)
  File "C:\Users\LaptopHL\AppData\Local\Programs\Python\Python313\Lib\site-packages\starlette\middleware\cors.py", line 83, in __call__
    await self.app(scope, receive, send)
  File "C:\Users\LaptopHL\AppData\Local\Programs\Python\Python313\Lib\site-packages\starlette\middleware\exceptions.py", line 62, in __call__
    await wrap_app_handling_exceptions(self.app, conn)(scope, receive, send)
  File "C:\Users\LaptopHL\AppData\Local\Programs\Python\Python313\Lib\site-packages\starlette\_exception_handler.py", line 64, in wrapped_app
    raise exc
  File "C:\Users\LaptopHL\AppData\Local\Programs\Python\Python313\Lib\site-packages\starlette\_exception_handler.py", line 53, in wrapped_app
    await app(scope, receive, sender)
  File "C:\Users\LaptopHL\AppData\Local\Programs\Python\Python313\Lib\site-packages\starlette\routing.py", line 762, in __call__
    await self.middleware_stack(scope, receive, send)
  File "C:\Users\LaptopHL\AppData\Local\Programs\Python\Python313\Lib\site-packages\starlette\routing.py", line 782, in app
    await route.handle(scope, receive, send)
  File "C:\Users\LaptopHL\AppData\Local\Programs\Python\Python313\Lib\site-packages\starlette\routing.py", line 297, in handle
    await self.app(scope, receive, send)
  File "C:\Users\LaptopHL\AppData\Local\Programs\Python\Python313\Lib\site-packages\starlette\routing.py", line 77, in app
    await wrap_app_handling_exceptions(app, request)(scope, receive, send)
  File "C:\Users\LaptopHL\AppData\Local\Programs\Python\Python313\Lib\site-packages\starlette\_exception_handler.py", line 64, in wrapped_app
    raise exc
  File "C:\Users\LaptopHL\AppData\Local\Programs\Python\Python313\Lib\site-packages\starlette\_exception_handler.py", line 53, in wrapped_app
    await app(scope, receive, sender)
  File "C:\Users\LaptopHL\AppData\Local\Programs\Python\Python313\Lib\site-packages\starlette\routing.py", line 72, in app
    response = await func(request)
               ^^^^^^^^^^^^^^^^^^^
  File "C:\Users\LaptopHL\AppData\Local\Programs\Python\Python313\Lib\site-packages\fastapi\routing.py", line 285, in app
    raise e
  File "C:\Users\LaptopHL\AppData\Local\Programs\Python\Python313\Lib\site-packages\fastapi\routing.py", line 275, in app
    solved_result = await solve_dependencies(
                    ^^^^^^^^^^^^^^^^^^^^^^^^^
    ...<5 lines>...
    )
    ^
  File "C:\Users\LaptopHL\AppData\Local\Programs\Python\Python313\Lib\site-packages\fastapi\dependencies\utils.py", line 598, in solve_dependencies
    solved = await call(**sub_values)
             ^^^^^^^^^^^^^^^^^^^^^^^^
  File "C:\Users\LaptopHL\DU_AN\7ty_system\dependencies.py", line 79, in get_current_user
    token_data = TokenData(user_id=user_id, username=payload.get("username"), role=payload.get("role"))
  File "C:\Users\LaptopHL\AppData\Local\Programs\Python\Python313\Lib\site-packages\pydantic\main.py", line 250, in __init__
    validated_self = self.__pydantic_validator__.validate_python(data, self_instance=self)
pydantic_core._pydantic_core.ValidationError: 2 validation errors for TokenData
user_id
  Input should be a valid integer, unable to parse string as an integer [type=int_parsing, input_value='admin', input_type=str]
    For further information visit https://errors.pydantic.dev/2.12/v/int_parsing
username
  Input should be a valid string [type=string_type, input_value=None, input_type=NoneType]
    For further information visit https://errors.pydantic.dev/2.12/v/string_type
2025-12-25 10:36:36,789 - main - ERROR - Unhandled exception: 2 validation errors for TokenData
user_id
  Input should be a valid integer, unable to parse string as an integer [type=int_parsing, input_value='admin', input_type=str]
    For further information visit https://errors.pydantic.dev/2.12/v/int_parsing
username
  Input should be a valid string [type=string_type, input_value=None, input_type=NoneType]
    For further information visit https://errors.pydantic.dev/2.12/v/string_type
Traceback (most recent call last):
  File "C:\Users\LaptopHL\AppData\Local\Programs\Python\Python313\Lib\site-packages\starlette\middleware\errors.py", line 164, in __call__
    await self.app(scope, receive, _send)
  File "C:\Users\LaptopHL\AppData\Local\Programs\Python\Python313\Lib\site-packages\starlette\middleware\gzip.py", line 24, in __call__
    await responder(scope, receive, send)
  File "C:\Users\LaptopHL\AppData\Local\Programs\Python\Python313\Lib\site-packages\starlette\middleware\gzip.py", line 44, in __call__
    await self.app(scope, receive, self.send_with_gzip)
  File "C:\Users\LaptopHL\AppData\Local\Programs\Python\Python313\Lib\site-packages\starlette\middleware\trustedhost.py", line 34, in __call__
    await self.app(scope, receive, send)
  File "C:\Users\LaptopHL\AppData\Local\Programs\Python\Python313\Lib\site-packages\starlette\middleware\cors.py", line 83, in __call__
    await self.app(scope, receive, send)
  File "C:\Users\LaptopHL\AppData\Local\Programs\Python\Python313\Lib\site-packages\starlette\middleware\exceptions.py", line 62, in __call__
    await wrap_app_handling_exceptions(self.app, conn)(scope, receive, send)
  File "C:\Users\LaptopHL\AppData\Local\Programs\Python\Python313\Lib\site-packages\starlette\_exception_handler.py", line 64, in wrapped_app
    raise exc
  File "C:\Users\LaptopHL\AppData\Local\Programs\Python\Python313\Lib\site-packages\starlette\_exception_handler.py", line 53, in wrapped_app
    await app(scope, receive, sender)
  File "C:\Users\LaptopHL\AppData\Local\Programs\Python\Python313\Lib\site-packages\starlette\routing.py", line 762, in __call__
    await self.middleware_stack(scope, receive, send)
  File "C:\Users\LaptopHL\AppData\Local\Programs\Python\Python313\Lib\site-packages\starlette\routing.py", line 782, in app
    await route.handle(scope, receive, send)
  File "C:\Users\LaptopHL\AppData\Local\Programs\Python\Python313\Lib\site-packages\starlette\routing.py", line 297, in handle
    await self.app(scope, receive, send)
  File "C:\Users\LaptopHL\AppData\Local\Programs\Python\Python313\Lib\site-packages\starlette\routing.py", line 77, in app
    await wrap_app_handling_exceptions(app, request)(scope, receive, send)
  File "C:\Users\LaptopHL\AppData\Local\Programs\Python\Python313\Lib\site-packages\starlette\_exception_handler.py", line 64, in wrapped_app
    raise exc
  File "C:\Users\LaptopHL\AppData\Local\Programs\Python\Python313\Lib\site-packages\starlette\_exception_handler.py", line 53, in wrapped_app
    await app(scope, receive, sender)
  File "C:\Users\LaptopHL\AppData\Local\Programs\Python\Python313\Lib\site-packages\starlette\routing.py", line 72, in app
    response = await func(request)
               ^^^^^^^^^^^^^^^^^^^
  File "C:\Users\LaptopHL\AppData\Local\Programs\Python\Python313\Lib\site-packages\fastapi\routing.py", line 285, in app
    raise e
  File "C:\Users\LaptopHL\AppData\Local\Programs\Python\Python313\Lib\site-packages\fastapi\routing.py", line 275, in app
    solved_result = await solve_dependencies(
                    ^^^^^^^^^^^^^^^^^^^^^^^^^
    ...<5 lines>...
    )
    ^
  File "C:\Users\LaptopHL\AppData\Local\Programs\Python\Python313\Lib\site-packages\fastapi\dependencies\utils.py", line 598, in solve_dependencies
    solved = await call(**sub_values)
             ^^^^^^^^^^^^^^^^^^^^^^^^
  File "C:\Users\LaptopHL\DU_AN\7ty_system\dependencies.py", line 79, in get_current_user
    token_data = TokenData(user_id=user_id, username=payload.get("username"), role=payload.get("role"))
  File "C:\Users\LaptopHL\AppData\Local\Programs\Python\Python313\Lib\site-packages\pydantic\main.py", line 250, in __init__
    validated_self = self.__pydantic_validator__.validate_python(data, self_instance=self)
pydantic_core._pydantic_core.ValidationError: 2 validation errors for TokenData
user_id
  Input should be a valid integer, unable to parse string as an integer [type=int_parsing, input_value='admin', input_type=str]
    For further information visit https://errors.pydantic.dev/2.12/v/int_parsing
username
  Input should be a valid string [type=string_type, input_value=None, input_type=NoneType]
    For further information visit https://errors.pydantic.dev/2.12/v/string_type
2025-12-25 10:36:37,247 - main - ERROR - Unhandled exception: 2 validation errors for TokenData
user_id
  Input should be a valid integer, unable to parse string as an integer [type=int_parsing, input_value='admin', input_type=str]
    For further information visit https://errors.pydantic.dev/2.12/v/int_parsing
username
  Input should be a valid string [type=string_type, input_value=None, input_type=NoneType]
    For further information visit https://errors.pydantic.dev/2.12/v/string_type
Traceback (most recent call last):
  File "C:\Users\LaptopHL\AppData\Local\Programs\Python\Python313\Lib\site-packages\starlette\middleware\errors.py", line 164, in __call__
    await self.app(scope, receive, _send)
  File "C:\Users\LaptopHL\AppData\Local\Programs\Python\Python313\Lib\site-packages\starlette\middleware\gzip.py", line 24, in __call__
    await responder(scope, receive, send)
  File "C:\Users\LaptopHL\AppData\Local\Programs\Python\Python313\Lib\site-packages\starlette\middleware\gzip.py", line 44, in __call__
    await self.app(scope, receive, self.send_with_gzip)
  File "C:\Users\LaptopHL\AppData\Local\Programs\Python\Python313\Lib\site-packages\starlette\middleware\trustedhost.py", line 34, in __call__
    await self.app(scope, receive, send)
  File "C:\Users\LaptopHL\AppData\Local\Programs\Python\Python313\Lib\site-packages\starlette\middleware\cors.py", line 83, in __call__
    await self.app(scope, receive, send)
  File "C:\Users\LaptopHL\AppData\Local\Programs\Python\Python313\Lib\site-packages\starlette\middleware\exceptions.py", line 62, in __call__
    await wrap_app_handling_exceptions(self.app, conn)(scope, receive, send)
  File "C:\Users\LaptopHL\AppData\Local\Programs\Python\Python313\Lib\site-packages\starlette\_exception_handler.py", line 64, in wrapped_app
    raise exc
  File "C:\Users\LaptopHL\AppData\Local\Programs\Python\Python313\Lib\site-packages\starlette\_exception_handler.py", line 53, in wrapped_app
    await app(scope, receive, sender)
  File "C:\Users\LaptopHL\AppData\Local\Programs\Python\Python313\Lib\site-packages\starlette\routing.py", line 762, in __call__
    await self.middleware_stack(scope, receive, send)
  File "C:\Users\LaptopHL\AppData\Local\Programs\Python\Python313\Lib\site-packages\starlette\routing.py", line 782, in app
    await route.handle(scope, receive, send)
  File "C:\Users\LaptopHL\AppData\Local\Programs\Python\Python313\Lib\site-packages\starlette\routing.py", line 297, in handle
    await self.app(scope, receive, send)
  File "C:\Users\LaptopHL\AppData\Local\Programs\Python\Python313\Lib\site-packages\starlette\routing.py", line 77, in app
    await wrap_app_handling_exceptions(app, request)(scope, receive, send)
  File "C:\Users\LaptopHL\AppData\Local\Programs\Python\Python313\Lib\site-packages\starlette\_exception_handler.py", line 64, in wrapped_app
    raise exc
  File "C:\Users\LaptopHL\AppData\Local\Programs\Python\Python313\Lib\site-packages\starlette\_exception_handler.py", line 53, in wrapped_app
    await app(scope, receive, sender)
  File "C:\Users\LaptopHL\AppData\Local\Programs\Python\Python313\Lib\site-packages\starlette\routing.py", line 72, in app
    response = await func(request)
               ^^^^^^^^^^^^^^^^^^^
  File "C:\Users\LaptopHL\AppData\Local\Programs\Python\Python313\Lib\site-packages\fastapi\routing.py", line 285, in app
    raise e
  File "C:\Users\LaptopHL\AppData\Local\Programs\Python\Python313\Lib\site-packages\fastapi\routing.py", line 275, in app
    solved_result = await solve_dependencies(
                    ^^^^^^^^^^^^^^^^^^^^^^^^^
    ...<5 lines>...
    )
    ^
  File "C:\Users\LaptopHL\AppData\Local\Programs\Python\Python313\Lib\site-packages\fastapi\dependencies\utils.py", line 598, in solve_dependencies
    solved = await call(**sub_values)
             ^^^^^^^^^^^^^^^^^^^^^^^^
  File "C:\Users\LaptopHL\DU_AN\7ty_system\dependencies.py", line 79, in get_current_user
    token_data = TokenData(user_id=user_id, username=payload.get("username"), role=payload.get("role"))
  File "C:\Users\LaptopHL\AppData\Local\Programs\Python\Python313\Lib\site-packages\pydantic\main.py", line 250, in __init__
    validated_self = self.__pydantic_validator__.validate_python(data, self_instance=self)
pydantic_core._pydantic_core.ValidationError: 2 validation errors for TokenData
user_id
  Input should be a valid integer, unable to parse string as an integer [type=int_parsing, input_value='admin', input_type=str]
    For further information visit https://errors.pydantic.dev/2.12/v/int_parsing
username
  Input should be a valid string [type=string_type, input_value=None, input_type=NoneType]
    For further information visit https://errors.pydantic.dev/2.12/v/string_type
2025-12-25 10:37:45,658 - main - INFO - Shutting down 7TY.VN System...
2025-12-25 10:39:08,095 - main - INFO - Starting 7TY.VN System...
2025-12-25 10:39:08,102 - main - INFO - Database tables created successfully
2025-12-25 10:39:29,316 - routers.auth - INFO - User logged in: admin from 127.0.0.1
2025-12-25 10:39:29,325 - database - ERROR - Database error: [{'type': 'missing', 'loc': ('query', 'func'), 'msg': 'Field required', 'input': None, 'url': 'https://errors.pydantic.dev/2.12/v/missing'}]
2025-12-25 10:39:29,346 - main - ERROR - Unhandled exception: 2 validation errors for TokenData
user_id
  Input should be a valid integer, unable to parse string as an integer [type=int_parsing, input_value='admin', input_type=str]
    For further information visit https://errors.pydantic.dev/2.12/v/int_parsing
username
  Input should be a valid string [type=string_type, input_value=None, input_type=NoneType]
    For further information visit https://errors.pydantic.dev/2.12/v/string_type
Traceback (most recent call last):
  File "C:\Users\LaptopHL\AppData\Local\Programs\Python\Python313\Lib\site-packages\starlette\middleware\errors.py", line 164, in __call__
    await self.app(scope, receive, _send)
  File "C:\Users\LaptopHL\AppData\Local\Programs\Python\Python313\Lib\site-packages\starlette\middleware\gzip.py", line 24, in __call__
    await responder(scope, receive, send)
  File "C:\Users\LaptopHL\AppData\Local\Programs\Python\Python313\Lib\site-packages\starlette\middleware\gzip.py", line 44, in __call__
    await self.app(scope, receive, self.send_with_gzip)
  File "C:\Users\LaptopHL\AppData\Local\Programs\Python\Python313\Lib\site-packages\starlette\middleware\trustedhost.py", line 34, in __call__
    await self.app(scope, receive, send)
  File "C:\Users\LaptopHL\AppData\Local\Programs\Python\Python313\Lib\site-packages\starlette\middleware\cors.py", line 83, in __call__
    await self.app(scope, receive, send)
  File "C:\Users\LaptopHL\AppData\Local\Programs\Python\Python313\Lib\site-packages\starlette\middleware\exceptions.py", line 62, in __call__
    await wrap_app_handling_exceptions(self.app, conn)(scope, receive, send)
  File "C:\Users\LaptopHL\AppData\Local\Programs\Python\Python313\Lib\site-packages\starlette\_exception_handler.py", line 64, in wrapped_app
    raise exc
  File "C:\Users\LaptopHL\AppData\Local\Programs\Python\Python313\Lib\site-packages\starlette\_exception_handler.py", line 53, in wrapped_app
    await app(scope, receive, sender)
  File "C:\Users\LaptopHL\AppData\Local\Programs\Python\Python313\Lib\site-packages\starlette\routing.py", line 762, in __call__
    await self.middleware_stack(scope, receive, send)
  File "C:\Users\LaptopHL\AppData\Local\Programs\Python\Python313\Lib\site-packages\starlette\routing.py", line 782, in app
    await route.handle(scope, receive, send)
  File "C:\Users\LaptopHL\AppData\Local\Programs\Python\Python313\Lib\site-packages\starlette\routing.py", line 297, in handle
    await self.app(scope, receive, send)
  File "C:\Users\LaptopHL\AppData\Local\Programs\Python\Python313\Lib\site-packages\starlette\routing.py", line 77, in app
    await wrap_app_handling_exceptions(app, request)(scope, receive, send)
  File "C:\Users\LaptopHL\AppData\Local\Programs\Python\Python313\Lib\site-packages\starlette\_exception_handler.py", line 64, in wrapped_app
    raise exc
  File "C:\Users\LaptopHL\AppData\Local\Programs\Python\Python313\Lib\site-packages\starlette\_exception_handler.py", line 53, in wrapped_app
    await app(scope, receive, sender)
  File "C:\Users\LaptopHL\AppData\Local\Programs\Python\Python313\Lib\site-packages\starlette\routing.py", line 72, in app
    response = await func(request)
               ^^^^^^^^^^^^^^^^^^^
  File "C:\Users\LaptopHL\AppData\Local\Programs\Python\Python313\Lib\site-packages\fastapi\routing.py", line 285, in app
    raise e
  File "C:\Users\LaptopHL\AppData\Local\Programs\Python\Python313\Lib\site-packages\fastapi\routing.py", line 275, in app
    solved_result = await solve_dependencies(
                    ^^^^^^^^^^^^^^^^^^^^^^^^^
    ...<5 lines>...
    )
    ^
  File "C:\Users\LaptopHL\AppData\Local\Programs\Python\Python313\Lib\site-packages\fastapi\dependencies\utils.py", line 598, in solve_dependencies
    solved = await call(**sub_values)
             ^^^^^^^^^^^^^^^^^^^^^^^^
  File "C:\Users\LaptopHL\DU_AN\7ty_system\dependencies.py", line 79, in get_current_user
    token_data = TokenData(user_id=user_id, username=payload.get("username"), role=payload.get("role"))
  File "C:\Users\LaptopHL\AppData\Local\Programs\Python\Python313\Lib\site-packages\pydantic\main.py", line 250, in __init__
    validated_self = self.__pydantic_validator__.validate_python(data, self_instance=self)
pydantic_core._pydantic_core.ValidationError: 2 validation errors for TokenData
user_id
  Input should be a valid integer, unable to parse string as an integer [type=int_parsing, input_value='admin', input_type=str]
    For further information visit https://errors.pydantic.dev/2.12/v/int_parsing
username
  Input should be a valid string [type=string_type, input_value=None, input_type=NoneType]
    For further information visit https://errors.pydantic.dev/2.12/v/string_type
2025-12-25 10:39:29,368 - main - ERROR - Unhandled exception: 2 validation errors for TokenData
user_id
  Input should be a valid integer, unable to parse string as an integer [type=int_parsing, input_value='admin', input_type=str]
    For further information visit https://errors.pydantic.dev/2.12/v/int_parsing
username
  Input should be a valid string [type=string_type, input_value=None, input_type=NoneType]
    For further information visit https://errors.pydantic.dev/2.12/v/string_type
Traceback (most recent call last):
  File "C:\Users\LaptopHL\AppData\Local\Programs\Python\Python313\Lib\site-packages\starlette\middleware\errors.py", line 164, in __call__
    await self.app(scope, receive, _send)
  File "C:\Users\LaptopHL\AppData\Local\Programs\Python\Python313\Lib\site-packages\starlette\middleware\gzip.py", line 24, in __call__
    await responder(scope, receive, send)
  File "C:\Users\LaptopHL\AppData\Local\Programs\Python\Python313\Lib\site-packages\starlette\middleware\gzip.py", line 44, in __call__
    await self.app(scope, receive, self.send_with_gzip)
  File "C:\Users\LaptopHL\AppData\Local\Programs\Python\Python313\Lib\site-packages\starlette\middleware\trustedhost.py", line 34, in __call__
    await self.app(scope, receive, send)
  File "C:\Users\LaptopHL\AppData\Local\Programs\Python\Python313\Lib\site-packages\starlette\middleware\cors.py", line 83, in __call__
    await self.app(scope, receive, send)
  File "C:\Users\LaptopHL\AppData\Local\Programs\Python\Python313\Lib\site-packages\starlette\middleware\exceptions.py", line 62, in __call__
    await wrap_app_handling_exceptions(self.app, conn)(scope, receive, send)
  File "C:\Users\LaptopHL\AppData\Local\Programs\Python\Python313\Lib\site-packages\starlette\_exception_handler.py", line 64, in wrapped_app
    raise exc
  File "C:\Users\LaptopHL\AppData\Local\Programs\Python\Python313\Lib\site-packages\starlette\_exception_handler.py", line 53, in wrapped_app
    await app(scope, receive, sender)
  File "C:\Users\LaptopHL\AppData\Local\Programs\Python\Python313\Lib\site-packages\starlette\routing.py", line 762, in __call__
    await self.middleware_stack(scope, receive, send)
  File "C:\Users\LaptopHL\AppData\Local\Programs\Python\Python313\Lib\site-packages\starlette\routing.py", line 782, in app
    await route.handle(scope, receive, send)
  File "C:\Users\LaptopHL\AppData\Local\Programs\Python\Python313\Lib\site-packages\starlette\routing.py", line 297, in handle
    await self.app(scope, receive, send)
  File "C:\Users\LaptopHL\AppData\Local\Programs\Python\Python313\Lib\site-packages\starlette\routing.py", line 77, in app
    await wrap_app_handling_exceptions(app, request)(scope, receive, send)
  File "C:\Users\LaptopHL\AppData\Local\Programs\Python\Python313\Lib\site-packages\starlette\_exception_handler.py", line 64, in wrapped_app
    raise exc
  File "C:\Users\LaptopHL\AppData\Local\Programs\Python\Python313\Lib\site-packages\starlette\_exception_handler.py", line 53, in wrapped_app
    await app(scope, receive, sender)
  File "C:\Users\LaptopHL\AppData\Local\Programs\Python\Python313\Lib\site-packages\starlette\routing.py", line 72, in app
    response = await func(request)
               ^^^^^^^^^^^^^^^^^^^
  File "C:\Users\LaptopHL\AppData\Local\Programs\Python\Python313\Lib\site-packages\fastapi\routing.py", line 285, in app
    raise e
  File "C:\Users\LaptopHL\AppData\Local\Programs\Python\Python313\Lib\site-packages\fastapi\routing.py", line 275, in app
    solved_result = await solve_dependencies(
                    ^^^^^^^^^^^^^^^^^^^^^^^^^
    ...<5 lines>...
    )
    ^
  File "C:\Users\LaptopHL\AppData\Local\Programs\Python\Python313\Lib\site-packages\fastapi\dependencies\utils.py", line 598, in solve_dependencies
    solved = await call(**sub_values)
             ^^^^^^^^^^^^^^^^^^^^^^^^
  File "C:\Users\LaptopHL\DU_AN\7ty_system\dependencies.py", line 79, in get_current_user
    token_data = TokenData(user_id=user_id, username=payload.get("username"), role=payload.get("role"))
  File "C:\Users\LaptopHL\AppData\Local\Programs\Python\Python313\Lib\site-packages\pydantic\main.py", line 250, in __init__
    validated_self = self.__pydantic_validator__.validate_python(data, self_instance=self)
pydantic_core._pydantic_core.ValidationError: 2 validation errors for TokenData
user_id
  Input should be a valid integer, unable to parse string as an integer [type=int_parsing, input_value='admin', input_type=str]
    For further information visit https://errors.pydantic.dev/2.12/v/int_parsing
username
  Input should be a valid string [type=string_type, input_value=None, input_type=NoneType]
    For further information visit https://errors.pydantic.dev/2.12/v/string_type
2025-12-25 10:39:29,380 - database - ERROR - Database error: 2 validation errors for TokenData
user_id
  Input should be a valid integer, unable to parse string as an integer [type=int_parsing, input_value='admin', input_type=str]
    For further information visit https://errors.pydantic.dev/2.12/v/int_parsing
username
  Input should be a valid string [type=string_type, input_value=None, input_type=NoneType]
    For further information visit https://errors.pydantic.dev/2.12/v/string_type
2025-12-25 10:39:29,381 - main - ERROR - Unhandled exception: 2 validation errors for TokenData
user_id
  Input should be a valid integer, unable to parse string as an integer [type=int_parsing, input_value='admin', input_type=str]
    For further information visit https://errors.pydantic.dev/2.12/v/int_parsing
username
  Input should be a valid string [type=string_type, input_value=None, input_type=NoneType]
    For further information visit https://errors.pydantic.dev/2.12/v/string_type
Traceback (most recent call last):
  File "C:\Users\LaptopHL\AppData\Local\Programs\Python\Python313\Lib\site-packages\starlette\middleware\errors.py", line 164, in __call__
    await self.app(scope, receive, _send)
  File "C:\Users\LaptopHL\AppData\Local\Programs\Python\Python313\Lib\site-packages\starlette\middleware\gzip.py", line 24, in __call__
    await responder(scope, receive, send)
  File "C:\Users\LaptopHL\AppData\Local\Programs\Python\Python313\Lib\site-packages\starlette\middleware\gzip.py", line 44, in __call__
    await self.app(scope, receive, self.send_with_gzip)
  File "C:\Users\LaptopHL\AppData\Local\Programs\Python\Python313\Lib\site-packages\starlette\middleware\trustedhost.py", line 34, in __call__
    await self.app(scope, receive, send)
  File "C:\Users\LaptopHL\AppData\Local\Programs\Python\Python313\Lib\site-packages\starlette\middleware\cors.py", line 83, in __call__
    await self.app(scope, receive, send)
  File "C:\Users\LaptopHL\AppData\Local\Programs\Python\Python313\Lib\site-packages\starlette\middleware\exceptions.py", line 62, in __call__
    await wrap_app_handling_exceptions(self.app, conn)(scope, receive, send)
  File "C:\Users\LaptopHL\AppData\Local\Programs\Python\Python313\Lib\site-packages\starlette\_exception_handler.py", line 64, in wrapped_app
    raise exc
  File "C:\Users\LaptopHL\AppData\Local\Programs\Python\Python313\Lib\site-packages\starlette\_exception_handler.py", line 53, in wrapped_app
    await app(scope, receive, sender)
  File "C:\Users\LaptopHL\AppData\Local\Programs\Python\Python313\Lib\site-packages\starlette\routing.py", line 762, in __call__
    await self.middleware_stack(scope, receive, send)
  File "C:\Users\LaptopHL\AppData\Local\Programs\Python\Python313\Lib\site-packages\starlette\routing.py", line 782, in app
    await route.handle(scope, receive, send)
  File "C:\Users\LaptopHL\AppData\Local\Programs\Python\Python313\Lib\site-packages\starlette\routing.py", line 297, in handle
    await self.app(scope, receive, send)
  File "C:\Users\LaptopHL\AppData\Local\Programs\Python\Python313\Lib\site-packages\starlette\routing.py", line 77, in app
    await wrap_app_handling_exceptions(app, request)(scope, receive, send)
  File "C:\Users\LaptopHL\AppData\Local\Programs\Python\Python313\Lib\site-packages\starlette\_exception_handler.py", line 64, in wrapped_app
    raise exc
  File "C:\Users\LaptopHL\AppData\Local\Programs\Python\Python313\Lib\site-packages\starlette\_exception_handler.py", line 53, in wrapped_app
    await app(scope, receive, sender)
  File "C:\Users\LaptopHL\AppData\Local\Programs\Python\Python313\Lib\site-packages\starlette\routing.py", line 72, in app
    response = await func(request)
               ^^^^^^^^^^^^^^^^^^^
  File "C:\Users\LaptopHL\AppData\Local\Programs\Python\Python313\Lib\site-packages\fastapi\routing.py", line 285, in app
    raise e
  File "C:\Users\LaptopHL\AppData\Local\Programs\Python\Python313\Lib\site-packages\fastapi\routing.py", line 275, in app
    solved_result = await solve_dependencies(
                    ^^^^^^^^^^^^^^^^^^^^^^^^^
    ...<5 lines>...
    )
    ^
  File "C:\Users\LaptopHL\AppData\Local\Programs\Python\Python313\Lib\site-packages\fastapi\dependencies\utils.py", line 598, in solve_dependencies
    solved = await call(**sub_values)
             ^^^^^^^^^^^^^^^^^^^^^^^^
  File "C:\Users\LaptopHL\DU_AN\7ty_system\dependencies.py", line 79, in get_current_user
    token_data = TokenData(user_id=user_id, username=payload.get("username"), role=payload.get("role"))
  File "C:\Users\LaptopHL\AppData\Local\Programs\Python\Python313\Lib\site-packages\pydantic\main.py", line 250, in __init__
    validated_self = self.__pydantic_validator__.validate_python(data, self_instance=self)
pydantic_core._pydantic_core.ValidationError: 2 validation errors for TokenData
user_id
  Input should be a valid integer, unable to parse string as an integer [type=int_parsing, input_value='admin', input_type=str]
    For further information visit https://errors.pydantic.dev/2.12/v/int_parsing
username
  Input should be a valid string [type=string_type, input_value=None, input_type=NoneType]
    For further information visit https://errors.pydantic.dev/2.12/v/string_type
2025-12-25 10:39:29,402 - main - ERROR - Unhandled exception: 2 validation errors for TokenData
user_id
  Input should be a valid integer, unable to parse string as an integer [type=int_parsing, input_value='admin', input_type=str]
    For further information visit https://errors.pydantic.dev/2.12/v/int_parsing
username
  Input should be a valid string [type=string_type, input_value=None, input_type=NoneType]
    For further information visit https://errors.pydantic.dev/2.12/v/string_type
Traceback (most recent call last):
  File "C:\Users\LaptopHL\AppData\Local\Programs\Python\Python313\Lib\site-packages\starlette\middleware\errors.py", line 164, in __call__
    await self.app(scope, receive, _send)
  File "C:\Users\LaptopHL\AppData\Local\Programs\Python\Python313\Lib\site-packages\starlette\middleware\gzip.py", line 24, in __call__
    await responder(scope, receive, send)
  File "C:\Users\LaptopHL\AppData\Local\Programs\Python\Python313\Lib\site-packages\starlette\middleware\gzip.py", line 44, in __call__
    await self.app(scope, receive, self.send_with_gzip)
  File "C:\Users\LaptopHL\AppData\Local\Programs\Python\Python313\Lib\site-packages\starlette\middleware\trustedhost.py", line 34, in __call__
    await self.app(scope, receive, send)
  File "C:\Users\LaptopHL\AppData\Local\Programs\Python\Python313\Lib\site-packages\starlette\middleware\cors.py", line 83, in __call__
    await self.app(scope, receive, send)
  File "C:\Users\LaptopHL\AppData\Local\Programs\Python\Python313\Lib\site-packages\starlette\middleware\exceptions.py", line 62, in __call__
    await wrap_app_handling_exceptions(self.app, conn)(scope, receive, send)
  File "C:\Users\LaptopHL\AppData\Local\Programs\Python\Python313\Lib\site-packages\starlette\_exception_handler.py", line 64, in wrapped_app
    raise exc
  File "C:\Users\LaptopHL\AppData\Local\Programs\Python\Python313\Lib\site-packages\starlette\_exception_handler.py", line 53, in wrapped_app
    await app(scope, receive, sender)
  File "C:\Users\LaptopHL\AppData\Local\Programs\Python\Python313\Lib\site-packages\starlette\routing.py", line 762, in __call__
    await self.middleware_stack(scope, receive, send)
  File "C:\Users\LaptopHL\AppData\Local\Programs\Python\Python313\Lib\site-packages\starlette\routing.py", line 782, in app
    await route.handle(scope, receive, send)
  File "C:\Users\LaptopHL\AppData\Local\Programs\Python\Python313\Lib\site-packages\starlette\routing.py", line 297, in handle
    await self.app(scope, receive, send)
  File "C:\Users\LaptopHL\AppData\Local\Programs\Python\Python313\Lib\site-packages\starlette\routing.py", line 77, in app
    await wrap_app_handling_exceptions(app, request)(scope, receive, send)
  File "C:\Users\LaptopHL\AppData\Local\Programs\Python\Python313\Lib\site-packages\starlette\_exception_handler.py", line 64, in wrapped_app
    raise exc
  File "C:\Users\LaptopHL\AppData\Local\Programs\Python\Python313\Lib\site-packages\starlette\_exception_handler.py", line 53, in wrapped_app
    await app(scope, receive, sender)
  File "C:\Users\LaptopHL\AppData\Local\Programs\Python\Python313\Lib\site-packages\starlette\routing.py", line 72, in app
    response = await func(request)
               ^^^^^^^^^^^^^^^^^^^
  File "C:\Users\LaptopHL\AppData\Local\Programs\Python\Python313\Lib\site-packages\fastapi\routing.py", line 285, in app
    raise e
  File "C:\Users\LaptopHL\AppData\Local\Programs\Python\Python313\Lib\site-packages\fastapi\routing.py", line 275, in app
    solved_result = await solve_dependencies(
                    ^^^^^^^^^^^^^^^^^^^^^^^^^
    ...<5 lines>...
    )
    ^
  File "C:\Users\LaptopHL\AppData\Local\Programs\Python\Python313\Lib\site-packages\fastapi\dependencies\utils.py", line 570, in solve_dependencies
    solved_result = await solve_dependencies(
                    ^^^^^^^^^^^^^^^^^^^^^^^^^
    ...<8 lines>...
    )
    ^
  File "C:\Users\LaptopHL\AppData\Local\Programs\Python\Python313\Lib\site-packages\fastapi\dependencies\utils.py", line 570, in solve_dependencies
    solved_result = await solve_dependencies(
                    ^^^^^^^^^^^^^^^^^^^^^^^^^
    ...<8 lines>...
    )
    ^
  File "C:\Users\LaptopHL\AppData\Local\Programs\Python\Python313\Lib\site-packages\fastapi\dependencies\utils.py", line 598, in solve_dependencies
    solved = await call(**sub_values)
             ^^^^^^^^^^^^^^^^^^^^^^^^
  File "C:\Users\LaptopHL\DU_AN\7ty_system\dependencies.py", line 79, in get_current_user
    token_data = TokenData(user_id=user_id, username=payload.get("username"), role=payload.get("role"))
  File "C:\Users\LaptopHL\AppData\Local\Programs\Python\Python313\Lib\site-packages\pydantic\main.py", line 250, in __init__
    validated_self = self.__pydantic_validator__.validate_python(data, self_instance=self)
pydantic_core._pydantic_core.ValidationError: 2 validation errors for TokenData
user_id
  Input should be a valid integer, unable to parse string as an integer [type=int_parsing, input_value='admin', input_type=str]
    For further information visit https://errors.pydantic.dev/2.12/v/int_parsing
username
  Input should be a valid string [type=string_type, input_value=None, input_type=NoneType]
    For further information visit https://errors.pydantic.dev/2.12/v/string_type
2025-12-25 10:39:29,415 - main - ERROR - Unhandled exception: 2 validation errors for TokenData
user_id
  Input should be a valid integer, unable to parse string as an integer [type=int_parsing, input_value='admin', input_type=str]
    For further information visit https://errors.pydantic.dev/2.12/v/int_parsing
username
  Input should be a valid string [type=string_type, input_value=None, input_type=NoneType]
    For further information visit https://errors.pydantic.dev/2.12/v/string_type
Traceback (most recent call last):
  File "C:\Users\LaptopHL\AppData\Local\Programs\Python\Python313\Lib\site-packages\starlette\middleware\errors.py", line 164, in __call__
    await self.app(scope, receive, _send)
  File "C:\Users\LaptopHL\AppData\Local\Programs\Python\Python313\Lib\site-packages\starlette\middleware\gzip.py", line 24, in __call__
    await responder(scope, receive, send)
  File "C:\Users\LaptopHL\AppData\Local\Programs\Python\Python313\Lib\site-packages\starlette\middleware\gzip.py", line 44, in __call__
    await self.app(scope, receive, self.send_with_gzip)
  File "C:\Users\LaptopHL\AppData\Local\Programs\Python\Python313\Lib\site-packages\starlette\middleware\trustedhost.py", line 34, in __call__
    await self.app(scope, receive, send)
  File "C:\Users\LaptopHL\AppData\Local\Programs\Python\Python313\Lib\site-packages\starlette\middleware\cors.py", line 83, in __call__
    await self.app(scope, receive, send)
  File "C:\Users\LaptopHL\AppData\Local\Programs\Python\Python313\Lib\site-packages\starlette\middleware\exceptions.py", line 62, in __call__
    await wrap_app_handling_exceptions(self.app, conn)(scope, receive, send)
  File "C:\Users\LaptopHL\AppData\Local\Programs\Python\Python313\Lib\site-packages\starlette\_exception_handler.py", line 64, in wrapped_app
    raise exc
  File "C:\Users\LaptopHL\AppData\Local\Programs\Python\Python313\Lib\site-packages\starlette\_exception_handler.py", line 53, in wrapped_app
    await app(scope, receive, sender)
  File "C:\Users\LaptopHL\AppData\Local\Programs\Python\Python313\Lib\site-packages\starlette\routing.py", line 762, in __call__
    await self.middleware_stack(scope, receive, send)
  File "C:\Users\LaptopHL\AppData\Local\Programs\Python\Python313\Lib\site-packages\starlette\routing.py", line 782, in app
    await route.handle(scope, receive, send)
  File "C:\Users\LaptopHL\AppData\Local\Programs\Python\Python313\Lib\site-packages\starlette\routing.py", line 297, in handle
    await self.app(scope, receive, send)
  File "C:\Users\LaptopHL\AppData\Local\Programs\Python\Python313\Lib\site-packages\starlette\routing.py", line 77, in app
    await wrap_app_handling_exceptions(app, request)(scope, receive, send)
  File "C:\Users\LaptopHL\AppData\Local\Programs\Python\Python313\Lib\site-packages\starlette\_exception_handler.py", line 64, in wrapped_app
    raise exc
  File "C:\Users\LaptopHL\AppData\Local\Programs\Python\Python313\Lib\site-packages\starlette\_exception_handler.py", line 53, in wrapped_app
    await app(scope, receive, sender)
  File "C:\Users\LaptopHL\AppData\Local\Programs\Python\Python313\Lib\site-packages\starlette\routing.py", line 72, in app
    response = await func(request)
               ^^^^^^^^^^^^^^^^^^^
  File "C:\Users\LaptopHL\AppData\Local\Programs\Python\Python313\Lib\site-packages\fastapi\routing.py", line 285, in app
    raise e
  File "C:\Users\LaptopHL\AppData\Local\Programs\Python\Python313\Lib\site-packages\fastapi\routing.py", line 275, in app
    solved_result = await solve_dependencies(
                    ^^^^^^^^^^^^^^^^^^^^^^^^^
    ...<5 lines>...
    )
    ^
  File "C:\Users\LaptopHL\AppData\Local\Programs\Python\Python313\Lib\site-packages\fastapi\dependencies\utils.py", line 570, in solve_dependencies
    solved_result = await solve_dependencies(
                    ^^^^^^^^^^^^^^^^^^^^^^^^^
    ...<8 lines>...
    )
    ^
  File "C:\Users\LaptopHL\AppData\Local\Programs\Python\Python313\Lib\site-packages\fastapi\dependencies\utils.py", line 598, in solve_dependencies
    solved = await call(**sub_values)
             ^^^^^^^^^^^^^^^^^^^^^^^^
  File "C:\Users\LaptopHL\DU_AN\7ty_system\dependencies.py", line 79, in get_current_user
    token_data = TokenData(user_id=user_id, username=payload.get("username"), role=payload.get("role"))
  File "C:\Users\LaptopHL\AppData\Local\Programs\Python\Python313\Lib\site-packages\pydantic\main.py", line 250, in __init__
    validated_self = self.__pydantic_validator__.validate_python(data, self_instance=self)
pydantic_core._pydantic_core.ValidationError: 2 validation errors for TokenData
user_id
  Input should be a valid integer, unable to parse string as an integer [type=int_parsing, input_value='admin', input_type=str]
    For further information visit https://errors.pydantic.dev/2.12/v/int_parsing
username
  Input should be a valid string [type=string_type, input_value=None, input_type=NoneType]
    For further information visit https://errors.pydantic.dev/2.12/v/string_type
2025-12-25 10:40:41,987 - main - INFO - Shutting down 7TY.VN System...
2025-12-25 10:40:46,318 - main - INFO - Starting 7TY.VN System...
2025-12-25 10:40:46,323 - main - INFO - Database tables created successfully
2025-12-25 10:40:57,291 - main - INFO - Shutting down 7TY.VN System...
2025-12-25 10:41:01,418 - main - INFO - Starting 7TY.VN System...
2025-12-25 10:41:01,423 - main - INFO - Database tables created successfully
2025-12-25 10:41:05,942 - main - INFO - Starting 7TY.VN System...
2025-12-25 10:41:05,948 - main - INFO - Database tables created successfully
2025-12-25 10:41:10,085 - main - INFO - Starting 7TY.VN System...
2025-12-25 10:41:10,090 - main - INFO - Database tables created successfully
2025-12-25 10:41:17,324 - main - INFO - Shutting down 7TY.VN System...
2025-12-25 10:41:21,390 - main - INFO - Starting 7TY.VN System...
2025-12-25 10:41:21,395 - main - INFO - Database tables created successfully
2025-12-25 10:41:28,762 - main - INFO - Starting 7TY.VN System...
2025-12-25 10:41:28,768 - main - INFO - Database tables created successfully
2025-12-25 10:41:28,771 - main - INFO - Shutting down 7TY.VN System...
2025-12-25 10:41:50,674 - main - INFO - Starting 7TY.VN System...
2025-12-25 10:41:50,680 - main - INFO - Database tables created successfully
2025-12-25 10:41:50,682 - main - INFO - Shutting down 7TY.VN System...
2025-12-25 10:43:43,415 - main - INFO - Starting 7TY.VN System...
2025-12-25 10:43:43,429 - main - INFO - Database tables created successfully
2025-12-25 10:44:27,527 - routers.auth - INFO - User logged in: admin from 127.0.0.1
2025-12-25 10:44:27,538 - database - ERROR - Database error: [{'type': 'missing', 'loc': ('query', 'func'), 'msg': 'Field required', 'input': None, 'url': 'https://errors.pydantic.dev/2.12/v/missing'}]
2025-12-25 10:44:42,372 - routers.auth - INFO - User logged in: admin from 127.0.0.1
2025-12-25 10:44:42,384 - database - ERROR - Database error: [{'type': 'missing', 'loc': ('query', 'func'), 'msg': 'Field required', 'input': None, 'url': 'https://errors.pydantic.dev/2.12/v/missing'}]
2025-12-25 10:44:42,409 - dependencies - ERROR - JWT decode error: Subject must be a string.
2025-12-25 10:44:42,411 - main - WARNING - HTTPException: 401 - Could not validate credentials
2025-12-25 10:44:42,433 - dependencies - ERROR - JWT decode error: Subject must be a string.
2025-12-25 10:44:42,435 - main - WARNING - HTTPException: 401 - Could not validate credentials
2025-12-25 10:44:42,458 - dependencies - ERROR - JWT decode error: Subject must be a string.
2025-12-25 10:44:42,461 - database - ERROR - Database error: 401: Could not validate credentials
2025-12-25 10:44:42,462 - main - WARNING - HTTPException: 401 - Could not validate credentials
2025-12-25 10:44:42,497 - dependencies - ERROR - JWT decode error: Subject must be a string.
2025-12-25 10:44:42,499 - main - WARNING - HTTPException: 401 - Could not validate credentials
2025-12-25 10:44:42,521 - dependencies - ERROR - JWT decode error: Subject must be a string.
2025-12-25 10:44:42,522 - main - WARNING - HTTPException: 401 - Could not validate credentials
2025-12-25 10:44:42,545 - dependencies - ERROR - JWT decode error: Subject must be a string.
2025-12-25 10:44:42,547 - main - WARNING - HTTPException: 401 - Could not validate credentials
2025-12-25 10:44:59,292 - main - INFO - Shutting down 7TY.VN System...
2025-12-25 10:45:23,103 - main - INFO - Starting 7TY.VN System...
2025-12-25 10:45:23,110 - main - INFO - Database tables created successfully
2025-12-25 10:45:46,800 - routers.auth - INFO - User logged in: admin from 127.0.0.1
2025-12-25 10:45:46,844 - database - ERROR - Database error: [{'type': 'missing', 'loc': ('query', 'func'), 'msg': 'Field required', 'input': None, 'url': 'https://errors.pydantic.dev/2.12/v/missing'}]
2025-12-25 10:45:46,859 - routers.agents - ERROR - Get agents error: Can't determine join between 'agents' and 'users'; tables have more than one foreign key constraint relationship between them. Please specify the 'onclause' of this join explicitly.
2025-12-25 10:45:46,860 - database - ERROR - Database error: 500: Failed to get agents list
2025-12-25 10:45:46,861 - main - WARNING - HTTPException: 500 - Failed to get agents list
2025-12-25 10:45:46,887 - routers.bills - ERROR - Get bills error: attribute name must be string, not 'NoneType'
2025-12-25 10:45:46,887 - database - ERROR - Database error: 500: Failed to get bills list
2025-12-25 10:45:46,888 - main - WARNING - HTTPException: 500 - Failed to get bills list
2025-12-25 10:45:46,922 - database - ERROR - Database error: 'NoneType' object has no attribute 'HTTP_500_INTERNAL_SERVER_ERROR'
2025-12-25 10:45:46,923 - main - ERROR - Unhandled exception: 'NoneType' object has no attribute 'HTTP_500_INTERNAL_SERVER_ERROR'
Traceback (most recent call last):
  File "C:\Users\LaptopHL\DU_AN\7ty_system\routers\transactions.py", line 112, in get_transactions
    return PaginatedResponse(
        success=True,
    ...<4 lines>...
        items=transactions
    )
  File "C:\Users\LaptopHL\AppData\Local\Programs\Python\Python313\Lib\site-packages\pydantic\main.py", line 250, in __init__
    validated_self = self.__pydantic_validator__.validate_python(data, self_instance=self)
pydantic_core._pydantic_core.ValidationError: 2 validation errors for PaginatedResponse
data
  Field required [type=missing, input_value={'success': True, 'page':..._pages': 0, 'items': []}, input_type=dict]
    For further information visit https://errors.pydantic.dev/2.12/v/missing
pages
  Field required [type=missing, input_value={'success': True, 'page':..._pages': 0, 'items': []}, input_type=dict]
    For further information visit https://errors.pydantic.dev/2.12/v/missing

During handling of the above exception, another exception occurred:

Traceback (most recent call last):
  File "C:\Users\LaptopHL\AppData\Local\Programs\Python\Python313\Lib\site-packages\starlette\middleware\errors.py", line 164, in __call__
    await self.app(scope, receive, _send)
  File "C:\Users\LaptopHL\AppData\Local\Programs\Python\Python313\Lib\site-packages\starlette\middleware\gzip.py", line 24, in __call__
    await responder(scope, receive, send)
  File "C:\Users\LaptopHL\AppData\Local\Programs\Python\Python313\Lib\site-packages\starlette\middleware\gzip.py", line 44, in __call__
    await self.app(scope, receive, self.send_with_gzip)
  File "C:\Users\LaptopHL\AppData\Local\Programs\Python\Python313\Lib\site-packages\starlette\middleware\trustedhost.py", line 34, in __call__
    await self.app(scope, receive, send)
  File "C:\Users\LaptopHL\AppData\Local\Programs\Python\Python313\Lib\site-packages\starlette\middleware\cors.py", line 83, in __call__
    await self.app(scope, receive, send)
  File "C:\Users\LaptopHL\AppData\Local\Programs\Python\Python313\Lib\site-packages\starlette\middleware\exceptions.py", line 62, in __call__
    await wrap_app_handling_exceptions(self.app, conn)(scope, receive, send)
  File "C:\Users\LaptopHL\AppData\Local\Programs\Python\Python313\Lib\site-packages\starlette\_exception_handler.py", line 64, in wrapped_app
    raise exc
  File "C:\Users\LaptopHL\AppData\Local\Programs\Python\Python313\Lib\site-packages\starlette\_exception_handler.py", line 53, in wrapped_app
    await app(scope, receive, sender)
  File "C:\Users\LaptopHL\AppData\Local\Programs\Python\Python313\Lib\site-packages\starlette\routing.py", line 762, in __call__
    await self.middleware_stack(scope, receive, send)
  File "C:\Users\LaptopHL\AppData\Local\Programs\Python\Python313\Lib\site-packages\starlette\routing.py", line 782, in app
    await route.handle(scope, receive, send)
  File "C:\Users\LaptopHL\AppData\Local\Programs\Python\Python313\Lib\site-packages\starlette\routing.py", line 297, in handle
    await self.app(scope, receive, send)
  File "C:\Users\LaptopHL\AppData\Local\Programs\Python\Python313\Lib\site-packages\starlette\routing.py", line 77, in app
    await wrap_app_handling_exceptions(app, request)(scope, receive, send)
  File "C:\Users\LaptopHL\AppData\Local\Programs\Python\Python313\Lib\site-packages\starlette\_exception_handler.py", line 64, in wrapped_app
    raise exc
  File "C:\Users\LaptopHL\AppData\Local\Programs\Python\Python313\Lib\site-packages\starlette\_exception_handler.py", line 53, in wrapped_app
    await app(scope, receive, sender)
  File "C:\Users\LaptopHL\AppData\Local\Programs\Python\Python313\Lib\site-packages\starlette\routing.py", line 72, in app
    response = await func(request)
               ^^^^^^^^^^^^^^^^^^^
  File "C:\Users\LaptopHL\AppData\Local\Programs\Python\Python313\Lib\site-packages\fastapi\routing.py", line 299, in app
    raise e
  File "C:\Users\LaptopHL\AppData\Local\Programs\Python\Python313\Lib\site-packages\fastapi\routing.py", line 294, in app
    raw_response = await run_endpoint_function(
                   ^^^^^^^^^^^^^^^^^^^^^^^^^^^^
        dependant=dependant, values=values, is_coroutine=is_coroutine
        ^^^^^^^^^^^^^^^^^^^^^^^^^^^^^^^^^^^^^^^^^^^^^^^^^^^^^^^^^^^^^
    )
    ^
  File "C:\Users\LaptopHL\AppData\Local\Programs\Python\Python313\Lib\site-packages\fastapi\routing.py", line 193, in run_endpoint_function
    return await run_in_threadpool(dependant.call, **values)
           ^^^^^^^^^^^^^^^^^^^^^^^^^^^^^^^^^^^^^^^^^^^^^^^^^
  File "C:\Users\LaptopHL\AppData\Local\Programs\Python\Python313\Lib\site-packages\starlette\concurrency.py", line 40, in run_in_threadpool
    return await anyio.to_thread.run_sync(func, *args)
           ^^^^^^^^^^^^^^^^^^^^^^^^^^^^^^^^^^^^^^^^^^^
  File "C:\Users\LaptopHL\AppData\Local\Programs\Python\Python313\Lib\site-packages\anyio\to_thread.py", line 33, in run_sync
    return await get_asynclib().run_sync_in_worker_thread(
           ^^^^^^^^^^^^^^^^^^^^^^^^^^^^^^^^^^^^^^^^^^^^^^^
        func, *args, cancellable=cancellable, limiter=limiter
        ^^^^^^^^^^^^^^^^^^^^^^^^^^^^^^^^^^^^^^^^^^^^^^^^^^^^^
    )
    ^
  File "C:\Users\LaptopHL\AppData\Local\Programs\Python\Python313\Lib\site-packages\anyio\_backends\_asyncio.py", line 877, in run_sync_in_worker_thread
    return await future
           ^^^^^^^^^^^^
  File "C:\Users\LaptopHL\AppData\Local\Programs\Python\Python313\Lib\site-packages\anyio\_backends\_asyncio.py", line 807, in run
    result = context.run(func, *args)
  File "C:\Users\LaptopHL\DU_AN\7ty_system\routers\transactions.py", line 123, in get_transactions
    status_code=status.HTTP_500_INTERNAL_SERVER_ERROR,
                ^^^^^^^^^^^^^^^^^^^^^^^^^^^^^^^^^^^^^
AttributeError: 'NoneType' object has no attribute 'HTTP_500_INTERNAL_SERVER_ERROR'
2025-12-25 10:46:05,656 - routers.auth - INFO - User logged in: admin from 127.0.0.1
2025-12-25 10:46:05,683 - routers.agents - ERROR - Get agents error: Can't determine join between 'agents' and 'users'; tables have more than one foreign key constraint relationship between them. Please specify the 'onclause' of this join explicitly.
2025-12-25 10:46:05,684 - database - ERROR - Database error: 500: Failed to get agents list
2025-12-25 10:46:05,686 - main - WARNING - HTTPException: 500 - Failed to get agents list
2025-12-25 10:46:50,186 - main - INFO - Shutting down 7TY.VN System...
2025-12-25 10:47:05,534 - main - INFO - Starting 7TY.VN System...
2025-12-25 10:47:05,577 - main - INFO - Database tables created successfully
2025-12-25 10:50:47,110 - routers.auth - INFO - User logged in: admin from 127.0.0.1
2025-12-25 10:50:47,184 - routers.agents - ERROR - Get agents error: attribute name must be string, not 'NoneType'
2025-12-25 10:50:47,185 - database - ERROR - Database error: 500: Failed to get agents list
2025-12-25 10:50:47,185 - main - WARNING - HTTPException: 500 - Failed to get agents list
2025-12-25 10:51:02,994 - main - INFO - Shutting down 7TY.VN System...
2025-12-25 16:52:07,698 - main - INFO - Starting 7TY.VN System...
2025-12-25 16:52:07,744 - main - INFO - Database tables created successfully
2025-12-25 16:52:10,260 - routers.auth - INFO - User logged in: admin from 127.0.0.1
2025-12-25 16:52:10,450 - routers.agents - ERROR - Get agents error: 2 validation errors for PaginatedResponse
data
  Field required [type=missing, input_value={'page': 1, 'limit': 10, ..._pages': 0, 'items': []}, input_type=dict]
    For further information visit https://errors.pydantic.dev/2.12/v/missing
pages
  Field required [type=missing, input_value={'page': 1, 'limit': 10, ..._pages': 0, 'items': []}, input_type=dict]
    For further information visit https://errors.pydantic.dev/2.12/v/missing
2025-12-25 16:52:10,453 - database - ERROR - Database error: 500: Failed to get agents list
2025-12-25 16:52:10,457 - main - WARNING - HTTPException: 500 - Failed to get agents list
2025-12-25 16:52:17,252 - main - INFO - Shutting down 7TY.VN System...
2025-12-25 16:53:03,892 - main - INFO - Starting 7TY.VN System...
2025-12-25 16:53:03,905 - main - INFO - Database tables created successfully
2025-12-25 16:53:21,223 - routers.auth - INFO - User logged in: admin from 127.0.0.1
2025-12-25 16:53:21,501 - routers.bills - ERROR - Get bills error: attribute name must be string, not 'NoneType'
2025-12-25 16:53:21,503 - database - ERROR - Database error: 500: Failed to get bills list
2025-12-25 16:53:21,506 - main - WARNING - HTTPException: 500 - Failed to get bills list
2025-12-25 16:58:28,861 - routers.auth - INFO - User logged in: admin from 127.0.0.1
2025-12-25 16:58:30,004 - database - ERROR - Database error: [{'type': 'int_parsing', 'loc': ('path', 'user_id'), 'msg': 'Input should be a valid integer, unable to parse string as an integer', 'input': 'me', 'url': 'https://errors.pydantic.dev/2.12/v/int_parsing'}]
2025-12-25 16:58:30,125 - main - WARNING - HTTPException: 404 - API endpoint not found
2025-12-25 16:58:45,681 - routers.bills - ERROR - Get bills error: attribute name must be string, not 'NoneType'
2025-12-25 16:58:45,682 - database - ERROR - Database error: 500: Failed to get bills list
2025-12-25 16:58:45,683 - main - WARNING - HTTPException: 500 - Failed to get bills list
2025-12-25 17:03:10,675 - database - ERROR - Database error: [{'type': 'int_parsing', 'loc': ('path', 'user_id'), 'msg': 'Input should be a valid integer, unable to parse string as an integer', 'input': 'me', 'url': 'https://errors.pydantic.dev/2.12/v/int_parsing'}]
2025-12-25 17:03:10,823 - main - WARNING - HTTPException: 404 - API endpoint not found
2025-12-25 17:07:49,783 - main - INFO - Shutting down 7TY.VN System...
2025-12-25 17:11:29,162 - main - INFO - Starting 7TY.VN System...
2025-12-25 17:11:29,259 - main - ERROR - Error creating database tables: (psycopg2.OperationalError) connection to server at "localhost" (::1), port 5432 failed: FATAL:  password authentication failed for user "7ty_admin"

(Background on this error at: https://sqlalche.me/e/20/e3q8)
2025-12-25 17:24:15,257 - main - INFO - Shutting down 7TY.VN System...
2025-12-25 17:24:40,915 - main - INFO - Starting 7TY.VN System...
2025-12-25 17:24:40,992 - main - ERROR - Error creating database tables: (psycopg2.OperationalError) connection to server at "127.0.0.1", port 5432 failed: FATAL:  password authentication failed for user "7ty_admin"

(Background on this error at: https://sqlalche.me/e/20/e3q8)
2025-12-25 17:52:01,584 - main - INFO - Shutting down 7TY.VN System...
2025-12-25 17:52:13,565 - main - INFO - Starting 7TY.VN System...
2025-12-25 17:52:13,696 - main - ERROR - Error creating database tables: (psycopg2.OperationalError) connection to server at "127.0.0.1", port 5432 failed: FATAL:  password authentication failed for user "7ty_admin"

(Background on this error at: https://sqlalche.me/e/20/e3q8)
2025-12-25 18:03:17,994 - main - INFO - Shutting down 7TY.VN System...
2025-12-26 20:22:20,521 - main - INFO - Starting 7TY.VN System...
2025-12-26 20:22:20,747 - main - ERROR - Error creating database tables: (psycopg2.OperationalError) connection to server at "127.0.0.1", port 5432 failed: FATAL:  password authentication failed for user "7ty_admin"

(Background on this error at: https://sqlalche.me/e/20/e3q8)
2025-12-26 20:22:31,354 - dependencies - ERROR - JWT decode error: Signature has expired.
2025-12-26 20:22:31,357 - main - WARNING - HTTPException: 401 - Could not validate credentials
2025-12-26 20:22:31,486 - dependencies - ERROR - JWT decode error: Signature has expired.
2025-12-26 20:22:31,488 - main - WARNING - HTTPException: 401 - Could not validate credentials
2025-12-26 20:22:31,490 - main - WARNING - HTTPException: 404 - API endpoint not found
2025-12-26 20:22:31,791 - dependencies - ERROR - JWT decode error: Signature has expired.
2025-12-26 20:22:31,792 - main - WARNING - HTTPException: 401 - Could not validate credentials
2025-12-26 20:22:31,847 - main - WARNING - HTTPException: 404 - API endpoint not found
2025-12-26 20:22:31,853 - dependencies - ERROR - JWT decode error: Signature has expired.
2025-12-26 20:22:31,854 - main - WARNING - HTTPException: 401 - Could not validate credentials
2025-12-26 20:22:32,002 - dependencies - ERROR - JWT decode error: Signature has expired.
2025-12-26 20:22:32,004 - main - WARNING - HTTPException: 401 - Could not validate credentials
2025-12-26 20:22:32,089 - dependencies - ERROR - JWT decode error: Signature has expired.
2025-12-26 20:22:32,091 - main - WARNING - HTTPException: 404 - API endpoint not found
2025-12-26 20:22:32,093 - main - WARNING - HTTPException: 401 - Could not validate credentials
2025-12-26 20:22:32,300 - dependencies - ERROR - JWT decode error: Signature has expired.
2025-12-26 20:22:32,301 - main - WARNING - HTTPException: 401 - Could not validate credentials
2025-12-26 20:22:32,384 - main - WARNING - HTTPException: 404 - API endpoint not found
2025-12-26 20:22:32,386 - dependencies - ERROR - JWT decode error: Signature has expired.
2025-12-26 20:22:32,387 - main - WARNING - HTTPException: 401 - Could not validate credentials
2025-12-26 20:22:32,542 - dependencies - ERROR - JWT decode error: Signature has expired.
2025-12-26 20:22:32,543 - main - WARNING - HTTPException: 401 - Could not validate credentials
2025-12-26 20:22:32,629 - main - WARNING - HTTPException: 404 - API endpoint not found
2025-12-26 20:22:32,631 - dependencies - ERROR - JWT decode error: Signature has expired.
2025-12-26 20:22:32,632 - main - WARNING - HTTPException: 401 - Could not validate credentials
2025-12-26 20:22:32,834 - dependencies - ERROR - JWT decode error: Signature has expired.
2025-12-26 20:22:32,842 - main - WARNING - HTTPException: 401 - Could not validate credentials
2025-12-26 20:22:32,936 - main - WARNING - HTTPException: 404 - API endpoint not found
2025-12-26 20:22:32,938 - dependencies - ERROR - JWT decode error: Signature has expired.
2025-12-26 20:22:32,939 - main - WARNING - HTTPException: 401 - Could not validate credentials
2025-12-26 20:22:33,124 - dependencies - ERROR - JWT decode error: Signature has expired.
2025-12-26 20:22:33,126 - main - WARNING - HTTPException: 401 - Could not validate credentials
2025-12-26 20:22:33,222 - main - WARNING - HTTPException: 404 - API endpoint not found
2025-12-26 20:22:33,224 - dependencies - ERROR - JWT decode error: Signature has expired.
2025-12-26 20:22:33,224 - main - WARNING - HTTPException: 401 - Could not validate credentials
2025-12-26 20:22:33,404 - dependencies - ERROR - JWT decode error: Signature has expired.
2025-12-26 20:22:33,405 - main - WARNING - HTTPException: 401 - Could not validate credentials
2025-12-26 20:22:33,485 - main - WARNING - HTTPException: 404 - API endpoint not found
2025-12-26 20:22:33,486 - dependencies - ERROR - JWT decode error: Signature has expired.
2025-12-26 20:22:33,487 - main - WARNING - HTTPException: 401 - Could not validate credentials
2025-12-26 20:22:33,689 - dependencies - ERROR - JWT decode error: Signature has expired.
2025-12-26 20:22:33,691 - main - WARNING - HTTPException: 401 - Could not validate credentials
2025-12-26 20:22:33,779 - main - WARNING - HTTPException: 404 - API endpoint not found
2025-12-26 20:22:33,781 - dependencies - ERROR - JWT decode error: Signature has expired.
2025-12-26 20:22:33,784 - main - WARNING - HTTPException: 401 - Could not validate credentials
2025-12-26 20:22:33,938 - dependencies - ERROR - JWT decode error: Signature has expired.
2025-12-26 20:22:33,939 - main - WARNING - HTTPException: 401 - Could not validate credentials
2025-12-26 20:22:34,020 - main - WARNING - HTTPException: 404 - API endpoint not found
2025-12-26 20:22:34,021 - dependencies - ERROR - JWT decode error: Signature has expired.
2025-12-26 20:22:34,022 - main - WARNING - HTTPException: 401 - Could not validate credentials
2025-12-26 20:22:34,133 - dependencies - ERROR - JWT decode error: Signature has expired.
2025-12-26 20:22:34,135 - main - WARNING - HTTPException: 401 - Could not validate credentials
2025-12-26 20:22:34,253 - main - WARNING - HTTPException: 404 - API endpoint not found
2025-12-26 20:22:34,254 - dependencies - ERROR - JWT decode error: Signature has expired.
2025-12-26 20:22:34,255 - main - WARNING - HTTPException: 401 - Could not validate credentials
2025-12-26 20:22:34,372 - dependencies - ERROR - JWT decode error: Signature has expired.
2025-12-26 20:22:34,373 - main - WARNING - HTTPException: 401 - Could not validate credentials
2025-12-26 20:22:34,489 - main - WARNING - HTTPException: 404 - API endpoint not found
2025-12-26 20:22:34,490 - dependencies - ERROR - JWT decode error: Signature has expired.
2025-12-26 20:22:34,492 - main - WARNING - HTTPException: 401 - Could not validate credentials
2025-12-26 20:22:34,695 - dependencies - ERROR - JWT decode error: Signature has expired.
2025-12-26 20:22:34,699 - main - WARNING - HTTPException: 401 - Could not validate credentials
2025-12-26 20:22:34,784 - main - WARNING - HTTPException: 404 - API endpoint not found
2025-12-26 20:22:34,785 - dependencies - ERROR - JWT decode error: Signature has expired.
2025-12-26 20:22:34,787 - main - WARNING - HTTPException: 401 - Could not validate credentials
2025-12-26 20:22:34,905 - dependencies - ERROR - JWT decode error: Signature has expired.
2025-12-26 20:22:34,906 - main - WARNING - HTTPException: 401 - Could not validate credentials
2025-12-26 20:22:35,335 - dependencies - ERROR - JWT decode error: Signature has expired.
2025-12-26 20:22:35,335 - main - WARNING - HTTPException: 401 - Could not validate credentials
2025-12-26 20:22:35,394 - main - WARNING - HTTPException: 404 - API endpoint not found
2025-12-26 20:22:35,396 - dependencies - ERROR - JWT decode error: Signature has expired.
2025-12-26 20:22:35,399 - main - WARNING - HTTPException: 401 - Could not validate credentials
2025-12-26 20:22:35,603 - dependencies - ERROR - JWT decode error: Signature has expired.
2025-12-26 20:22:35,604 - main - WARNING - HTTPException: 401 - Could not validate credentials
2025-12-26 20:22:35,701 - main - WARNING - HTTPException: 404 - API endpoint not found
2025-12-26 20:22:35,704 - dependencies - ERROR - JWT decode error: Signature has expired.
2025-12-26 20:22:35,704 - main - WARNING - HTTPException: 401 - Could not validate credentials
2025-12-26 20:22:35,885 - dependencies - ERROR - JWT decode error: Signature has expired.
2025-12-26 20:22:35,886 - main - WARNING - HTTPException: 401 - Could not validate credentials
2025-12-26 20:22:35,956 - main - WARNING - HTTPException: 404 - API endpoint not found
2025-12-26 20:22:35,957 - dependencies - ERROR - JWT decode error: Signature has expired.
2025-12-26 20:22:35,958 - main - WARNING - HTTPException: 401 - Could not validate credentials
2025-12-26 20:22:36,074 - dependencies - ERROR - JWT decode error: Signature has expired.
2025-12-26 20:22:36,074 - main - WARNING - HTTPException: 401 - Could not validate credentials
2025-12-26 20:22:36,191 - main - WARNING - HTTPException: 404 - API endpoint not found
2025-12-26 20:22:36,192 - dependencies - ERROR - JWT decode error: Signature has expired.
2025-12-26 20:22:36,194 - main - WARNING - HTTPException: 401 - Could not validate credentials
2025-12-26 20:22:36,366 - dependencies - ERROR - JWT decode error: Signature has expired.
2025-12-26 20:22:36,366 - main - WARNING - HTTPException: 401 - Could not validate credentials
2025-12-26 20:22:36,451 - main - WARNING - HTTPException: 404 - API endpoint not found
2025-12-26 20:22:36,452 - dependencies - ERROR - JWT decode error: Signature has expired.
2025-12-26 20:22:36,453 - main - WARNING - HTTPException: 401 - Could not validate credentials
2025-12-26 20:22:36,584 - dependencies - ERROR - JWT decode error: Signature has expired.
2025-12-26 20:22:36,585 - main - WARNING - HTTPException: 401 - Could not validate credentials
2025-12-26 20:22:36,704 - main - WARNING - HTTPException: 404 - API endpoint not found
2025-12-26 20:22:36,706 - dependencies - ERROR - JWT decode error: Signature has expired.
2025-12-26 20:22:36,708 - main - WARNING - HTTPException: 401 - Could not validate credentials
2025-12-26 20:22:36,838 - dependencies - ERROR - JWT decode error: Signature has expired.
2025-12-26 20:22:36,841 - main - WARNING - HTTPException: 401 - Could not validate credentials
2025-12-26 20:22:36,965 - main - WARNING - HTTPException: 404 - API endpoint not found
2025-12-26 20:22:36,966 - dependencies - ERROR - JWT decode error: Signature has expired.
2025-12-26 20:22:36,968 - main - WARNING - HTTPException: 401 - Could not validate credentials
2025-12-26 20:22:37,159 - dependencies - ERROR - JWT decode error: Signature has expired.
2025-12-26 20:22:37,160 - main - WARNING - HTTPException: 401 - Could not validate credentials
2025-12-26 20:22:37,239 - main - WARNING - HTTPException: 404 - API endpoint not found
2025-12-26 20:22:37,241 - dependencies - ERROR - JWT decode error: Signature has expired.
2025-12-26 20:22:37,242 - main - WARNING - HTTPException: 401 - Could not validate credentials
2025-12-26 20:22:37,415 - dependencies - ERROR - JWT decode error: Signature has expired.
2025-12-26 20:22:37,420 - main - WARNING - HTTPException: 401 - Could not validate credentials
2025-12-26 20:22:37,519 - main - WARNING - HTTPException: 404 - API endpoint not found
2025-12-26 20:22:37,520 - dependencies - ERROR - JWT decode error: Signature has expired.
2025-12-26 20:22:37,521 - main - WARNING - HTTPException: 401 - Could not validate credentials
2025-12-26 20:22:37,722 - dependencies - ERROR - JWT decode error: Signature has expired.
2025-12-26 20:22:37,722 - main - WARNING - HTTPException: 401 - Could not validate credentials
2025-12-26 20:22:37,799 - main - WARNING - HTTPException: 404 - API endpoint not found
2025-12-26 20:22:37,801 - dependencies - ERROR - JWT decode error: Signature has expired.
2025-12-26 20:22:37,803 - main - WARNING - HTTPException: 401 - Could not validate credentials
2025-12-26 20:22:37,979 - dependencies - ERROR - JWT decode error: Signature has expired.
2025-12-26 20:22:37,982 - main - WARNING - HTTPException: 401 - Could not validate credentials
2025-12-26 20:22:38,057 - main - WARNING - HTTPException: 404 - API endpoint not found
2025-12-26 20:22:38,059 - dependencies - ERROR - JWT decode error: Signature has expired.
2025-12-26 20:22:38,061 - main - WARNING - HTTPException: 401 - Could not validate credentials
2025-12-26 20:22:38,270 - dependencies - ERROR - JWT decode error: Signature has expired.
2025-12-26 20:22:38,272 - main - WARNING - HTTPException: 401 - Could not validate credentials
2025-12-26 20:22:38,360 - main - WARNING - HTTPException: 404 - API endpoint not found
2025-12-26 20:22:38,362 - dependencies - ERROR - JWT decode error: Signature has expired.
2025-12-26 20:22:38,365 - main - WARNING - HTTPException: 401 - Could not validate credentials
2025-12-26 20:22:38,545 - dependencies - ERROR - JWT decode error: Signature has expired.
2025-12-26 20:22:38,545 - main - WARNING - HTTPException: 401 - Could not validate credentials
2025-12-26 20:22:38,618 - main - WARNING - HTTPException: 404 - API endpoint not found
2025-12-26 20:22:38,619 - dependencies - ERROR - JWT decode error: Signature has expired.
2025-12-26 20:22:38,620 - main - WARNING - HTTPException: 401 - Could not validate credentials
2025-12-26 20:22:38,764 - dependencies - ERROR - JWT decode error: Signature has expired.
2025-12-26 20:22:38,765 - main - WARNING - HTTPException: 401 - Could not validate credentials
2025-12-26 20:22:38,882 - main - WARNING - HTTPException: 404 - API endpoint not found
2025-12-26 20:22:38,884 - dependencies - ERROR - JWT decode error: Signature has expired.
2025-12-26 20:22:38,884 - main - WARNING - HTTPException: 401 - Could not validate credentials
2025-12-26 20:22:39,020 - dependencies - ERROR - JWT decode error: Signature has expired.
2025-12-26 20:22:39,021 - main - WARNING - HTTPException: 401 - Could not validate credentials
2025-12-26 20:22:39,137 - main - WARNING - HTTPException: 404 - API endpoint not found
2025-12-26 20:22:39,138 - dependencies - ERROR - JWT decode error: Signature has expired.
2025-12-26 20:22:39,139 - main - WARNING - HTTPException: 401 - Could not validate credentials
2025-12-26 20:22:39,334 - dependencies - ERROR - JWT decode error: Signature has expired.
2025-12-26 20:22:39,335 - main - WARNING - HTTPException: 401 - Could not validate credentials
2025-12-26 20:22:39,403 - main - WARNING - HTTPException: 404 - API endpoint not found
2025-12-26 20:22:39,404 - dependencies - ERROR - JWT decode error: Signature has expired.
2025-12-26 20:22:39,405 - main - WARNING - HTTPException: 401 - Could not validate credentials
2025-12-26 20:22:39,615 - dependencies - ERROR - JWT decode error: Signature has expired.
2025-12-26 20:22:39,617 - main - WARNING - HTTPException: 401 - Could not validate credentials
2025-12-26 20:22:39,715 - main - WARNING - HTTPException: 404 - API endpoint not found
2025-12-26 20:22:39,717 - dependencies - ERROR - JWT decode error: Signature has expired.
2025-12-26 20:22:39,719 - main - WARNING - HTTPException: 401 - Could not validate credentials
2025-12-26 20:22:39,874 - dependencies - ERROR - JWT decode error: Signature has expired.
2025-12-26 20:22:39,877 - main - WARNING - HTTPException: 401 - Could not validate credentials
2025-12-26 20:22:40,002 - main - WARNING - HTTPException: 404 - API endpoint not found
2025-12-26 20:22:40,004 - dependencies - ERROR - JWT decode error: Signature has expired.
2025-12-26 20:22:40,006 - main - WARNING - HTTPException: 401 - Could not validate credentials
2025-12-26 20:22:40,218 - dependencies - ERROR - JWT decode error: Signature has expired.
2025-12-26 20:22:40,219 - main - WARNING - HTTPException: 401 - Could not validate credentials
2025-12-26 20:22:40,295 - main - WARNING - HTTPException: 404 - API endpoint not found
2025-12-26 20:22:40,297 - dependencies - ERROR - JWT decode error: Signature has expired.
2025-12-26 20:22:40,298 - main - WARNING - HTTPException: 401 - Could not validate credentials
2025-12-26 20:22:40,499 - dependencies - ERROR - JWT decode error: Signature has expired.
2025-12-26 20:22:40,502 - main - WARNING - HTTPException: 401 - Could not validate credentials
2025-12-26 20:22:40,618 - dependencies - ERROR - JWT decode error: Signature has expired.
2025-12-26 20:22:40,646 - main - WARNING - HTTPException: 404 - API endpoint not found
2025-12-26 20:22:40,650 - main - WARNING - HTTPException: 401 - Could not validate credentials
2025-12-26 20:22:40,897 - dependencies - ERROR - JWT decode error: Signature has expired.
2025-12-26 20:22:40,897 - main - WARNING - HTTPException: 401 - Could not validate credentials
2025-12-26 20:22:41,005 - main - WARNING - HTTPException: 404 - API endpoint not found
2025-12-26 20:22:41,006 - dependencies - ERROR - JWT decode error: Signature has expired.
2025-12-26 20:22:41,008 - main - WARNING - HTTPException: 401 - Could not validate credentials
2025-12-26 20:22:41,237 - dependencies - ERROR - JWT decode error: Signature has expired.
2025-12-26 20:22:41,240 - main - WARNING - HTTPException: 401 - Could not validate credentials
2025-12-26 20:22:41,322 - main - WARNING - HTTPException: 404 - API endpoint not found
2025-12-26 20:22:41,324 - dependencies - ERROR - JWT decode error: Signature has expired.
2025-12-26 20:22:41,325 - main - WARNING - HTTPException: 401 - Could not validate credentials
2025-12-26 20:22:41,525 - dependencies - ERROR - JWT decode error: Signature has expired.
2025-12-26 20:22:41,527 - main - WARNING - HTTPException: 401 - Could not validate credentials
2025-12-26 20:22:41,609 - main - WARNING - HTTPException: 404 - API endpoint not found
2025-12-26 20:22:41,612 - dependencies - ERROR - JWT decode error: Signature has expired.
2025-12-26 20:22:41,613 - main - WARNING - HTTPException: 401 - Could not validate credentials
2025-12-26 20:22:41,754 - dependencies - ERROR - JWT decode error: Signature has expired.
2025-12-26 20:22:41,755 - main - WARNING - HTTPException: 401 - Could not validate credentials
2025-12-26 20:22:41,878 - main - WARNING - HTTPException: 404 - API endpoint not found
2025-12-26 20:22:41,880 - dependencies - ERROR - JWT decode error: Signature has expired.
2025-12-26 20:22:41,882 - main - WARNING - HTTPException: 401 - Could not validate credentials
2025-12-26 20:22:42,130 - dependencies - ERROR - JWT decode error: Signature has expired.
2025-12-26 20:22:42,132 - main - WARNING - HTTPException: 401 - Could not validate credentials
2025-12-26 20:22:42,229 - main - WARNING - HTTPException: 404 - API endpoint not found
2025-12-26 20:22:42,230 - dependencies - ERROR - JWT decode error: Signature has expired.
2025-12-26 20:22:42,231 - main - WARNING - HTTPException: 401 - Could not validate credentials
2025-12-26 20:22:42,474 - dependencies - ERROR - JWT decode error: Signature has expired.
2025-12-26 20:22:42,475 - main - WARNING - HTTPException: 401 - Could not validate credentials
2025-12-26 20:22:42,560 - main - WARNING - HTTPException: 404 - API endpoint not found
2025-12-26 20:22:42,562 - dependencies - ERROR - JWT decode error: Signature has expired.
2025-12-26 20:22:42,564 - main - WARNING - HTTPException: 401 - Could not validate credentials
2025-12-26 20:22:42,774 - dependencies - ERROR - JWT decode error: Signature has expired.
2025-12-26 20:22:42,775 - main - WARNING - HTTPException: 401 - Could not validate credentials
2025-12-26 20:22:42,864 - main - WARNING - HTTPException: 404 - API endpoint not found
2025-12-26 20:22:42,865 - dependencies - ERROR - JWT decode error: Signature has expired.
2025-12-26 20:22:42,866 - main - WARNING - HTTPException: 401 - Could not validate credentials
2025-12-26 20:22:43,104 - dependencies - ERROR - JWT decode error: Signature has expired.
2025-12-26 20:22:43,105 - main - WARNING - HTTPException: 401 - Could not validate credentials
2025-12-26 20:22:43,206 - main - WARNING - HTTPException: 404 - API endpoint not found
2025-12-26 20:22:43,208 - dependencies - ERROR - JWT decode error: Signature has expired.
2025-12-26 20:22:43,212 - main - WARNING - HTTPException: 401 - Could not validate credentials
2025-12-26 20:22:43,461 - dependencies - ERROR - JWT decode error: Signature has expired.
2025-12-26 20:22:43,464 - main - WARNING - HTTPException: 401 - Could not validate credentials
2025-12-26 20:22:43,553 - main - WARNING - HTTPException: 404 - API endpoint not found
2025-12-26 20:22:43,555 - dependencies - ERROR - JWT decode error: Signature has expired.
2025-12-26 20:22:43,557 - main - WARNING - HTTPException: 401 - Could not validate credentials
2025-12-26 20:22:43,805 - dependencies - ERROR - JWT decode error: Signature has expired.
2025-12-26 20:22:43,806 - main - WARNING - HTTPException: 401 - Could not validate credentials
2025-12-26 20:22:43,896 - main - WARNING - HTTPException: 404 - API endpoint not found
2025-12-26 20:22:43,897 - dependencies - ERROR - JWT decode error: Signature has expired.
2025-12-26 20:22:43,898 - main - WARNING - HTTPException: 401 - Could not validate credentials
2025-12-26 20:22:44,134 - dependencies - ERROR - JWT decode error: Signature has expired.
2025-12-26 20:22:44,137 - main - WARNING - HTTPException: 401 - Could not validate credentials
2025-12-26 20:22:44,252 - main - WARNING - HTTPException: 404 - API endpoint not found
2025-12-26 20:22:44,253 - dependencies - ERROR - JWT decode error: Signature has expired.
2025-12-26 20:22:44,254 - main - WARNING - HTTPException: 401 - Could not validate credentials
2025-12-26 20:22:44,539 - dependencies - ERROR - JWT decode error: Signature has expired.
2025-12-26 20:22:44,541 - main - WARNING - HTTPException: 401 - Could not validate credentials
2025-12-26 20:22:44,645 - main - WARNING - HTTPException: 404 - API endpoint not found
2025-12-26 20:22:44,648 - dependencies - ERROR - JWT decode error: Signature has expired.
2025-12-26 20:22:44,649 - main - WARNING - HTTPException: 401 - Could not validate credentials
2025-12-26 20:22:44,934 - dependencies - ERROR - JWT decode error: Signature has expired.
2025-12-26 20:22:44,935 - main - WARNING - HTTPException: 401 - Could not validate credentials
2025-12-26 20:22:45,047 - dependencies - ERROR - JWT decode error: Signature has expired.
2025-12-26 20:22:45,049 - main - WARNING - HTTPException: 401 - Could not validate credentials
2025-12-26 20:22:45,052 - main - WARNING - HTTPException: 404 - API endpoint not found
2025-12-26 20:22:45,371 - dependencies - ERROR - JWT decode error: Signature has expired.
2025-12-26 20:22:45,373 - main - WARNING - HTTPException: 401 - Could not validate credentials
2025-12-26 20:22:45,481 - main - WARNING - HTTPException: 404 - API endpoint not found
2025-12-26 20:22:45,483 - dependencies - ERROR - JWT decode error: Signature has expired.
2025-12-26 20:22:45,484 - main - WARNING - HTTPException: 401 - Could not validate credentials
2025-12-26 20:22:45,770 - dependencies - ERROR - JWT decode error: Signature has expired.
2025-12-26 20:22:45,773 - main - WARNING - HTTPException: 401 - Could not validate credentials
2025-12-26 20:22:45,882 - main - WARNING - HTTPException: 404 - API endpoint not found
2025-12-26 20:22:45,883 - dependencies - ERROR - JWT decode error: Signature has expired.
2025-12-26 20:22:45,884 - main - WARNING - HTTPException: 401 - Could not validate credentials
2025-12-26 20:22:46,197 - dependencies - ERROR - JWT decode error: Signature has expired.
2025-12-26 20:22:46,198 - main - WARNING - HTTPException: 401 - Could not validate credentials
2025-12-26 20:22:46,293 - main - WARNING - HTTPException: 404 - API endpoint not found
2025-12-26 20:22:46,296 - dependencies - ERROR - JWT decode error: Signature has expired.
2025-12-26 20:22:46,297 - main - WARNING - HTTPException: 401 - Could not validate credentials
2025-12-26 20:22:46,568 - dependencies - ERROR - JWT decode error: Signature has expired.
2025-12-26 20:22:46,570 - main - WARNING - HTTPException: 401 - Could not validate credentials
2025-12-26 20:22:46,665 - main - WARNING - HTTPException: 404 - API endpoint not found
2025-12-26 20:22:46,667 - dependencies - ERROR - JWT decode error: Signature has expired.
2025-12-26 20:22:46,668 - main - WARNING - HTTPException: 401 - Could not validate credentials
2025-12-26 20:22:46,839 - dependencies - ERROR - JWT decode error: Signature has expired.
2025-12-26 20:22:46,842 - main - WARNING - HTTPException: 401 - Could not validate credentials
2025-12-26 20:22:46,953 - main - WARNING - HTTPException: 404 - API endpoint not found
2025-12-26 20:22:46,955 - dependencies - ERROR - JWT decode error: Signature has expired.
2025-12-26 20:22:46,956 - main - WARNING - HTTPException: 401 - Could not validate credentials
2025-12-26 20:22:47,215 - dependencies - ERROR - JWT decode error: Signature has expired.
2025-12-26 20:22:47,217 - main - WARNING - HTTPException: 401 - Could not validate credentials
2025-12-26 20:22:47,305 - main - WARNING - HTTPException: 404 - API endpoint not found
2025-12-26 20:22:47,306 - dependencies - ERROR - JWT decode error: Signature has expired.
2025-12-26 20:22:47,308 - main - WARNING - HTTPException: 401 - Could not validate credentials
2025-12-26 20:22:47,552 - dependencies - ERROR - JWT decode error: Signature has expired.
2025-12-26 20:22:47,553 - main - WARNING - HTTPException: 401 - Could not validate credentials
2025-12-26 20:22:47,646 - main - WARNING - HTTPException: 404 - API endpoint not found
2025-12-26 20:22:47,646 - dependencies - ERROR - JWT decode error: Signature has expired.
2025-12-26 20:22:47,647 - main - WARNING - HTTPException: 401 - Could not validate credentials
2025-12-26 20:22:47,874 - dependencies - ERROR - JWT decode error: Signature has expired.
2025-12-26 20:22:47,876 - main - WARNING - HTTPException: 401 - Could not validate credentials
2025-12-26 20:22:47,956 - main - WARNING - HTTPException: 404 - API endpoint not found
2025-12-26 20:22:47,957 - dependencies - ERROR - JWT decode error: Signature has expired.
2025-12-26 20:22:47,961 - main - WARNING - HTTPException: 401 - Could not validate credentials
2025-12-26 20:22:48,215 - dependencies - ERROR - JWT decode error: Signature has expired.
2025-12-26 20:22:48,216 - main - WARNING - HTTPException: 401 - Could not validate credentials
2025-12-26 20:22:48,279 - main - WARNING - HTTPException: 404 - API endpoint not found
2025-12-26 20:22:48,281 - dependencies - ERROR - JWT decode error: Signature has expired.
2025-12-26 20:22:48,282 - main - WARNING - HTTPException: 401 - Could not validate credentials
2025-12-26 20:22:48,527 - dependencies - ERROR - JWT decode error: Signature has expired.
2025-12-26 20:22:48,529 - main - WARNING - HTTPException: 401 - Could not validate credentials
2025-12-26 20:22:48,593 - main - WARNING - HTTPException: 404 - API endpoint not found
2025-12-26 20:22:48,595 - dependencies - ERROR - JWT decode error: Signature has expired.
2025-12-26 20:22:48,596 - main - WARNING - HTTPException: 401 - Could not validate credentials
2025-12-26 20:22:48,837 - dependencies - ERROR - JWT decode error: Signature has expired.
2025-12-26 20:22:48,838 - main - WARNING - HTTPException: 401 - Could not validate credentials
2025-12-26 20:22:48,901 - main - WARNING - HTTPException: 404 - API endpoint not found
2025-12-26 20:22:48,902 - dependencies - ERROR - JWT decode error: Signature has expired.
2025-12-26 20:22:48,903 - main - WARNING - HTTPException: 401 - Could not validate credentials
2025-12-26 20:22:49,116 - dependencies - ERROR - JWT decode error: Signature has expired.
2025-12-26 20:22:49,117 - main - WARNING - HTTPException: 401 - Could not validate credentials
2025-12-26 20:22:49,194 - main - WARNING - HTTPException: 404 - API endpoint not found
2025-12-26 20:22:49,195 - dependencies - ERROR - JWT decode error: Signature has expired.
2025-12-26 20:22:49,196 - main - WARNING - HTTPException: 401 - Could not validate credentials
2025-12-26 20:22:49,429 - dependencies - ERROR - JWT decode error: Signature has expired.
2025-12-26 20:22:49,429 - main - WARNING - HTTPException: 401 - Could not validate credentials
2025-12-26 20:22:49,504 - main - WARNING - HTTPException: 404 - API endpoint not found
2025-12-26 20:22:49,507 - dependencies - ERROR - JWT decode error: Signature has expired.
2025-12-26 20:22:49,510 - main - WARNING - HTTPException: 401 - Could not validate credentials
2025-12-26 20:22:49,750 - dependencies - ERROR - JWT decode error: Signature has expired.
2025-12-26 20:22:49,751 - main - WARNING - HTTPException: 401 - Could not validate credentials
2025-12-26 20:22:49,839 - main - WARNING - HTTPException: 404 - API endpoint not found
2025-12-26 20:22:49,842 - dependencies - ERROR - JWT decode error: Signature has expired.
2025-12-26 20:22:49,844 - main - WARNING - HTTPException: 401 - Could not validate credentials
2025-12-26 20:22:50,101 - dependencies - ERROR - JWT decode error: Signature has expired.
2025-12-26 20:22:50,103 - main - WARNING - HTTPException: 401 - Could not validate credentials
2025-12-26 20:22:50,190 - main - WARNING - HTTPException: 404 - API endpoint not found
2025-12-26 20:22:50,193 - dependencies - ERROR - JWT decode error: Signature has expired.
2025-12-26 20:22:50,195 - main - WARNING - HTTPException: 401 - Could not validate credentials
2025-12-26 20:22:50,386 - dependencies - ERROR - JWT decode error: Signature has expired.
2025-12-26 20:22:50,387 - main - WARNING - HTTPException: 401 - Could not validate credentials
2025-12-26 20:22:50,498 - main - WARNING - HTTPException: 404 - API endpoint not found
2025-12-26 20:22:50,499 - dependencies - ERROR - JWT decode error: Signature has expired.
2025-12-26 20:22:50,500 - main - WARNING - HTTPException: 401 - Could not validate credentials
2025-12-26 20:22:50,689 - dependencies - ERROR - JWT decode error: Signature has expired.
2025-12-26 20:22:50,691 - main - WARNING - HTTPException: 401 - Could not validate credentials
2025-12-26 20:22:50,807 - main - WARNING - HTTPException: 404 - API endpoint not found
2025-12-26 20:22:50,809 - dependencies - ERROR - JWT decode error: Signature has expired.
2025-12-26 20:22:50,810 - main - WARNING - HTTPException: 401 - Could not validate credentials
2025-12-26 20:22:51,016 - dependencies - ERROR - JWT decode error: Signature has expired.
2025-12-26 20:22:51,016 - main - WARNING - HTTPException: 401 - Could not validate credentials
2025-12-26 20:22:51,129 - main - WARNING - HTTPException: 404 - API endpoint not found
2025-12-26 20:22:51,130 - dependencies - ERROR - JWT decode error: Signature has expired.
2025-12-26 20:22:51,132 - main - WARNING - HTTPException: 401 - Could not validate credentials
2025-12-26 20:22:51,394 - dependencies - ERROR - JWT decode error: Signature has expired.
2025-12-26 20:22:51,395 - main - WARNING - HTTPException: 401 - Could not validate credentials
2025-12-26 20:22:51,495 - main - WARNING - HTTPException: 404 - API endpoint not found
2025-12-26 20:22:51,497 - dependencies - ERROR - JWT decode error: Signature has expired.
2025-12-26 20:22:51,499 - main - WARNING - HTTPException: 401 - Could not validate credentials
2025-12-26 20:22:51,754 - dependencies - ERROR - JWT decode error: Signature has expired.
2025-12-26 20:22:51,758 - main - WARNING - HTTPException: 401 - Could not validate credentials
2025-12-26 20:22:51,841 - main - WARNING - HTTPException: 404 - API endpoint not found
2025-12-26 20:22:51,843 - dependencies - ERROR - JWT decode error: Signature has expired.
2025-12-26 20:22:51,844 - main - WARNING - HTTPException: 401 - Could not validate credentials
2025-12-26 20:22:52,111 - dependencies - ERROR - JWT decode error: Signature has expired.
2025-12-26 20:22:52,113 - main - WARNING - HTTPException: 401 - Could not validate credentials
2025-12-26 20:22:52,204 - main - WARNING - HTTPException: 404 - API endpoint not found
2025-12-26 20:22:52,207 - dependencies - ERROR - JWT decode error: Signature has expired.
2025-12-26 20:22:52,210 - main - WARNING - HTTPException: 401 - Could not validate credentials
2025-12-26 20:22:52,534 - dependencies - ERROR - JWT decode error: Signature has expired.
2025-12-26 20:22:52,535 - main - WARNING - HTTPException: 401 - Could not validate credentials
2025-12-26 20:22:52,636 - main - WARNING - HTTPException: 404 - API endpoint not found
2025-12-26 20:22:52,640 - dependencies - ERROR - JWT decode error: Signature has expired.
2025-12-26 20:22:52,645 - main - WARNING - HTTPException: 401 - Could not validate credentials
2025-12-26 20:22:52,965 - dependencies - ERROR - JWT decode error: Signature has expired.
2025-12-26 20:22:52,967 - main - WARNING - HTTPException: 401 - Could not validate credentials
2025-12-26 20:22:53,083 - main - WARNING - HTTPException: 404 - API endpoint not found
2025-12-26 20:22:53,086 - dependencies - ERROR - JWT decode error: Signature has expired.
2025-12-26 20:22:53,087 - main - WARNING - HTTPException: 401 - Could not validate credentials
2025-12-26 20:22:53,458 - dependencies - ERROR - JWT decode error: Signature has expired.
2025-12-26 20:22:53,459 - main - WARNING - HTTPException: 401 - Could not validate credentials
2025-12-26 20:22:53,562 - main - WARNING - HTTPException: 404 - API endpoint not found
2025-12-26 20:22:53,564 - dependencies - ERROR - JWT decode error: Signature has expired.
2025-12-26 20:22:53,566 - main - WARNING - HTTPException: 401 - Could not validate credentials
2025-12-26 20:22:53,894 - dependencies - ERROR - JWT decode error: Signature has expired.
2025-12-26 20:22:53,895 - main - WARNING - HTTPException: 401 - Could not validate credentials
2025-12-26 20:22:53,985 - main - WARNING - HTTPException: 404 - API endpoint not found
2025-12-26 20:22:53,986 - dependencies - ERROR - JWT decode error: Signature has expired.
2025-12-26 20:22:53,986 - main - WARNING - HTTPException: 401 - Could not validate credentials
2025-12-26 20:22:54,267 - dependencies - ERROR - JWT decode error: Signature has expired.
2025-12-26 20:22:54,269 - main - WARNING - HTTPException: 401 - Could not validate credentials
2025-12-26 20:22:54,361 - main - WARNING - HTTPException: 404 - API endpoint not found
2025-12-26 20:22:54,363 - dependencies - ERROR - JWT decode error: Signature has expired.
2025-12-26 20:22:54,363 - main - WARNING - HTTPException: 401 - Could not validate credentials
2025-12-26 20:22:54,643 - dependencies - ERROR - JWT decode error: Signature has expired.
2025-12-26 20:22:54,645 - main - WARNING - HTTPException: 401 - Could not validate credentials
2025-12-26 20:22:54,736 - main - WARNING - HTTPException: 404 - API endpoint not found
2025-12-26 20:22:54,737 - dependencies - ERROR - JWT decode error: Signature has expired.
2025-12-26 20:22:54,739 - main - WARNING - HTTPException: 401 - Could not validate credentials
2025-12-26 20:22:55,322 - dependencies - ERROR - JWT decode error: Signature has expired.
2025-12-26 20:22:55,323 - main - WARNING - HTTPException: 401 - Could not validate credentials
2025-12-26 20:22:55,395 - dependencies - ERROR - JWT decode error: Signature has expired.
2025-12-26 20:22:55,426 - main - WARNING - HTTPException: 401 - Could not validate credentials
2025-12-26 20:22:55,434 - main - WARNING - HTTPException: 404 - API endpoint not found
2025-12-26 20:22:55,698 - dependencies - ERROR - JWT decode error: Signature has expired.
2025-12-26 20:22:55,699 - main - WARNING - HTTPException: 401 - Could not validate credentials
2025-12-26 20:22:55,786 - main - WARNING - HTTPException: 404 - API endpoint not found
2025-12-26 20:22:55,787 - dependencies - ERROR - JWT decode error: Signature has expired.
2025-12-26 20:22:55,790 - main - WARNING - HTTPException: 401 - Could not validate credentials
2025-12-26 20:22:56,063 - dependencies - ERROR - JWT decode error: Signature has expired.
2025-12-26 20:22:56,065 - main - WARNING - HTTPException: 401 - Could not validate credentials
2025-12-26 20:22:56,152 - main - WARNING - HTTPException: 404 - API endpoint not found
2025-12-26 20:22:56,154 - dependencies - ERROR - JWT decode error: Signature has expired.
2025-12-26 20:22:56,156 - main - WARNING - HTTPException: 401 - Could not validate credentials
2025-12-26 20:22:56,430 - dependencies - ERROR - JWT decode error: Signature has expired.
2025-12-26 20:22:56,433 - main - WARNING - HTTPException: 401 - Could not validate credentials
2025-12-26 20:22:56,515 - main - WARNING - HTTPException: 404 - API endpoint not found
2025-12-26 20:22:56,518 - dependencies - ERROR - JWT decode error: Signature has expired.
2025-12-26 20:22:56,518 - main - WARNING - HTTPException: 401 - Could not validate credentials
2025-12-26 20:22:56,722 - dependencies - ERROR - JWT decode error: Signature has expired.
2025-12-26 20:22:56,723 - main - WARNING - HTTPException: 401 - Could not validate credentials
2025-12-26 20:22:56,832 - main - WARNING - HTTPException: 404 - API endpoint not found
2025-12-26 20:22:56,834 - dependencies - ERROR - JWT decode error: Signature has expired.
2025-12-26 20:22:56,835 - main - WARNING - HTTPException: 401 - Could not validate credentials
2025-12-26 20:22:57,092 - dependencies - ERROR - JWT decode error: Signature has expired.
2025-12-26 20:22:57,094 - main - WARNING - HTTPException: 401 - Could not validate credentials
2025-12-26 20:22:57,162 - main - WARNING - HTTPException: 404 - API endpoint not found
2025-12-26 20:22:57,163 - dependencies - ERROR - JWT decode error: Signature has expired.
2025-12-26 20:22:57,165 - main - WARNING - HTTPException: 401 - Could not validate credentials
2025-12-26 20:22:57,444 - dependencies - ERROR - JWT decode error: Signature has expired.
2025-12-26 20:22:57,444 - main - WARNING - HTTPException: 401 - Could not validate credentials
2025-12-26 20:22:57,522 - main - WARNING - HTTPException: 404 - API endpoint not found
2025-12-26 20:22:57,523 - dependencies - ERROR - JWT decode error: Signature has expired.
2025-12-26 20:22:57,525 - main - WARNING - HTTPException: 401 - Could not validate credentials
2025-12-26 20:22:57,802 - dependencies - ERROR - JWT decode error: Signature has expired.
2025-12-26 20:22:57,806 - main - WARNING - HTTPException: 401 - Could not validate credentials
2025-12-26 20:22:57,867 - main - WARNING - HTTPException: 404 - API endpoint not found
2025-12-26 20:22:57,868 - dependencies - ERROR - JWT decode error: Signature has expired.
2025-12-26 20:22:57,871 - main - WARNING - HTTPException: 401 - Could not validate credentials
2025-12-26 20:22:58,160 - dependencies - ERROR - JWT decode error: Signature has expired.
2025-12-26 20:22:58,162 - main - WARNING - HTTPException: 401 - Could not validate credentials
2025-12-26 20:22:58,249 - main - WARNING - HTTPException: 404 - API endpoint not found
2025-12-26 20:22:58,250 - dependencies - ERROR - JWT decode error: Signature has expired.
2025-12-26 20:22:58,253 - main - WARNING - HTTPException: 401 - Could not validate credentials
2025-12-26 20:22:58,547 - dependencies - ERROR - JWT decode error: Signature has expired.
2025-12-26 20:22:58,547 - main - WARNING - HTTPException: 401 - Could not validate credentials
2025-12-26 20:22:58,638 - main - WARNING - HTTPException: 404 - API endpoint not found
2025-12-26 20:22:58,641 - dependencies - ERROR - JWT decode error: Signature has expired.
2025-12-26 20:22:58,642 - main - WARNING - HTTPException: 401 - Could not validate credentials
2025-12-26 20:22:58,943 - dependencies - ERROR - JWT decode error: Signature has expired.
2025-12-26 20:22:58,944 - main - WARNING - HTTPException: 401 - Could not validate credentials
2025-12-26 20:22:59,029 - main - WARNING - HTTPException: 404 - API endpoint not found
2025-12-26 20:22:59,031 - dependencies - ERROR - JWT decode error: Signature has expired.
2025-12-26 20:22:59,032 - main - WARNING - HTTPException: 401 - Could not validate credentials
2025-12-26 20:22:59,312 - dependencies - ERROR - JWT decode error: Signature has expired.
2025-12-26 20:22:59,314 - main - WARNING - HTTPException: 401 - Could not validate credentials
2025-12-26 20:22:59,399 - main - WARNING - HTTPException: 404 - API endpoint not found
2025-12-26 20:22:59,400 - dependencies - ERROR - JWT decode error: Signature has expired.
2025-12-26 20:22:59,401 - main - WARNING - HTTPException: 401 - Could not validate credentials
2025-12-26 20:22:59,679 - dependencies - ERROR - JWT decode error: Signature has expired.
2025-12-26 20:22:59,680 - main - WARNING - HTTPException: 401 - Could not validate credentials
2025-12-26 20:22:59,776 - main - WARNING - HTTPException: 404 - API endpoint not found
2025-12-26 20:22:59,778 - dependencies - ERROR - JWT decode error: Signature has expired.
2025-12-26 20:22:59,779 - main - WARNING - HTTPException: 401 - Could not validate credentials
2025-12-26 20:23:00,090 - dependencies - ERROR - JWT decode error: Signature has expired.
2025-12-26 20:23:00,091 - main - WARNING - HTTPException: 401 - Could not validate credentials
2025-12-26 20:23:00,180 - main - WARNING - HTTPException: 404 - API endpoint not found
2025-12-26 20:23:00,181 - dependencies - ERROR - JWT decode error: Signature has expired.
2025-12-26 20:23:00,182 - main - WARNING - HTTPException: 401 - Could not validate credentials
2025-12-26 20:23:00,457 - dependencies - ERROR - JWT decode error: Signature has expired.
2025-12-26 20:23:00,458 - main - WARNING - HTTPException: 401 - Could not validate credentials
2025-12-26 20:23:00,552 - main - WARNING - HTTPException: 404 - API endpoint not found
2025-12-26 20:23:00,555 - dependencies - ERROR - JWT decode error: Signature has expired.
2025-12-26 20:23:00,556 - main - WARNING - HTTPException: 401 - Could not validate credentials
2025-12-26 20:23:00,854 - dependencies - ERROR - JWT decode error: Signature has expired.
2025-12-26 20:23:00,858 - main - WARNING - HTTPException: 401 - Could not validate credentials
2025-12-26 20:23:00,923 - main - WARNING - HTTPException: 404 - API endpoint not found
2025-12-26 20:23:00,927 - dependencies - ERROR - JWT decode error: Signature has expired.
2025-12-26 20:23:00,928 - main - WARNING - HTTPException: 401 - Could not validate credentials
2025-12-26 20:23:01,241 - dependencies - ERROR - JWT decode error: Signature has expired.
2025-12-26 20:23:01,243 - main - WARNING - HTTPException: 401 - Could not validate credentials
2025-12-26 20:23:01,331 - main - WARNING - HTTPException: 404 - API endpoint not found
2025-12-26 20:23:01,333 - dependencies - ERROR - JWT decode error: Signature has expired.
2025-12-26 20:23:01,334 - main - WARNING - HTTPException: 401 - Could not validate credentials
2025-12-26 20:23:01,633 - dependencies - ERROR - JWT decode error: Signature has expired.
2025-12-26 20:23:01,636 - main - WARNING - HTTPException: 401 - Could not validate credentials
2025-12-26 20:23:01,724 - main - WARNING - HTTPException: 404 - API endpoint not found
2025-12-26 20:23:01,725 - dependencies - ERROR - JWT decode error: Signature has expired.
2025-12-26 20:23:01,726 - main - WARNING - HTTPException: 401 - Could not validate credentials
2025-12-26 20:23:02,040 - dependencies - ERROR - JWT decode error: Signature has expired.
2025-12-26 20:23:02,041 - main - WARNING - HTTPException: 401 - Could not validate credentials
2025-12-26 20:23:02,161 - main - WARNING - HTTPException: 404 - API endpoint not found
2025-12-26 20:23:02,163 - dependencies - ERROR - JWT decode error: Signature has expired.
2025-12-26 20:23:02,165 - main - WARNING - HTTPException: 401 - Could not validate credentials
2025-12-26 20:23:02,571 - dependencies - ERROR - JWT decode error: Signature has expired.
2025-12-26 20:23:02,572 - main - WARNING - HTTPException: 401 - Could not validate credentials
2025-12-26 20:23:02,665 - main - WARNING - HTTPException: 404 - API endpoint not found
2025-12-26 20:23:02,666 - dependencies - ERROR - JWT decode error: Signature has expired.
2025-12-26 20:23:02,669 - main - WARNING - HTTPException: 401 - Could not validate credentials
2025-12-26 20:23:02,957 - dependencies - ERROR - JWT decode error: Signature has expired.
2025-12-26 20:23:02,958 - main - WARNING - HTTPException: 401 - Could not validate credentials
2025-12-26 20:23:03,048 - main - WARNING - HTTPException: 404 - API endpoint not found
2025-12-26 20:23:03,051 - dependencies - ERROR - JWT decode error: Signature has expired.
2025-12-26 20:23:03,053 - main - WARNING - HTTPException: 401 - Could not validate credentials
2025-12-26 20:23:03,364 - dependencies - ERROR - JWT decode error: Signature has expired.
2025-12-26 20:23:03,366 - main - WARNING - HTTPException: 401 - Could not validate credentials
2025-12-26 20:23:03,458 - main - WARNING - HTTPException: 404 - API endpoint not found
2025-12-26 20:23:03,460 - dependencies - ERROR - JWT decode error: Signature has expired.
2025-12-26 20:23:03,461 - main - WARNING - HTTPException: 401 - Could not validate credentials
2025-12-26 20:23:03,760 - dependencies - ERROR - JWT decode error: Signature has expired.
2025-12-26 20:23:03,762 - main - WARNING - HTTPException: 401 - Could not validate credentials
2025-12-26 20:23:03,848 - main - WARNING - HTTPException: 404 - API endpoint not found
2025-12-26 20:23:03,850 - dependencies - ERROR - JWT decode error: Signature has expired.
2025-12-26 20:23:03,854 - main - WARNING - HTTPException: 401 - Could not validate credentials
2025-12-26 20:23:04,137 - dependencies - ERROR - JWT decode error: Signature has expired.
2025-12-26 20:23:04,137 - main - WARNING - HTTPException: 401 - Could not validate credentials
2025-12-26 20:23:04,217 - main - WARNING - HTTPException: 404 - API endpoint not found
2025-12-26 20:23:04,219 - dependencies - ERROR - JWT decode error: Signature has expired.
2025-12-26 20:23:04,221 - main - WARNING - HTTPException: 401 - Could not validate credentials
2025-12-26 20:23:04,554 - dependencies - ERROR - JWT decode error: Signature has expired.
2025-12-26 20:23:04,581 - main - WARNING - HTTPException: 401 - Could not validate credentials
2025-12-26 20:23:04,676 - main - WARNING - HTTPException: 404 - API endpoint not found
2025-12-26 20:23:04,678 - dependencies - ERROR - JWT decode error: Signature has expired.
2025-12-26 20:23:04,680 - main - WARNING - HTTPException: 401 - Could not validate credentials
2025-12-26 20:23:05,317 - dependencies - ERROR - JWT decode error: Signature has expired.
2025-12-26 20:23:05,319 - main - WARNING - HTTPException: 401 - Could not validate credentials
2025-12-26 20:23:05,380 - dependencies - ERROR - JWT decode error: Signature has expired.
2025-12-26 20:23:05,381 - main - WARNING - HTTPException: 401 - Could not validate credentials
2025-12-26 20:23:05,385 - main - WARNING - HTTPException: 404 - API endpoint not found
2025-12-26 20:23:05,690 - dependencies - ERROR - JWT decode error: Signature has expired.
2025-12-26 20:23:05,692 - main - WARNING - HTTPException: 401 - Could not validate credentials
2025-12-26 20:23:05,780 - main - WARNING - HTTPException: 404 - API endpoint not found
2025-12-26 20:23:05,781 - dependencies - ERROR - JWT decode error: Signature has expired.
2025-12-26 20:23:05,781 - main - WARNING - HTTPException: 401 - Could not validate credentials
2025-12-26 20:23:06,088 - dependencies - ERROR - JWT decode error: Signature has expired.
2025-12-26 20:23:06,089 - main - WARNING - HTTPException: 401 - Could not validate credentials
2025-12-26 20:23:06,168 - main - WARNING - HTTPException: 404 - API endpoint not found
2025-12-26 20:23:06,169 - dependencies - ERROR - JWT decode error: Signature has expired.
2025-12-26 20:23:06,171 - main - WARNING - HTTPException: 401 - Could not validate credentials
2025-12-26 20:23:06,613 - dependencies - ERROR - JWT decode error: Signature has expired.
2025-12-26 20:23:06,617 - main - WARNING - HTTPException: 401 - Could not validate credentials
2025-12-26 20:23:06,728 - main - WARNING - HTTPException: 404 - API endpoint not found
2025-12-26 20:23:06,731 - dependencies - ERROR - JWT decode error: Signature has expired.
2025-12-26 20:23:06,734 - main - WARNING - HTTPException: 401 - Could not validate credentials
2025-12-26 20:23:06,879 - dependencies - ERROR - JWT decode error: Signature has expired.
2025-12-26 20:23:06,880 - main - WARNING - HTTPException: 401 - Could not validate credentials
2025-12-26 20:23:06,994 - main - WARNING - HTTPException: 404 - API endpoint not found
2025-12-26 20:23:06,996 - dependencies - ERROR - JWT decode error: Signature has expired.
2025-12-26 20:23:06,997 - main - WARNING - HTTPException: 401 - Could not validate credentials
2025-12-26 20:23:07,209 - dependencies - ERROR - JWT decode error: Signature has expired.
2025-12-26 20:23:07,210 - main - WARNING - HTTPException: 401 - Could not validate credentials
2025-12-26 20:23:07,308 - main - WARNING - HTTPException: 404 - API endpoint not found
2025-12-26 20:23:07,312 - dependencies - ERROR - JWT decode error: Signature has expired.
2025-12-26 20:23:07,313 - main - WARNING - HTTPException: 401 - Could not validate credentials
2025-12-26 20:23:07,548 - dependencies - ERROR - JWT decode error: Signature has expired.
2025-12-26 20:23:07,551 - main - WARNING - HTTPException: 401 - Could not validate credentials
2025-12-26 20:23:07,643 - main - WARNING - HTTPException: 404 - API endpoint not found
2025-12-26 20:23:07,643 - dependencies - ERROR - JWT decode error: Signature has expired.
2025-12-26 20:23:07,645 - main - WARNING - HTTPException: 401 - Could not validate credentials
2025-12-26 20:23:07,876 - dependencies - ERROR - JWT decode error: Signature has expired.
2025-12-26 20:23:07,877 - main - WARNING - HTTPException: 401 - Could not validate credentials
2025-12-26 20:23:07,973 - main - WARNING - HTTPException: 404 - API endpoint not found
2025-12-26 20:23:07,974 - dependencies - ERROR - JWT decode error: Signature has expired.
2025-12-26 20:23:07,975 - main - WARNING - HTTPException: 401 - Could not validate credentials
2025-12-26 20:23:08,204 - dependencies - ERROR - JWT decode error: Signature has expired.
2025-12-26 20:23:08,206 - main - WARNING - HTTPException: 401 - Could not validate credentials
2025-12-26 20:23:08,306 - main - WARNING - HTTPException: 404 - API endpoint not found
2025-12-26 20:23:08,308 - dependencies - ERROR - JWT decode error: Signature has expired.
2025-12-26 20:23:08,309 - main - WARNING - HTTPException: 401 - Could not validate credentials
2025-12-26 20:23:08,538 - dependencies - ERROR - JWT decode error: Signature has expired.
2025-12-26 20:23:08,540 - main - WARNING - HTTPException: 401 - Could not validate credentials
2025-12-26 20:23:08,639 - main - WARNING - HTTPException: 404 - API endpoint not found
2025-12-26 20:23:08,640 - dependencies - ERROR - JWT decode error: Signature has expired.
2025-12-26 20:23:08,641 - main - WARNING - HTTPException: 401 - Could not validate credentials
2025-12-26 20:23:08,904 - dependencies - ERROR - JWT decode error: Signature has expired.
2025-12-26 20:23:08,906 - main - WARNING - HTTPException: 401 - Could not validate credentials
2025-12-26 20:23:09,007 - main - WARNING - HTTPException: 404 - API endpoint not found
2025-12-26 20:23:09,009 - dependencies - ERROR - JWT decode error: Signature has expired.
2025-12-26 20:23:09,010 - main - WARNING - HTTPException: 401 - Could not validate credentials
2025-12-26 20:23:09,253 - dependencies - ERROR - JWT decode error: Signature has expired.
2025-12-26 20:23:09,255 - main - WARNING - HTTPException: 401 - Could not validate credentials
2025-12-26 20:23:09,346 - main - WARNING - HTTPException: 404 - API endpoint not found
2025-12-26 20:23:09,348 - dependencies - ERROR - JWT decode error: Signature has expired.
2025-12-26 20:23:09,351 - main - WARNING - HTTPException: 401 - Could not validate credentials
2025-12-26 20:23:09,595 - dependencies - ERROR - JWT decode error: Signature has expired.
2025-12-26 20:23:09,596 - main - WARNING - HTTPException: 401 - Could not validate credentials
2025-12-26 20:23:09,692 - main - WARNING - HTTPException: 404 - API endpoint not found
2025-12-26 20:23:09,693 - dependencies - ERROR - JWT decode error: Signature has expired.
2025-12-26 20:23:09,694 - main - WARNING - HTTPException: 401 - Could not validate credentials
2025-12-26 20:23:09,922 - dependencies - ERROR - JWT decode error: Signature has expired.
2025-12-26 20:23:09,923 - main - WARNING - HTTPException: 401 - Could not validate credentials
2025-12-26 20:23:09,997 - main - WARNING - HTTPException: 404 - API endpoint not found
2025-12-26 20:23:10,000 - dependencies - ERROR - JWT decode error: Signature has expired.
2025-12-26 20:23:10,001 - main - WARNING - HTTPException: 401 - Could not validate credentials
2025-12-26 20:23:10,251 - dependencies - ERROR - JWT decode error: Signature has expired.
2025-12-26 20:23:10,253 - main - WARNING - HTTPException: 401 - Could not validate credentials
2025-12-26 20:23:10,352 - main - WARNING - HTTPException: 404 - API endpoint not found
2025-12-26 20:23:10,354 - dependencies - ERROR - JWT decode error: Signature has expired.
2025-12-26 20:23:10,355 - main - WARNING - HTTPException: 401 - Could not validate credentials
2025-12-26 20:23:10,586 - dependencies - ERROR - JWT decode error: Signature has expired.
2025-12-26 20:23:10,587 - main - WARNING - HTTPException: 401 - Could not validate credentials
2025-12-26 20:23:10,668 - main - WARNING - HTTPException: 404 - API endpoint not found
2025-12-26 20:23:10,669 - dependencies - ERROR - JWT decode error: Signature has expired.
2025-12-26 20:23:10,671 - main - WARNING - HTTPException: 401 - Could not validate credentials
2025-12-26 20:23:10,834 - dependencies - ERROR - JWT decode error: Signature has expired.
2025-12-26 20:23:10,836 - main - WARNING - HTTPException: 401 - Could not validate credentials
2025-12-26 20:23:10,953 - main - WARNING - HTTPException: 404 - API endpoint not found
2025-12-26 20:23:10,955 - dependencies - ERROR - JWT decode error: Signature has expired.
2025-12-26 20:23:10,956 - main - WARNING - HTTPException: 401 - Could not validate credentials
2025-12-26 20:23:11,210 - dependencies - ERROR - JWT decode error: Signature has expired.
2025-12-26 20:23:11,211 - main - WARNING - HTTPException: 401 - Could not validate credentials
2025-12-26 20:23:11,309 - main - WARNING - HTTPException: 404 - API endpoint not found
2025-12-26 20:23:11,311 - dependencies - ERROR - JWT decode error: Signature has expired.
2025-12-26 20:23:11,311 - main - WARNING - HTTPException: 401 - Could not validate credentials
2025-12-26 20:23:11,485 - dependencies - ERROR - JWT decode error: Signature has expired.
2025-12-26 20:23:11,486 - main - WARNING - HTTPException: 401 - Could not validate credentials
2025-12-26 20:23:11,606 - main - WARNING - HTTPException: 404 - API endpoint not found
2025-12-26 20:23:11,608 - dependencies - ERROR - JWT decode error: Signature has expired.
2025-12-26 20:23:11,609 - main - WARNING - HTTPException: 401 - Could not validate credentials
2025-12-26 20:23:11,835 - dependencies - ERROR - JWT decode error: Signature has expired.
2025-12-26 20:23:11,836 - main - WARNING - HTTPException: 401 - Could not validate credentials
2025-12-26 20:23:11,937 - main - WARNING - HTTPException: 404 - API endpoint not found
2025-12-26 20:23:11,938 - dependencies - ERROR - JWT decode error: Signature has expired.
2025-12-26 20:23:11,939 - main - WARNING - HTTPException: 401 - Could not validate credentials
2025-12-26 20:23:12,216 - dependencies - ERROR - JWT decode error: Signature has expired.
2025-12-26 20:23:12,218 - main - WARNING - HTTPException: 401 - Could not validate credentials
2025-12-26 20:23:12,318 - main - WARNING - HTTPException: 404 - API endpoint not found
2025-12-26 20:23:12,320 - dependencies - ERROR - JWT decode error: Signature has expired.
2025-12-26 20:23:12,321 - main - WARNING - HTTPException: 401 - Could not validate credentials
2025-12-26 20:23:12,495 - dependencies - ERROR - JWT decode error: Signature has expired.
2025-12-26 20:23:12,496 - main - WARNING - HTTPException: 401 - Could not validate credentials
2025-12-26 20:23:12,609 - main - WARNING - HTTPException: 404 - API endpoint not found
2025-12-26 20:23:12,612 - dependencies - ERROR - JWT decode error: Signature has expired.
2025-12-26 20:23:12,615 - main - WARNING - HTTPException: 401 - Could not validate credentials
2025-12-26 20:23:12,910 - dependencies - ERROR - JWT decode error: Signature has expired.
2025-12-26 20:23:12,912 - main - WARNING - HTTPException: 401 - Could not validate credentials
2025-12-26 20:23:13,002 - main - WARNING - HTTPException: 404 - API endpoint not found
2025-12-26 20:23:13,003 - dependencies - ERROR - JWT decode error: Signature has expired.
2025-12-26 20:23:13,004 - main - WARNING - HTTPException: 401 - Could not validate credentials
2025-12-26 20:23:13,211 - dependencies - ERROR - JWT decode error: Signature has expired.
2025-12-26 20:23:13,212 - main - WARNING - HTTPException: 401 - Could not validate credentials
2025-12-26 20:23:13,350 - main - WARNING - HTTPException: 404 - API endpoint not found
2025-12-26 20:23:13,352 - dependencies - ERROR - JWT decode error: Signature has expired.
2025-12-26 20:23:13,353 - main - WARNING - HTTPException: 401 - Could not validate credentials
2025-12-26 20:23:13,650 - dependencies - ERROR - JWT decode error: Signature has expired.
2025-12-26 20:23:13,652 - main - WARNING - HTTPException: 401 - Could not validate credentials
2025-12-26 20:23:13,719 - main - WARNING - HTTPException: 404 - API endpoint not found
2025-12-26 20:23:13,719 - dependencies - ERROR - JWT decode error: Signature has expired.
2025-12-26 20:23:13,720 - main - WARNING - HTTPException: 401 - Could not validate credentials
2025-12-26 20:23:13,949 - dependencies - ERROR - JWT decode error: Signature has expired.
2025-12-26 20:23:13,957 - main - WARNING - HTTPException: 401 - Could not validate credentials
2025-12-26 20:23:14,054 - main - WARNING - HTTPException: 404 - API endpoint not found
2025-12-26 20:23:14,055 - dependencies - ERROR - JWT decode error: Signature has expired.
2025-12-26 20:23:14,056 - main - WARNING - HTTPException: 401 - Could not validate credentials
2025-12-26 20:23:14,314 - dependencies - ERROR - JWT decode error: Signature has expired.
2025-12-26 20:23:14,315 - main - WARNING - HTTPException: 401 - Could not validate credentials
2025-12-26 20:23:14,409 - main - WARNING - HTTPException: 404 - API endpoint not found
2025-12-26 20:23:14,410 - dependencies - ERROR - JWT decode error: Signature has expired.
2025-12-26 20:23:14,412 - main - WARNING - HTTPException: 401 - Could not validate credentials
2025-12-26 20:23:14,650 - dependencies - ERROR - JWT decode error: Signature has expired.
2025-12-26 20:23:14,651 - main - WARNING - HTTPException: 401 - Could not validate credentials
2025-12-26 20:23:14,741 - main - WARNING - HTTPException: 404 - API endpoint not found
2025-12-26 20:23:14,743 - dependencies - ERROR - JWT decode error: Signature has expired.
2025-12-26 20:23:14,745 - main - WARNING - HTTPException: 401 - Could not validate credentials
2025-12-26 20:23:14,981 - dependencies - ERROR - JWT decode error: Signature has expired.
2025-12-26 20:23:14,981 - main - WARNING - HTTPException: 401 - Could not validate credentials
2025-12-26 20:23:15,074 - dependencies - ERROR - JWT decode error: Signature has expired.
2025-12-26 20:23:15,076 - main - WARNING - HTTPException: 401 - Could not validate credentials
2025-12-26 20:23:15,079 - main - WARNING - HTTPException: 404 - API endpoint not found
2025-12-26 20:23:15,324 - dependencies - ERROR - JWT decode error: Signature has expired.
2025-12-26 20:23:15,325 - main - WARNING - HTTPException: 401 - Could not validate credentials
2025-12-26 20:23:15,421 - main - WARNING - HTTPException: 404 - API endpoint not found
2025-12-26 20:23:15,422 - dependencies - ERROR - JWT decode error: Signature has expired.
2025-12-26 20:23:15,423 - main - WARNING - HTTPException: 401 - Could not validate credentials
2025-12-26 20:23:15,686 - dependencies - ERROR - JWT decode error: Signature has expired.
2025-12-26 20:23:15,688 - main - WARNING - HTTPException: 401 - Could not validate credentials
2025-12-26 20:23:15,786 - main - WARNING - HTTPException: 404 - API endpoint not found
2025-12-26 20:23:15,787 - dependencies - ERROR - JWT decode error: Signature has expired.
2025-12-26 20:23:15,788 - main - WARNING - HTTPException: 401 - Could not validate credentials
2025-12-26 20:23:16,005 - dependencies - ERROR - JWT decode error: Signature has expired.
2025-12-26 20:23:16,006 - main - WARNING - HTTPException: 401 - Could not validate credentials
2025-12-26 20:23:16,094 - main - WARNING - HTTPException: 404 - API endpoint not found
2025-12-26 20:23:16,098 - dependencies - ERROR - JWT decode error: Signature has expired.
2025-12-26 20:23:16,099 - main - WARNING - HTTPException: 401 - Could not validate credentials
2025-12-26 20:23:16,351 - dependencies - ERROR - JWT decode error: Signature has expired.
2025-12-26 20:23:16,353 - main - WARNING - HTTPException: 401 - Could not validate credentials
2025-12-26 20:23:16,438 - main - WARNING - HTTPException: 404 - API endpoint not found
2025-12-26 20:23:16,440 - dependencies - ERROR - JWT decode error: Signature has expired.
2025-12-26 20:23:16,441 - main - WARNING - HTTPException: 401 - Could not validate credentials
2025-12-26 20:23:16,627 - dependencies - ERROR - JWT decode error: Signature has expired.
2025-12-26 20:23:16,628 - main - WARNING - HTTPException: 401 - Could not validate credentials
2025-12-26 20:23:16,747 - main - WARNING - HTTPException: 404 - API endpoint not found
2025-12-26 20:23:16,748 - dependencies - ERROR - JWT decode error: Signature has expired.
2025-12-26 20:23:16,749 - main - WARNING - HTTPException: 401 - Could not validate credentials
2025-12-26 20:23:16,982 - dependencies - ERROR - JWT decode error: Signature has expired.
2025-12-26 20:23:16,984 - main - WARNING - HTTPException: 401 - Could not validate credentials
2025-12-26 20:23:17,083 - main - WARNING - HTTPException: 404 - API endpoint not found
2025-12-26 20:23:17,085 - dependencies - ERROR - JWT decode error: Signature has expired.
2025-12-26 20:23:17,086 - main - WARNING - HTTPException: 401 - Could not validate credentials
2025-12-26 20:23:17,252 - dependencies - ERROR - JWT decode error: Signature has expired.
2025-12-26 20:23:17,253 - main - WARNING - HTTPException: 401 - Could not validate credentials
2025-12-26 20:23:17,373 - main - WARNING - HTTPException: 404 - API endpoint not found
2025-12-26 20:23:17,375 - dependencies - ERROR - JWT decode error: Signature has expired.
2025-12-26 20:23:17,377 - main - WARNING - HTTPException: 401 - Could not validate credentials
2025-12-26 20:23:17,634 - dependencies - ERROR - JWT decode error: Signature has expired.
2025-12-26 20:23:17,635 - main - WARNING - HTTPException: 401 - Could not validate credentials
2025-12-26 20:23:17,729 - main - WARNING - HTTPException: 404 - API endpoint not found
2025-12-26 20:23:17,732 - dependencies - ERROR - JWT decode error: Signature has expired.
2025-12-26 20:23:17,732 - main - WARNING - HTTPException: 401 - Could not validate credentials
2025-12-26 20:23:17,984 - dependencies - ERROR - JWT decode error: Signature has expired.
2025-12-26 20:23:17,986 - main - WARNING - HTTPException: 401 - Could not validate credentials
2025-12-26 20:23:18,054 - main - WARNING - HTTPException: 404 - API endpoint not found
2025-12-26 20:23:18,055 - dependencies - ERROR - JWT decode error: Signature has expired.
2025-12-26 20:23:18,056 - main - WARNING - HTTPException: 401 - Could not validate credentials
2025-12-26 20:23:18,281 - dependencies - ERROR - JWT decode error: Signature has expired.
2025-12-26 20:23:18,282 - main - WARNING - HTTPException: 401 - Could not validate credentials
2025-12-26 20:23:18,365 - main - WARNING - HTTPException: 404 - API endpoint not found
2025-12-26 20:23:18,366 - dependencies - ERROR - JWT decode error: Signature has expired.
2025-12-26 20:23:18,367 - main - WARNING - HTTPException: 401 - Could not validate credentials
2025-12-26 20:23:18,542 - dependencies - ERROR - JWT decode error: Signature has expired.
2025-12-26 20:23:18,543 - main - WARNING - HTTPException: 401 - Could not validate credentials
2025-12-26 20:23:18,653 - main - WARNING - HTTPException: 404 - API endpoint not found
2025-12-26 20:23:18,654 - dependencies - ERROR - JWT decode error: Signature has expired.
2025-12-26 20:23:18,656 - main - WARNING - HTTPException: 401 - Could not validate credentials
2025-12-26 20:23:18,901 - dependencies - ERROR - JWT decode error: Signature has expired.
2025-12-26 20:23:18,903 - main - WARNING - HTTPException: 401 - Could not validate credentials
2025-12-26 20:23:18,966 - main - WARNING - HTTPException: 404 - API endpoint not found
2025-12-26 20:23:18,967 - dependencies - ERROR - JWT decode error: Signature has expired.
2025-12-26 20:23:18,968 - main - WARNING - HTTPException: 401 - Could not validate credentials
2025-12-26 20:23:19,237 - dependencies - ERROR - JWT decode error: Signature has expired.
2025-12-26 20:23:19,238 - main - WARNING - HTTPException: 401 - Could not validate credentials
2025-12-26 20:23:19,332 - main - WARNING - HTTPException: 404 - API endpoint not found
2025-12-26 20:23:19,333 - dependencies - ERROR - JWT decode error: Signature has expired.
2025-12-26 20:23:19,335 - main - WARNING - HTTPException: 401 - Could not validate credentials
2025-12-26 20:23:19,585 - dependencies - ERROR - JWT decode error: Signature has expired.
2025-12-26 20:23:19,585 - main - WARNING - HTTPException: 401 - Could not validate credentials
2025-12-26 20:23:19,668 - main - WARNING - HTTPException: 404 - API endpoint not found
2025-12-26 20:23:19,669 - dependencies - ERROR - JWT decode error: Signature has expired.
2025-12-26 20:23:19,671 - main - WARNING - HTTPException: 401 - Could not validate credentials
2025-12-26 20:23:19,872 - dependencies - ERROR - JWT decode error: Signature has expired.
2025-12-26 20:23:19,872 - main - WARNING - HTTPException: 401 - Could not validate credentials
2025-12-26 20:23:20,009 - main - WARNING - HTTPException: 404 - API endpoint not found
2025-12-26 20:23:20,012 - dependencies - ERROR - JWT decode error: Signature has expired.
2025-12-26 20:23:20,013 - main - WARNING - HTTPException: 401 - Could not validate credentials
2025-12-26 20:23:20,260 - dependencies - ERROR - JWT decode error: Signature has expired.
2025-12-26 20:23:20,260 - main - WARNING - HTTPException: 401 - Could not validate credentials
2025-12-26 20:23:20,351 - main - WARNING - HTTPException: 404 - API endpoint not found
2025-12-26 20:23:20,352 - dependencies - ERROR - JWT decode error: Signature has expired.
2025-12-26 20:23:20,355 - main - WARNING - HTTPException: 401 - Could not validate credentials
2025-12-26 20:23:20,645 - dependencies - ERROR - JWT decode error: Signature has expired.
2025-12-26 20:23:20,646 - main - WARNING - HTTPException: 401 - Could not validate credentials
2025-12-26 20:23:20,738 - main - WARNING - HTTPException: 404 - API endpoint not found
2025-12-26 20:23:20,740 - dependencies - ERROR - JWT decode error: Signature has expired.
2025-12-26 20:23:20,742 - main - WARNING - HTTPException: 401 - Could not validate credentials
2025-12-26 20:23:20,980 - dependencies - ERROR - JWT decode error: Signature has expired.
2025-12-26 20:23:20,981 - main - WARNING - HTTPException: 401 - Could not validate credentials
2025-12-26 20:23:21,063 - dependencies - ERROR - JWT decode error: Signature has expired.
2025-12-26 20:23:21,064 - main - WARNING - HTTPException: 404 - API endpoint not found
2025-12-26 20:23:21,064 - main - WARNING - HTTPException: 401 - Could not validate credentials
2025-12-26 20:23:21,333 - dependencies - ERROR - JWT decode error: Signature has expired.
2025-12-26 20:23:21,335 - main - WARNING - HTTPException: 401 - Could not validate credentials
2025-12-26 20:23:21,431 - main - WARNING - HTTPException: 404 - API endpoint not found
2025-12-26 20:23:21,432 - dependencies - ERROR - JWT decode error: Signature has expired.
2025-12-26 20:23:21,433 - main - WARNING - HTTPException: 401 - Could not validate credentials
2025-12-26 20:23:21,706 - dependencies - ERROR - JWT decode error: Signature has expired.
2025-12-26 20:23:21,707 - main - WARNING - HTTPException: 401 - Could not validate credentials
2025-12-26 20:23:21,806 - main - WARNING - HTTPException: 404 - API endpoint not found
2025-12-26 20:23:21,808 - dependencies - ERROR - JWT decode error: Signature has expired.
2025-12-26 20:23:21,812 - main - WARNING - HTTPException: 401 - Could not validate credentials
2025-12-26 20:23:22,089 - dependencies - ERROR - JWT decode error: Signature has expired.
2025-12-26 20:23:22,090 - main - WARNING - HTTPException: 401 - Could not validate credentials
2025-12-26 20:23:22,190 - main - WARNING - HTTPException: 404 - API endpoint not found
2025-12-26 20:23:22,191 - dependencies - ERROR - JWT decode error: Signature has expired.
2025-12-26 20:23:22,195 - main - WARNING - HTTPException: 401 - Could not validate credentials
2025-12-26 20:23:22,460 - dependencies - ERROR - JWT decode error: Signature has expired.
2025-12-26 20:23:22,471 - main - WARNING - HTTPException: 401 - Could not validate credentials
2025-12-26 20:23:22,563 - main - WARNING - HTTPException: 404 - API endpoint not found
2025-12-26 20:23:22,564 - dependencies - ERROR - JWT decode error: Signature has expired.
2025-12-26 20:23:22,565 - main - WARNING - HTTPException: 401 - Could not validate credentials
2025-12-26 20:23:22,879 - dependencies - ERROR - JWT decode error: Signature has expired.
2025-12-26 20:23:22,885 - main - WARNING - HTTPException: 401 - Could not validate credentials
2025-12-26 20:23:23,003 - main - WARNING - HTTPException: 404 - API endpoint not found
2025-12-26 20:23:23,005 - dependencies - ERROR - JWT decode error: Signature has expired.
2025-12-26 20:23:23,007 - main - WARNING - HTTPException: 401 - Could not validate credentials
2025-12-26 20:23:23,302 - dependencies - ERROR - JWT decode error: Signature has expired.
2025-12-26 20:23:23,304 - main - WARNING - HTTPException: 401 - Could not validate credentials
2025-12-26 20:23:23,400 - main - WARNING - HTTPException: 404 - API endpoint not found
2025-12-26 20:23:23,402 - dependencies - ERROR - JWT decode error: Signature has expired.
2025-12-26 20:23:23,403 - main - WARNING - HTTPException: 401 - Could not validate credentials
2025-12-26 20:23:23,667 - dependencies - ERROR - JWT decode error: Signature has expired.
2025-12-26 20:23:23,669 - main - WARNING - HTTPException: 401 - Could not validate credentials
2025-12-26 20:23:23,768 - main - WARNING - HTTPException: 404 - API endpoint not found
2025-12-26 20:23:23,769 - dependencies - ERROR - JWT decode error: Signature has expired.
2025-12-26 20:23:23,770 - main - WARNING - HTTPException: 401 - Could not validate credentials
2025-12-26 20:23:23,987 - dependencies - ERROR - JWT decode error: Signature has expired.
2025-12-26 20:23:23,988 - main - WARNING - HTTPException: 401 - Could not validate credentials
2025-12-26 20:23:24,105 - main - WARNING - HTTPException: 404 - API endpoint not found
2025-12-26 20:23:24,106 - dependencies - ERROR - JWT decode error: Signature has expired.
2025-12-26 20:23:24,107 - main - WARNING - HTTPException: 401 - Could not validate credentials
2025-12-26 20:23:24,321 - dependencies - ERROR - JWT decode error: Signature has expired.
2025-12-26 20:23:24,322 - main - WARNING - HTTPException: 401 - Could not validate credentials
2025-12-26 20:23:24,451 - main - WARNING - HTTPException: 404 - API endpoint not found
2025-12-26 20:23:24,453 - dependencies - ERROR - JWT decode error: Signature has expired.
2025-12-26 20:23:24,454 - main - WARNING - HTTPException: 401 - Could not validate credentials
2025-12-26 20:23:24,726 - dependencies - ERROR - JWT decode error: Signature has expired.
2025-12-26 20:23:24,728 - main - WARNING - HTTPException: 401 - Could not validate credentials
2025-12-26 20:23:24,820 - main - WARNING - HTTPException: 404 - API endpoint not found
2025-12-26 20:23:24,820 - dependencies - ERROR - JWT decode error: Signature has expired.
2025-12-26 20:23:24,822 - main - WARNING - HTTPException: 401 - Could not validate credentials
2025-12-26 20:23:25,396 - dependencies - ERROR - JWT decode error: Signature has expired.
2025-12-26 20:23:25,396 - main - WARNING - HTTPException: 401 - Could not validate credentials
2025-12-26 20:23:25,476 - dependencies - ERROR - JWT decode error: Signature has expired.
2025-12-26 20:23:25,477 - main - WARNING - HTTPException: 401 - Could not validate credentials
2025-12-26 20:23:25,479 - main - WARNING - HTTPException: 404 - API endpoint not found
2025-12-26 20:23:25,749 - dependencies - ERROR - JWT decode error: Signature has expired.
2025-12-26 20:23:25,751 - main - WARNING - HTTPException: 401 - Could not validate credentials
2025-12-26 20:23:25,843 - main - WARNING - HTTPException: 404 - API endpoint not found
2025-12-26 20:23:25,845 - dependencies - ERROR - JWT decode error: Signature has expired.
2025-12-26 20:23:25,846 - main - WARNING - HTTPException: 401 - Could not validate credentials
2025-12-26 20:23:26,118 - dependencies - ERROR - JWT decode error: Signature has expired.
2025-12-26 20:23:26,119 - main - WARNING - HTTPException: 401 - Could not validate credentials
2025-12-26 20:23:26,209 - main - WARNING - HTTPException: 404 - API endpoint not found
2025-12-26 20:23:26,209 - dependencies - ERROR - JWT decode error: Signature has expired.
2025-12-26 20:23:26,210 - main - WARNING - HTTPException: 401 - Could not validate credentials
2025-12-26 20:23:26,510 - dependencies - ERROR - JWT decode error: Signature has expired.
2025-12-26 20:23:26,511 - main - WARNING - HTTPException: 401 - Could not validate credentials
2025-12-26 20:23:26,604 - main - WARNING - HTTPException: 404 - API endpoint not found
2025-12-26 20:23:26,606 - dependencies - ERROR - JWT decode error: Signature has expired.
2025-12-26 20:23:26,609 - main - WARNING - HTTPException: 401 - Could not validate credentials
2025-12-26 20:23:26,848 - dependencies - ERROR - JWT decode error: Signature has expired.
2025-12-26 20:23:26,848 - main - WARNING - HTTPException: 401 - Could not validate credentials
2025-12-26 20:23:26,965 - main - WARNING - HTTPException: 404 - API endpoint not found
2025-12-26 20:23:26,966 - dependencies - ERROR - JWT decode error: Signature has expired.
2025-12-26 20:23:26,967 - main - WARNING - HTTPException: 401 - Could not validate credentials
2025-12-26 20:23:27,245 - dependencies - ERROR - JWT decode error: Signature has expired.
2025-12-26 20:23:27,246 - main - WARNING - HTTPException: 401 - Could not validate credentials
2025-12-26 20:23:27,319 - main - WARNING - HTTPException: 404 - API endpoint not found
2025-12-26 20:23:27,320 - dependencies - ERROR - JWT decode error: Signature has expired.
2025-12-26 20:23:27,320 - main - WARNING - HTTPException: 401 - Could not validate credentials
2025-12-26 20:23:27,613 - dependencies - ERROR - JWT decode error: Signature has expired.
2025-12-26 20:23:27,614 - main - WARNING - HTTPException: 401 - Could not validate credentials
2025-12-26 20:23:27,702 - main - WARNING - HTTPException: 404 - API endpoint not found
2025-12-26 20:23:27,703 - dependencies - ERROR - JWT decode error: Signature has expired.
2025-12-26 20:23:27,704 - main - WARNING - HTTPException: 401 - Could not validate credentials
2025-12-26 20:23:27,923 - dependencies - ERROR - JWT decode error: Signature has expired.
2025-12-26 20:23:27,924 - main - WARNING - HTTPException: 401 - Could not validate credentials
2025-12-26 20:23:28,056 - main - WARNING - HTTPException: 404 - API endpoint not found
2025-12-26 20:23:28,058 - dependencies - ERROR - JWT decode error: Signature has expired.
2025-12-26 20:23:28,058 - main - WARNING - HTTPException: 401 - Could not validate credentials
2025-12-26 20:23:28,338 - dependencies - ERROR - JWT decode error: Signature has expired.
2025-12-26 20:23:28,343 - main - WARNING - HTTPException: 401 - Could not validate credentials
2025-12-26 20:23:28,436 - main - WARNING - HTTPException: 404 - API endpoint not found
2025-12-26 20:23:28,439 - dependencies - ERROR - JWT decode error: Signature has expired.
2025-12-26 20:23:28,442 - main - WARNING - HTTPException: 401 - Could not validate credentials
2025-12-26 20:23:28,744 - dependencies - ERROR - JWT decode error: Signature has expired.
2025-12-26 20:23:28,744 - main - WARNING - HTTPException: 401 - Could not validate credentials
2025-12-26 20:23:28,844 - main - WARNING - HTTPException: 404 - API endpoint not found
2025-12-26 20:23:28,846 - dependencies - ERROR - JWT decode error: Signature has expired.
2025-12-26 20:23:28,846 - main - WARNING - HTTPException: 401 - Could not validate credentials
2025-12-26 20:23:29,144 - dependencies - ERROR - JWT decode error: Signature has expired.
2025-12-26 20:23:29,144 - main - WARNING - HTTPException: 401 - Could not validate credentials
2025-12-26 20:23:29,210 - main - WARNING - HTTPException: 404 - API endpoint not found
2025-12-26 20:23:29,212 - dependencies - ERROR - JWT decode error: Signature has expired.
2025-12-26 20:23:29,214 - main - WARNING - HTTPException: 401 - Could not validate credentials
2025-12-26 20:23:29,490 - dependencies - ERROR - JWT decode error: Signature has expired.
2025-12-26 20:23:29,493 - main - WARNING - HTTPException: 401 - Could not validate credentials
2025-12-26 20:23:29,598 - main - WARNING - HTTPException: 404 - API endpoint not found
2025-12-26 20:23:29,600 - dependencies - ERROR - JWT decode error: Signature has expired.
2025-12-26 20:23:29,601 - main - WARNING - HTTPException: 401 - Could not validate credentials
2025-12-26 20:23:29,836 - dependencies - ERROR - JWT decode error: Signature has expired.
2025-12-26 20:23:29,837 - main - WARNING - HTTPException: 401 - Could not validate credentials
2025-12-26 20:23:29,963 - main - WARNING - HTTPException: 404 - API endpoint not found
2025-12-26 20:23:29,965 - dependencies - ERROR - JWT decode error: Signature has expired.
2025-12-26 20:23:29,966 - main - WARNING - HTTPException: 401 - Could not validate credentials
2025-12-26 20:23:30,246 - dependencies - ERROR - JWT decode error: Signature has expired.
2025-12-26 20:23:30,247 - main - WARNING - HTTPException: 401 - Could not validate credentials
2025-12-26 20:23:30,329 - main - WARNING - HTTPException: 404 - API endpoint not found
2025-12-26 20:23:30,330 - dependencies - ERROR - JWT decode error: Signature has expired.
2025-12-26 20:23:30,331 - main - WARNING - HTTPException: 401 - Could not validate credentials
2025-12-26 20:23:30,608 - dependencies - ERROR - JWT decode error: Signature has expired.
2025-12-26 20:23:30,610 - main - WARNING - HTTPException: 401 - Could not validate credentials
2025-12-26 20:23:30,698 - main - WARNING - HTTPException: 404 - API endpoint not found
2025-12-26 20:23:30,699 - dependencies - ERROR - JWT decode error: Signature has expired.
2025-12-26 20:23:30,700 - main - WARNING - HTTPException: 401 - Could not validate credentials
2025-12-26 20:23:30,925 - dependencies - ERROR - JWT decode error: Signature has expired.
2025-12-26 20:23:30,926 - main - WARNING - HTTPException: 401 - Could not validate credentials
2025-12-26 20:23:31,043 - main - WARNING - HTTPException: 404 - API endpoint not found
2025-12-26 20:23:31,045 - dependencies - ERROR - JWT decode error: Signature has expired.
2025-12-26 20:23:31,047 - main - WARNING - HTTPException: 401 - Could not validate credentials
2025-12-26 20:23:31,389 - dependencies - ERROR - JWT decode error: Signature has expired.
2025-12-26 20:23:31,390 - main - WARNING - HTTPException: 401 - Could not validate credentials
2025-12-26 20:23:31,482 - main - WARNING - HTTPException: 404 - API endpoint not found
2025-12-26 20:23:31,483 - dependencies - ERROR - JWT decode error: Signature has expired.
2025-12-26 20:23:31,484 - main - WARNING - HTTPException: 401 - Could not validate credentials
2025-12-26 20:23:31,762 - dependencies - ERROR - JWT decode error: Signature has expired.
2025-12-26 20:23:31,763 - main - WARNING - HTTPException: 401 - Could not validate credentials
2025-12-26 20:23:31,832 - main - WARNING - HTTPException: 404 - API endpoint not found
2025-12-26 20:23:31,833 - dependencies - ERROR - JWT decode error: Signature has expired.
2025-12-26 20:23:31,834 - main - WARNING - HTTPException: 401 - Could not validate credentials
2025-12-26 20:23:32,165 - dependencies - ERROR - JWT decode error: Signature has expired.
2025-12-26 20:23:32,167 - main - WARNING - HTTPException: 401 - Could not validate credentials
2025-12-26 20:23:32,283 - main - WARNING - HTTPException: 404 - API endpoint not found
2025-12-26 20:23:32,284 - dependencies - ERROR - JWT decode error: Signature has expired.
2025-12-26 20:23:32,286 - main - WARNING - HTTPException: 401 - Could not validate credentials
2025-12-26 20:23:32,672 - dependencies - ERROR - JWT decode error: Signature has expired.
2025-12-26 20:23:32,679 - main - WARNING - HTTPException: 401 - Could not validate credentials
2025-12-26 20:23:32,783 - main - WARNING - HTTPException: 404 - API endpoint not found
2025-12-26 20:23:32,785 - dependencies - ERROR - JWT decode error: Signature has expired.
2025-12-26 20:23:32,786 - main - WARNING - HTTPException: 401 - Could not validate credentials
2025-12-26 20:23:33,145 - dependencies - ERROR - JWT decode error: Signature has expired.
2025-12-26 20:23:33,147 - main - WARNING - HTTPException: 401 - Could not validate credentials
2025-12-26 20:23:33,259 - main - WARNING - HTTPException: 404 - API endpoint not found
2025-12-26 20:23:33,260 - dependencies - ERROR - JWT decode error: Signature has expired.
2025-12-26 20:23:33,261 - main - WARNING - HTTPException: 401 - Could not validate credentials
2025-12-26 20:23:33,624 - dependencies - ERROR - JWT decode error: Signature has expired.
2025-12-26 20:23:33,626 - main - WARNING - HTTPException: 401 - Could not validate credentials
2025-12-26 20:23:33,718 - main - WARNING - HTTPException: 404 - API endpoint not found
2025-12-26 20:23:33,721 - dependencies - ERROR - JWT decode error: Signature has expired.
2025-12-26 20:23:33,722 - main - WARNING - HTTPException: 401 - Could not validate credentials
2025-12-26 20:23:34,079 - dependencies - ERROR - JWT decode error: Signature has expired.
2025-12-26 20:23:34,126 - main - WARNING - HTTPException: 401 - Could not validate credentials
2025-12-26 20:23:34,228 - main - WARNING - HTTPException: 404 - API endpoint not found
2025-12-26 20:23:34,230 - dependencies - ERROR - JWT decode error: Signature has expired.
2025-12-26 20:23:34,232 - main - WARNING - HTTPException: 401 - Could not validate credentials
2025-12-26 20:23:34,632 - dependencies - ERROR - JWT decode error: Signature has expired.
2025-12-26 20:23:34,634 - main - WARNING - HTTPException: 401 - Could not validate credentials
2025-12-26 20:23:34,727 - main - WARNING - HTTPException: 404 - API endpoint not found
2025-12-26 20:23:34,729 - dependencies - ERROR - JWT decode error: Signature has expired.
2025-12-26 20:23:34,730 - main - WARNING - HTTPException: 401 - Could not validate credentials
2025-12-26 20:23:35,364 - dependencies - ERROR - JWT decode error: Signature has expired.
2025-12-26 20:23:35,365 - main - WARNING - HTTPException: 401 - Could not validate credentials
2025-12-26 20:23:35,418 - dependencies - ERROR - JWT decode error: Signature has expired.
2025-12-26 20:23:35,421 - main - WARNING - HTTPException: 401 - Could not validate credentials
2025-12-26 20:23:35,425 - main - WARNING - HTTPException: 404 - API endpoint not found
2025-12-26 20:23:35,739 - dependencies - ERROR - JWT decode error: Signature has expired.
2025-12-26 20:23:35,742 - main - WARNING - HTTPException: 401 - Could not validate credentials
2025-12-26 20:23:35,832 - main - WARNING - HTTPException: 404 - API endpoint not found
2025-12-26 20:23:35,833 - dependencies - ERROR - JWT decode error: Signature has expired.
2025-12-26 20:23:35,835 - main - WARNING - HTTPException: 401 - Could not validate credentials
2025-12-26 20:23:36,141 - dependencies - ERROR - JWT decode error: Signature has expired.
2025-12-26 20:23:36,142 - main - WARNING - HTTPException: 401 - Could not validate credentials
2025-12-26 20:23:36,216 - main - WARNING - HTTPException: 404 - API endpoint not found
2025-12-26 20:23:36,219 - dependencies - ERROR - JWT decode error: Signature has expired.
2025-12-26 20:23:36,221 - main - WARNING - HTTPException: 401 - Could not validate credentials
2025-12-26 20:23:36,517 - dependencies - ERROR - JWT decode error: Signature has expired.
2025-12-26 20:23:36,521 - main - WARNING - HTTPException: 401 - Could not validate credentials
2025-12-26 20:23:36,598 - main - WARNING - HTTPException: 404 - API endpoint not found
2025-12-26 20:23:36,600 - dependencies - ERROR - JWT decode error: Signature has expired.
2025-12-26 20:23:36,602 - main - WARNING - HTTPException: 401 - Could not validate credentials
2025-12-26 20:23:36,849 - dependencies - ERROR - JWT decode error: Signature has expired.
2025-12-26 20:23:36,851 - main - WARNING - HTTPException: 401 - Could not validate credentials
2025-12-26 20:23:36,997 - main - WARNING - HTTPException: 404 - API endpoint not found
2025-12-26 20:23:37,023 - dependencies - ERROR - JWT decode error: Signature has expired.
2025-12-26 20:23:37,024 - main - WARNING - HTTPException: 401 - Could not validate credentials
2025-12-26 20:23:37,357 - dependencies - ERROR - JWT decode error: Signature has expired.
2025-12-26 20:23:37,358 - main - WARNING - HTTPException: 401 - Could not validate credentials
2025-12-26 20:23:37,420 - main - WARNING - HTTPException: 404 - API endpoint not found
2025-12-26 20:23:37,421 - dependencies - ERROR - JWT decode error: Signature has expired.
2025-12-26 20:23:37,423 - main - WARNING - HTTPException: 401 - Could not validate credentials
2025-12-26 20:23:37,749 - dependencies - ERROR - JWT decode error: Signature has expired.
2025-12-26 20:23:37,754 - main - WARNING - HTTPException: 401 - Could not validate credentials
2025-12-26 20:23:37,855 - main - WARNING - HTTPException: 404 - API endpoint not found
2025-12-26 20:23:37,857 - dependencies - ERROR - JWT decode error: Signature has expired.
2025-12-26 20:23:37,858 - main - WARNING - HTTPException: 401 - Could not validate credentials
2025-12-26 20:23:38,180 - dependencies - ERROR - JWT decode error: Signature has expired.
2025-12-26 20:23:38,181 - main - WARNING - HTTPException: 401 - Could not validate credentials
2025-12-26 20:23:38,272 - dependencies - ERROR - JWT decode error: Signature has expired.
2025-12-26 20:23:38,272 - main - WARNING - HTTPException: 404 - API endpoint not found
2025-12-26 20:23:38,274 - main - WARNING - HTTPException: 401 - Could not validate credentials
2025-12-26 20:23:38,535 - dependencies - ERROR - JWT decode error: Signature has expired.
2025-12-26 20:23:38,536 - main - WARNING - HTTPException: 401 - Could not validate credentials
2025-12-26 20:23:38,664 - main - WARNING - HTTPException: 404 - API endpoint not found
2025-12-26 20:23:38,665 - dependencies - ERROR - JWT decode error: Signature has expired.
2025-12-26 20:23:38,670 - main - WARNING - HTTPException: 401 - Could not validate credentials
2025-12-26 20:23:38,972 - dependencies - ERROR - JWT decode error: Signature has expired.
2025-12-26 20:23:38,975 - main - WARNING - HTTPException: 401 - Could not validate credentials
2025-12-26 20:23:39,049 - main - WARNING - HTTPException: 404 - API endpoint not found
2025-12-26 20:23:39,052 - dependencies - ERROR - JWT decode error: Signature has expired.
2025-12-26 20:23:39,053 - main - WARNING - HTTPException: 401 - Could not validate credentials
2025-12-26 20:23:39,373 - dependencies - ERROR - JWT decode error: Signature has expired.
2025-12-26 20:23:39,374 - main - WARNING - HTTPException: 401 - Could not validate credentials
2025-12-26 20:23:39,465 - main - WARNING - HTTPException: 404 - API endpoint not found
2025-12-26 20:23:39,466 - dependencies - ERROR - JWT decode error: Signature has expired.
2025-12-26 20:23:39,469 - main - WARNING - HTTPException: 401 - Could not validate credentials
2025-12-26 20:23:39,796 - dependencies - ERROR - JWT decode error: Signature has expired.
2025-12-26 20:23:39,797 - main - WARNING - HTTPException: 401 - Could not validate credentials
2025-12-26 20:23:39,891 - main - WARNING - HTTPException: 404 - API endpoint not found
2025-12-26 20:23:39,892 - dependencies - ERROR - JWT decode error: Signature has expired.
2025-12-26 20:23:39,893 - main - WARNING - HTTPException: 401 - Could not validate credentials
2025-12-26 20:23:40,223 - dependencies - ERROR - JWT decode error: Signature has expired.
2025-12-26 20:23:40,225 - main - WARNING - HTTPException: 401 - Could not validate credentials
2025-12-26 20:23:40,329 - main - WARNING - HTTPException: 404 - API endpoint not found
2025-12-26 20:23:40,329 - dependencies - ERROR - JWT decode error: Signature has expired.
2025-12-26 20:23:40,330 - main - WARNING - HTTPException: 401 - Could not validate credentials
2025-12-26 20:23:40,580 - dependencies - ERROR - JWT decode error: Signature has expired.
2025-12-26 20:23:40,581 - main - WARNING - HTTPException: 401 - Could not validate credentials
2025-12-26 20:23:40,699 - main - WARNING - HTTPException: 404 - API endpoint not found
2025-12-26 20:23:40,700 - dependencies - ERROR - JWT decode error: Signature has expired.
2025-12-26 20:23:40,702 - main - WARNING - HTTPException: 401 - Could not validate credentials
2025-12-26 20:23:41,065 - dependencies - ERROR - JWT decode error: Signature has expired.
2025-12-26 20:23:41,067 - main - WARNING - HTTPException: 401 - Could not validate credentials
2025-12-26 20:23:41,159 - main - WARNING - HTTPException: 404 - API endpoint not found
2025-12-26 20:23:41,160 - dependencies - ERROR - JWT decode error: Signature has expired.
2025-12-26 20:23:41,162 - main - WARNING - HTTPException: 401 - Could not validate credentials
2025-12-26 20:23:41,501 - dependencies - ERROR - JWT decode error: Signature has expired.
2025-12-26 20:23:41,503 - main - WARNING - HTTPException: 401 - Could not validate credentials
2025-12-26 20:23:41,596 - main - WARNING - HTTPException: 404 - API endpoint not found
2025-12-26 20:23:41,597 - dependencies - ERROR - JWT decode error: Signature has expired.
2025-12-26 20:23:41,598 - main - WARNING - HTTPException: 401 - Could not validate credentials
2025-12-26 20:23:41,917 - dependencies - ERROR - JWT decode error: Signature has expired.
2025-12-26 20:23:41,920 - main - WARNING - HTTPException: 401 - Could not validate credentials
2025-12-26 20:23:41,993 - main - WARNING - HTTPException: 404 - API endpoint not found
2025-12-26 20:23:41,994 - dependencies - ERROR - JWT decode error: Signature has expired.
2025-12-26 20:23:41,996 - main - WARNING - HTTPException: 401 - Could not validate credentials
2025-12-26 20:23:42,361 - dependencies - ERROR - JWT decode error: Signature has expired.
2025-12-26 20:23:42,362 - main - WARNING - HTTPException: 401 - Could not validate credentials
2025-12-26 20:23:42,468 - main - WARNING - HTTPException: 404 - API endpoint not found
2025-12-26 20:23:42,469 - dependencies - ERROR - JWT decode error: Signature has expired.
2025-12-26 20:23:42,470 - main - WARNING - HTTPException: 401 - Could not validate credentials
2025-12-26 20:23:42,774 - dependencies - ERROR - JWT decode error: Signature has expired.
2025-12-26 20:23:42,776 - main - WARNING - HTTPException: 401 - Could not validate credentials
2025-12-26 20:23:42,868 - main - WARNING - HTTPException: 404 - API endpoint not found
2025-12-26 20:23:42,870 - dependencies - ERROR - JWT decode error: Signature has expired.
2025-12-26 20:23:42,871 - main - WARNING - HTTPException: 401 - Could not validate credentials
2025-12-26 20:23:43,273 - dependencies - ERROR - JWT decode error: Signature has expired.
2025-12-26 20:23:43,274 - main - WARNING - HTTPException: 401 - Could not validate credentials
2025-12-26 20:23:43,341 - main - WARNING - HTTPException: 404 - API endpoint not found
2025-12-26 20:23:43,342 - dependencies - ERROR - JWT decode error: Signature has expired.
2025-12-26 20:23:43,344 - main - WARNING - HTTPException: 401 - Could not validate credentials
2025-12-26 20:23:43,780 - dependencies - ERROR - JWT decode error: Signature has expired.
2025-12-26 20:23:43,781 - main - WARNING - HTTPException: 401 - Could not validate credentials
2025-12-26 20:23:43,892 - main - WARNING - HTTPException: 404 - API endpoint not found
2025-12-26 20:23:43,893 - dependencies - ERROR - JWT decode error: Signature has expired.
2025-12-26 20:23:43,894 - main - WARNING - HTTPException: 401 - Could not validate credentials
2025-12-26 20:23:44,159 - dependencies - ERROR - JWT decode error: Signature has expired.
2025-12-26 20:23:44,160 - main - WARNING - HTTPException: 401 - Could not validate credentials
2025-12-26 20:23:44,250 - main - WARNING - HTTPException: 404 - API endpoint not found
2025-12-26 20:23:44,252 - dependencies - ERROR - JWT decode error: Signature has expired.
2025-12-26 20:23:44,253 - main - WARNING - HTTPException: 401 - Could not validate credentials
2025-12-26 20:23:44,529 - dependencies - ERROR - JWT decode error: Signature has expired.
2025-12-26 20:23:44,532 - main - WARNING - HTTPException: 401 - Could not validate credentials
2025-12-26 20:23:44,635 - main - WARNING - HTTPException: 404 - API endpoint not found
2025-12-26 20:23:44,637 - dependencies - ERROR - JWT decode error: Signature has expired.
2025-12-26 20:23:44,638 - main - WARNING - HTTPException: 401 - Could not validate credentials
2025-12-26 20:23:44,896 - dependencies - ERROR - JWT decode error: Signature has expired.
2025-12-26 20:23:44,900 - main - WARNING - HTTPException: 401 - Could not validate credentials
2025-12-26 20:23:45,000 - main - WARNING - HTTPException: 404 - API endpoint not found
2025-12-26 20:23:45,002 - dependencies - ERROR - JWT decode error: Signature has expired.
2025-12-26 20:23:45,002 - main - WARNING - HTTPException: 401 - Could not validate credentials
2025-12-26 20:23:45,586 - dependencies - ERROR - JWT decode error: Signature has expired.
2025-12-26 20:23:45,587 - main - WARNING - HTTPException: 401 - Could not validate credentials
2025-12-26 20:23:45,643 - dependencies - ERROR - JWT decode error: Signature has expired.
2025-12-26 20:23:45,644 - main - WARNING - HTTPException: 401 - Could not validate credentials
2025-12-26 20:23:45,646 - main - WARNING - HTTPException: 404 - API endpoint not found
2025-12-26 20:23:45,888 - dependencies - ERROR - JWT decode error: Signature has expired.
2025-12-26 20:23:45,889 - main - WARNING - HTTPException: 401 - Could not validate credentials
2025-12-26 20:23:45,986 - main - WARNING - HTTPException: 404 - API endpoint not found
2025-12-26 20:23:45,987 - dependencies - ERROR - JWT decode error: Signature has expired.
2025-12-26 20:23:45,989 - main - WARNING - HTTPException: 401 - Could not validate credentials
2025-12-26 20:23:46,264 - dependencies - ERROR - JWT decode error: Signature has expired.
2025-12-26 20:23:46,268 - main - WARNING - HTTPException: 401 - Could not validate credentials
2025-12-26 20:23:46,358 - main - WARNING - HTTPException: 404 - API endpoint not found
2025-12-26 20:23:46,360 - dependencies - ERROR - JWT decode error: Signature has expired.
2025-12-26 20:23:46,361 - main - WARNING - HTTPException: 401 - Could not validate credentials
2025-12-26 20:23:46,639 - dependencies - ERROR - JWT decode error: Signature has expired.
2025-12-26 20:23:46,640 - main - WARNING - HTTPException: 401 - Could not validate credentials
2025-12-26 20:23:46,742 - main - WARNING - HTTPException: 404 - API endpoint not found
2025-12-26 20:23:46,744 - dependencies - ERROR - JWT decode error: Signature has expired.
2025-12-26 20:23:46,745 - main - WARNING - HTTPException: 401 - Could not validate credentials
2025-12-26 20:23:46,999 - dependencies - ERROR - JWT decode error: Signature has expired.
2025-12-26 20:23:47,002 - main - WARNING - HTTPException: 401 - Could not validate credentials
2025-12-26 20:23:47,101 - main - WARNING - HTTPException: 404 - API endpoint not found
2025-12-26 20:23:47,103 - dependencies - ERROR - JWT decode error: Signature has expired.
2025-12-26 20:23:47,104 - main - WARNING - HTTPException: 401 - Could not validate credentials
2025-12-26 20:23:47,298 - dependencies - ERROR - JWT decode error: Signature has expired.
2025-12-26 20:23:47,299 - main - WARNING - HTTPException: 401 - Could not validate credentials
2025-12-26 20:23:47,425 - main - WARNING - HTTPException: 404 - API endpoint not found
2025-12-26 20:23:47,427 - dependencies - ERROR - JWT decode error: Signature has expired.
2025-12-26 20:23:47,428 - main - WARNING - HTTPException: 401 - Could not validate credentials
2025-12-26 20:23:47,731 - dependencies - ERROR - JWT decode error: Signature has expired.
2025-12-26 20:23:47,733 - main - WARNING - HTTPException: 401 - Could not validate credentials
2025-12-26 20:23:47,829 - main - WARNING - HTTPException: 404 - API endpoint not found
2025-12-26 20:23:47,832 - dependencies - ERROR - JWT decode error: Signature has expired.
2025-12-26 20:23:47,833 - main - WARNING - HTTPException: 401 - Could not validate credentials
2025-12-26 20:23:48,029 - dependencies - ERROR - JWT decode error: Signature has expired.
2025-12-26 20:23:48,030 - main - WARNING - HTTPException: 401 - Could not validate credentials
2025-12-26 20:23:48,165 - main - WARNING - HTTPException: 404 - API endpoint not found
2025-12-26 20:23:48,167 - dependencies - ERROR - JWT decode error: Signature has expired.
2025-12-26 20:23:48,168 - main - WARNING - HTTPException: 401 - Could not validate credentials
2025-12-26 20:23:48,456 - dependencies - ERROR - JWT decode error: Signature has expired.
2025-12-26 20:23:48,458 - main - WARNING - HTTPException: 401 - Could not validate credentials
2025-12-26 20:23:48,560 - main - WARNING - HTTPException: 404 - API endpoint not found
2025-12-26 20:23:48,594 - dependencies - ERROR - JWT decode error: Signature has expired.
2025-12-26 20:23:48,599 - main - WARNING - HTTPException: 401 - Could not validate credentials
2025-12-26 20:23:48,906 - dependencies - ERROR - JWT decode error: Signature has expired.
2025-12-26 20:23:48,907 - main - WARNING - HTTPException: 401 - Could not validate credentials
2025-12-26 20:23:49,002 - main - WARNING - HTTPException: 404 - API endpoint not found
2025-12-26 20:23:49,003 - dependencies - ERROR - JWT decode error: Signature has expired.
2025-12-26 20:23:49,004 - main - WARNING - HTTPException: 401 - Could not validate credentials
2025-12-26 20:23:49,305 - dependencies - ERROR - JWT decode error: Signature has expired.
2025-12-26 20:23:49,308 - main - WARNING - HTTPException: 401 - Could not validate credentials
2025-12-26 20:23:49,408 - main - WARNING - HTTPException: 404 - API endpoint not found
2025-12-26 20:23:49,409 - dependencies - ERROR - JWT decode error: Signature has expired.
2025-12-26 20:23:49,410 - main - WARNING - HTTPException: 401 - Could not validate credentials
2025-12-26 20:23:49,688 - dependencies - ERROR - JWT decode error: Signature has expired.
2025-12-26 20:23:49,691 - main - WARNING - HTTPException: 401 - Could not validate credentials
2025-12-26 20:23:49,821 - main - WARNING - HTTPException: 404 - API endpoint not found
2025-12-26 20:23:49,823 - dependencies - ERROR - JWT decode error: Signature has expired.
2025-12-26 20:23:49,824 - main - WARNING - HTTPException: 401 - Could not validate credentials
2025-12-26 20:23:50,117 - dependencies - ERROR - JWT decode error: Signature has expired.
2025-12-26 20:23:50,119 - main - WARNING - HTTPException: 401 - Could not validate credentials
2025-12-26 20:23:50,186 - main - WARNING - HTTPException: 404 - API endpoint not found
2025-12-26 20:23:50,188 - dependencies - ERROR - JWT decode error: Signature has expired.
2025-12-26 20:23:50,190 - main - WARNING - HTTPException: 401 - Could not validate credentials
2025-12-26 20:23:50,486 - dependencies - ERROR - JWT decode error: Signature has expired.
2025-12-26 20:23:50,487 - main - WARNING - HTTPException: 401 - Could not validate credentials
2025-12-26 20:23:50,582 - main - WARNING - HTTPException: 404 - API endpoint not found
2025-12-26 20:23:50,584 - dependencies - ERROR - JWT decode error: Signature has expired.
2025-12-26 20:23:50,585 - main - WARNING - HTTPException: 401 - Could not validate credentials
2025-12-26 20:23:50,830 - dependencies - ERROR - JWT decode error: Signature has expired.
2025-12-26 20:23:50,831 - main - WARNING - HTTPException: 401 - Could not validate credentials
2025-12-26 20:23:50,923 - main - WARNING - HTTPException: 404 - API endpoint not found
2025-12-26 20:23:50,926 - dependencies - ERROR - JWT decode error: Signature has expired.
2025-12-26 20:23:50,926 - main - WARNING - HTTPException: 401 - Could not validate credentials
2025-12-26 20:23:51,244 - dependencies - ERROR - JWT decode error: Signature has expired.
2025-12-26 20:23:51,246 - main - WARNING - HTTPException: 401 - Could not validate credentials
2025-12-26 20:23:51,341 - main - WARNING - HTTPException: 404 - API endpoint not found
2025-12-26 20:23:51,341 - dependencies - ERROR - JWT decode error: Signature has expired.
2025-12-26 20:23:51,343 - main - WARNING - HTTPException: 401 - Could not validate credentials
2025-12-26 20:23:51,607 - dependencies - ERROR - JWT decode error: Signature has expired.
2025-12-26 20:23:51,608 - main - WARNING - HTTPException: 401 - Could not validate credentials
2025-12-26 20:23:51,683 - main - WARNING - HTTPException: 404 - API endpoint not found
2025-12-26 20:23:51,683 - dependencies - ERROR - JWT decode error: Signature has expired.
2025-12-26 20:23:51,686 - main - WARNING - HTTPException: 401 - Could not validate credentials
2025-12-26 20:23:51,989 - dependencies - ERROR - JWT decode error: Signature has expired.
2025-12-26 20:23:51,989 - main - WARNING - HTTPException: 401 - Could not validate credentials
2025-12-26 20:23:52,095 - main - WARNING - HTTPException: 404 - API endpoint not found
2025-12-26 20:23:52,098 - dependencies - ERROR - JWT decode error: Signature has expired.
2025-12-26 20:23:52,099 - main - WARNING - HTTPException: 401 - Could not validate credentials
2025-12-26 20:23:52,346 - dependencies - ERROR - JWT decode error: Signature has expired.
2025-12-26 20:23:52,348 - main - WARNING - HTTPException: 401 - Could not validate credentials
2025-12-26 20:23:52,426 - main - WARNING - HTTPException: 404 - API endpoint not found
2025-12-26 20:23:52,428 - dependencies - ERROR - JWT decode error: Signature has expired.
2025-12-26 20:23:52,432 - main - WARNING - HTTPException: 401 - Could not validate credentials
2025-12-26 20:23:52,729 - dependencies - ERROR - JWT decode error: Signature has expired.
2025-12-26 20:23:52,730 - main - WARNING - HTTPException: 401 - Could not validate credentials
2025-12-26 20:23:52,822 - main - WARNING - HTTPException: 404 - API endpoint not found
2025-12-26 20:23:52,823 - dependencies - ERROR - JWT decode error: Signature has expired.
2025-12-26 20:23:52,825 - main - WARNING - HTTPException: 401 - Could not validate credentials
2025-12-26 20:23:53,118 - dependencies - ERROR - JWT decode error: Signature has expired.
2025-12-26 20:23:53,121 - main - WARNING - HTTPException: 401 - Could not validate credentials
2025-12-26 20:23:53,222 - main - WARNING - HTTPException: 404 - API endpoint not found
2025-12-26 20:23:53,223 - dependencies - ERROR - JWT decode error: Signature has expired.
2025-12-26 20:23:53,224 - main - WARNING - HTTPException: 401 - Could not validate credentials
2025-12-26 20:23:53,531 - dependencies - ERROR - JWT decode error: Signature has expired.
2025-12-26 20:23:53,532 - main - WARNING - HTTPException: 401 - Could not validate credentials
2025-12-26 20:23:53,630 - main - WARNING - HTTPException: 404 - API endpoint not found
2025-12-26 20:23:53,631 - dependencies - ERROR - JWT decode error: Signature has expired.
2025-12-26 20:23:53,633 - main - WARNING - HTTPException: 401 - Could not validate credentials
2025-12-26 20:23:53,852 - dependencies - ERROR - JWT decode error: Signature has expired.
2025-12-26 20:23:53,853 - main - WARNING - HTTPException: 401 - Could not validate credentials
2025-12-26 20:23:53,971 - main - WARNING - HTTPException: 404 - API endpoint not found
2025-12-26 20:23:53,972 - dependencies - ERROR - JWT decode error: Signature has expired.
2025-12-26 20:23:53,973 - main - WARNING - HTTPException: 401 - Could not validate credentials
2025-12-26 20:23:54,272 - dependencies - ERROR - JWT decode error: Signature has expired.
2025-12-26 20:23:54,273 - main - WARNING - HTTPException: 401 - Could not validate credentials
2025-12-26 20:23:54,370 - main - WARNING - HTTPException: 404 - API endpoint not found
2025-12-26 20:23:54,372 - dependencies - ERROR - JWT decode error: Signature has expired.
2025-12-26 20:23:54,373 - main - WARNING - HTTPException: 401 - Could not validate credentials
2025-12-26 20:23:54,677 - dependencies - ERROR - JWT decode error: Signature has expired.
2025-12-26 20:23:54,680 - main - WARNING - HTTPException: 401 - Could not validate credentials
2025-12-26 20:23:54,772 - main - WARNING - HTTPException: 404 - API endpoint not found
2025-12-26 20:23:54,773 - dependencies - ERROR - JWT decode error: Signature has expired.
2025-12-26 20:23:54,776 - main - WARNING - HTTPException: 401 - Could not validate credentials
2025-12-26 20:23:55,345 - dependencies - ERROR - JWT decode error: Signature has expired.
2025-12-26 20:23:55,346 - main - WARNING - HTTPException: 401 - Could not validate credentials
2025-12-26 20:23:55,402 - dependencies - ERROR - JWT decode error: Signature has expired.
2025-12-26 20:23:55,403 - main - WARNING - HTTPException: 401 - Could not validate credentials
2025-12-26 20:23:55,405 - main - WARNING - HTTPException: 404 - API endpoint not found
2025-12-26 20:23:55,655 - dependencies - ERROR - JWT decode error: Signature has expired.
2025-12-26 20:23:55,656 - main - WARNING - HTTPException: 401 - Could not validate credentials
2025-12-26 20:23:55,752 - main - WARNING - HTTPException: 404 - API endpoint not found
2025-12-26 20:23:55,753 - dependencies - ERROR - JWT decode error: Signature has expired.
2025-12-26 20:23:55,754 - main - WARNING - HTTPException: 401 - Could not validate credentials
2025-12-26 20:23:55,995 - dependencies - ERROR - JWT decode error: Signature has expired.
2025-12-26 20:23:55,996 - main - WARNING - HTTPException: 401 - Could not validate credentials
2025-12-26 20:23:56,097 - main - WARNING - HTTPException: 404 - API endpoint not found
2025-12-26 20:23:56,099 - dependencies - ERROR - JWT decode error: Signature has expired.
2025-12-26 20:23:56,101 - main - WARNING - HTTPException: 401 - Could not validate credentials
2025-12-26 20:23:56,351 - dependencies - ERROR - JWT decode error: Signature has expired.
2025-12-26 20:23:56,352 - main - WARNING - HTTPException: 401 - Could not validate credentials
2025-12-26 20:23:56,422 - main - WARNING - HTTPException: 404 - API endpoint not found
2025-12-26 20:23:56,424 - dependencies - ERROR - JWT decode error: Signature has expired.
2025-12-26 20:23:56,425 - main - WARNING - HTTPException: 401 - Could not validate credentials
2025-12-26 20:23:56,696 - dependencies - ERROR - JWT decode error: Signature has expired.
2025-12-26 20:23:56,698 - main - WARNING - HTTPException: 401 - Could not validate credentials
2025-12-26 20:23:56,806 - main - WARNING - HTTPException: 404 - API endpoint not found
2025-12-26 20:23:56,807 - dependencies - ERROR - JWT decode error: Signature has expired.
2025-12-26 20:23:56,810 - main - WARNING - HTTPException: 401 - Could not validate credentials
2025-12-26 20:23:57,136 - dependencies - ERROR - JWT decode error: Signature has expired.
2025-12-26 20:23:57,137 - main - WARNING - HTTPException: 401 - Could not validate credentials
2025-12-26 20:23:57,233 - main - WARNING - HTTPException: 404 - API endpoint not found
2025-12-26 20:23:57,234 - dependencies - ERROR - JWT decode error: Signature has expired.
2025-12-26 20:23:57,235 - main - WARNING - HTTPException: 401 - Could not validate credentials
2025-12-26 20:23:57,505 - dependencies - ERROR - JWT decode error: Signature has expired.
2025-12-26 20:23:57,507 - main - WARNING - HTTPException: 401 - Could not validate credentials
2025-12-26 20:23:57,617 - main - WARNING - HTTPException: 404 - API endpoint not found
2025-12-26 20:23:57,619 - dependencies - ERROR - JWT decode error: Signature has expired.
2025-12-26 20:23:57,620 - main - WARNING - HTTPException: 401 - Could not validate credentials
2025-12-26 20:23:57,876 - dependencies - ERROR - JWT decode error: Signature has expired.
2025-12-26 20:23:57,878 - main - WARNING - HTTPException: 401 - Could not validate credentials
2025-12-26 20:23:57,967 - main - WARNING - HTTPException: 404 - API endpoint not found
2025-12-26 20:23:57,969 - dependencies - ERROR - JWT decode error: Signature has expired.
2025-12-26 20:23:57,970 - main - WARNING - HTTPException: 401 - Could not validate credentials
2025-12-26 20:23:58,194 - dependencies - ERROR - JWT decode error: Signature has expired.
2025-12-26 20:23:58,195 - main - WARNING - HTTPException: 401 - Could not validate credentials
2025-12-26 20:23:58,312 - main - WARNING - HTTPException: 404 - API endpoint not found
2025-12-26 20:23:58,313 - dependencies - ERROR - JWT decode error: Signature has expired.
2025-12-26 20:23:58,315 - main - WARNING - HTTPException: 401 - Could not validate credentials
2025-12-26 20:23:58,527 - dependencies - ERROR - JWT decode error: Signature has expired.
2025-12-26 20:23:58,528 - main - WARNING - HTTPException: 401 - Could not validate credentials
2025-12-26 20:23:58,650 - main - WARNING - HTTPException: 404 - API endpoint not found
2025-12-26 20:23:58,651 - dependencies - ERROR - JWT decode error: Signature has expired.
2025-12-26 20:23:58,652 - main - WARNING - HTTPException: 401 - Could not validate credentials
2025-12-26 20:23:58,938 - dependencies - ERROR - JWT decode error: Signature has expired.
2025-12-26 20:23:58,939 - main - WARNING - HTTPException: 401 - Could not validate credentials
2025-12-26 20:23:59,052 - main - WARNING - HTTPException: 404 - API endpoint not found
2025-12-26 20:23:59,053 - dependencies - ERROR - JWT decode error: Signature has expired.
2025-12-26 20:23:59,054 - main - WARNING - HTTPException: 401 - Could not validate credentials
2025-12-26 20:23:59,334 - dependencies - ERROR - JWT decode error: Signature has expired.
2025-12-26 20:23:59,335 - main - WARNING - HTTPException: 401 - Could not validate credentials
2025-12-26 20:23:59,432 - main - WARNING - HTTPException: 404 - API endpoint not found
2025-12-26 20:23:59,433 - dependencies - ERROR - JWT decode error: Signature has expired.
2025-12-26 20:23:59,434 - main - WARNING - HTTPException: 401 - Could not validate credentials
2025-12-26 20:23:59,705 - dependencies - ERROR - JWT decode error: Signature has expired.
2025-12-26 20:23:59,706 - main - WARNING - HTTPException: 401 - Could not validate credentials
2025-12-26 20:23:59,773 - main - WARNING - HTTPException: 404 - API endpoint not found
2025-12-26 20:23:59,777 - dependencies - ERROR - JWT decode error: Signature has expired.
2025-12-26 20:23:59,778 - main - WARNING - HTTPException: 401 - Could not validate credentials
2025-12-26 20:24:00,106 - dependencies - ERROR - JWT decode error: Signature has expired.
2025-12-26 20:24:00,108 - main - WARNING - HTTPException: 401 - Could not validate credentials
2025-12-26 20:24:00,205 - main - WARNING - HTTPException: 404 - API endpoint not found
2025-12-26 20:24:00,207 - dependencies - ERROR - JWT decode error: Signature has expired.
2025-12-26 20:24:00,210 - main - WARNING - HTTPException: 401 - Could not validate credentials
2025-12-26 20:24:00,561 - dependencies - ERROR - JWT decode error: Signature has expired.
2025-12-26 20:24:00,574 - main - WARNING - HTTPException: 401 - Could not validate credentials
2025-12-26 20:24:00,653 - main - WARNING - HTTPException: 404 - API endpoint not found
2025-12-26 20:24:00,655 - dependencies - ERROR - JWT decode error: Signature has expired.
2025-12-26 20:24:00,658 - main - WARNING - HTTPException: 401 - Could not validate credentials
2025-12-26 20:24:00,984 - dependencies - ERROR - JWT decode error: Signature has expired.
2025-12-26 20:24:00,985 - main - WARNING - HTTPException: 401 - Could not validate credentials
2025-12-26 20:24:01,093 - main - WARNING - HTTPException: 404 - API endpoint not found
2025-12-26 20:24:01,095 - dependencies - ERROR - JWT decode error: Signature has expired.
2025-12-26 20:24:01,097 - main - WARNING - HTTPException: 401 - Could not validate credentials
2025-12-26 20:24:01,399 - dependencies - ERROR - JWT decode error: Signature has expired.
2025-12-26 20:24:01,399 - main - WARNING - HTTPException: 401 - Could not validate credentials
2025-12-26 20:24:01,470 - main - WARNING - HTTPException: 404 - API endpoint not found
2025-12-26 20:24:01,471 - dependencies - ERROR - JWT decode error: Signature has expired.
2025-12-26 20:24:01,472 - main - WARNING - HTTPException: 401 - Could not validate credentials
2025-12-26 20:24:01,692 - dependencies - ERROR - JWT decode error: Signature has expired.
2025-12-26 20:24:01,693 - main - WARNING - HTTPException: 401 - Could not validate credentials
2025-12-26 20:24:01,810 - main - WARNING - HTTPException: 404 - API endpoint not found
2025-12-26 20:24:01,812 - dependencies - ERROR - JWT decode error: Signature has expired.
2025-12-26 20:24:01,813 - main - WARNING - HTTPException: 401 - Could not validate credentials
2025-12-26 20:24:02,147 - dependencies - ERROR - JWT decode error: Signature has expired.
2025-12-26 20:24:02,148 - main - WARNING - HTTPException: 401 - Could not validate credentials
2025-12-26 20:24:02,267 - main - WARNING - HTTPException: 404 - API endpoint not found
2025-12-26 20:24:02,269 - dependencies - ERROR - JWT decode error: Signature has expired.
2025-12-26 20:24:02,270 - main - WARNING - HTTPException: 401 - Could not validate credentials
2025-12-26 20:24:02,672 - dependencies - ERROR - JWT decode error: Signature has expired.
2025-12-26 20:24:02,675 - main - WARNING - HTTPException: 401 - Could not validate credentials
2025-12-26 20:24:02,781 - main - WARNING - HTTPException: 404 - API endpoint not found
2025-12-26 20:24:02,782 - dependencies - ERROR - JWT decode error: Signature has expired.
2025-12-26 20:24:02,783 - main - WARNING - HTTPException: 401 - Could not validate credentials
2025-12-26 20:24:03,083 - dependencies - ERROR - JWT decode error: Signature has expired.
2025-12-26 20:24:03,085 - main - WARNING - HTTPException: 401 - Could not validate credentials
2025-12-26 20:24:03,171 - main - WARNING - HTTPException: 404 - API endpoint not found
2025-12-26 20:24:03,176 - dependencies - ERROR - JWT decode error: Signature has expired.
2025-12-26 20:24:03,177 - main - WARNING - HTTPException: 401 - Could not validate credentials
2025-12-26 20:24:03,476 - dependencies - ERROR - JWT decode error: Signature has expired.
2025-12-26 20:24:03,477 - main - WARNING - HTTPException: 401 - Could not validate credentials
2025-12-26 20:24:03,568 - main - WARNING - HTTPException: 404 - API endpoint not found
2025-12-26 20:24:03,571 - dependencies - ERROR - JWT decode error: Signature has expired.
2025-12-26 20:24:03,572 - main - WARNING - HTTPException: 401 - Could not validate credentials
2025-12-26 20:24:03,876 - dependencies - ERROR - JWT decode error: Signature has expired.
2025-12-26 20:24:03,877 - main - WARNING - HTTPException: 401 - Could not validate credentials
2025-12-26 20:24:03,977 - main - WARNING - HTTPException: 404 - API endpoint not found
2025-12-26 20:24:03,979 - dependencies - ERROR - JWT decode error: Signature has expired.
2025-12-26 20:24:03,980 - main - WARNING - HTTPException: 401 - Could not validate credentials
2025-12-26 20:24:04,319 - dependencies - ERROR - JWT decode error: Signature has expired.
2025-12-26 20:24:04,321 - main - WARNING - HTTPException: 401 - Could not validate credentials
2025-12-26 20:24:04,419 - main - WARNING - HTTPException: 404 - API endpoint not found
2025-12-26 20:24:04,420 - dependencies - ERROR - JWT decode error: Signature has expired.
2025-12-26 20:24:04,422 - main - WARNING - HTTPException: 401 - Could not validate credentials
2025-12-26 20:24:04,735 - dependencies - ERROR - JWT decode error: Signature has expired.
2025-12-26 20:24:04,736 - main - WARNING - HTTPException: 401 - Could not validate credentials
2025-12-26 20:24:04,830 - main - WARNING - HTTPException: 404 - API endpoint not found
2025-12-26 20:24:04,831 - dependencies - ERROR - JWT decode error: Signature has expired.
2025-12-26 20:24:04,832 - main - WARNING - HTTPException: 401 - Could not validate credentials
2025-12-26 20:24:05,445 - dependencies - ERROR - JWT decode error: Signature has expired.
2025-12-26 20:24:05,446 - main - WARNING - HTTPException: 401 - Could not validate credentials
2025-12-26 20:24:05,509 - dependencies - ERROR - JWT decode error: Signature has expired.
2025-12-26 20:24:05,511 - main - WARNING - HTTPException: 401 - Could not validate credentials
2025-12-26 20:24:05,514 - main - WARNING - HTTPException: 404 - API endpoint not found
2025-12-26 20:24:05,797 - dependencies - ERROR - JWT decode error: Signature has expired.
2025-12-26 20:24:05,798 - main - WARNING - HTTPException: 401 - Could not validate credentials
2025-12-26 20:24:05,891 - main - WARNING - HTTPException: 404 - API endpoint not found
2025-12-26 20:24:05,894 - dependencies - ERROR - JWT decode error: Signature has expired.
2025-12-26 20:24:05,894 - main - WARNING - HTTPException: 401 - Could not validate credentials
2025-12-26 20:24:06,188 - dependencies - ERROR - JWT decode error: Signature has expired.
2025-12-26 20:24:06,190 - main - WARNING - HTTPException: 401 - Could not validate credentials
2025-12-26 20:24:06,271 - main - WARNING - HTTPException: 404 - API endpoint not found
2025-12-26 20:24:06,273 - dependencies - ERROR - JWT decode error: Signature has expired.
2025-12-26 20:24:06,274 - main - WARNING - HTTPException: 401 - Could not validate credentials
2025-12-26 20:24:06,606 - dependencies - ERROR - JWT decode error: Signature has expired.
2025-12-26 20:24:06,608 - main - WARNING - HTTPException: 401 - Could not validate credentials
2025-12-26 20:24:06,701 - main - WARNING - HTTPException: 404 - API endpoint not found
2025-12-26 20:24:06,702 - dependencies - ERROR - JWT decode error: Signature has expired.
2025-12-26 20:24:06,706 - main - WARNING - HTTPException: 401 - Could not validate credentials
2025-12-26 20:24:07,047 - dependencies - ERROR - JWT decode error: Signature has expired.
2025-12-26 20:24:07,049 - main - WARNING - HTTPException: 401 - Could not validate credentials
2025-12-26 20:24:07,144 - main - WARNING - HTTPException: 404 - API endpoint not found
2025-12-26 20:24:07,145 - dependencies - ERROR - JWT decode error: Signature has expired.
2025-12-26 20:24:07,146 - main - WARNING - HTTPException: 401 - Could not validate credentials
2025-12-26 20:24:07,439 - dependencies - ERROR - JWT decode error: Signature has expired.
2025-12-26 20:24:07,442 - main - WARNING - HTTPException: 401 - Could not validate credentials
2025-12-26 20:24:07,514 - main - WARNING - HTTPException: 404 - API endpoint not found
2025-12-26 20:24:07,516 - dependencies - ERROR - JWT decode error: Signature has expired.
2025-12-26 20:24:07,517 - main - WARNING - HTTPException: 401 - Could not validate credentials
2025-12-26 20:24:07,814 - dependencies - ERROR - JWT decode error: Signature has expired.
2025-12-26 20:24:07,815 - main - WARNING - HTTPException: 401 - Could not validate credentials
2025-12-26 20:24:07,890 - main - WARNING - HTTPException: 404 - API endpoint not found
2025-12-26 20:24:07,893 - dependencies - ERROR - JWT decode error: Signature has expired.
2025-12-26 20:24:07,894 - main - WARNING - HTTPException: 401 - Could not validate credentials
2025-12-26 20:24:08,186 - dependencies - ERROR - JWT decode error: Signature has expired.
2025-12-26 20:24:08,190 - main - WARNING - HTTPException: 401 - Could not validate credentials
2025-12-26 20:24:08,262 - main - WARNING - HTTPException: 404 - API endpoint not found
2025-12-26 20:24:08,264 - dependencies - ERROR - JWT decode error: Signature has expired.
2025-12-26 20:24:08,265 - main - WARNING - HTTPException: 401 - Could not validate credentials
2025-12-26 20:24:08,596 - dependencies - ERROR - JWT decode error: Signature has expired.
2025-12-26 20:24:08,596 - main - WARNING - HTTPException: 401 - Could not validate credentials
2025-12-26 20:24:08,695 - main - WARNING - HTTPException: 404 - API endpoint not found
2025-12-26 20:24:08,696 - dependencies - ERROR - JWT decode error: Signature has expired.
2025-12-26 20:24:08,698 - main - WARNING - HTTPException: 401 - Could not validate credentials
2025-12-26 20:24:09,040 - dependencies - ERROR - JWT decode error: Signature has expired.
2025-12-26 20:24:09,041 - main - WARNING - HTTPException: 401 - Could not validate credentials
2025-12-26 20:24:09,133 - main - WARNING - HTTPException: 404 - API endpoint not found
2025-12-26 20:24:09,134 - dependencies - ERROR - JWT decode error: Signature has expired.
2025-12-26 20:24:09,135 - main - WARNING - HTTPException: 401 - Could not validate credentials
2025-12-26 20:24:09,455 - dependencies - ERROR - JWT decode error: Signature has expired.
2025-12-26 20:24:09,459 - main - WARNING - HTTPException: 401 - Could not validate credentials
2025-12-26 20:24:09,548 - main - WARNING - HTTPException: 404 - API endpoint not found
2025-12-26 20:24:09,549 - dependencies - ERROR - JWT decode error: Signature has expired.
2025-12-26 20:24:09,550 - main - WARNING - HTTPException: 401 - Could not validate credentials
2025-12-26 20:24:09,870 - dependencies - ERROR - JWT decode error: Signature has expired.
2025-12-26 20:24:09,871 - main - WARNING - HTTPException: 401 - Could not validate credentials
2025-12-26 20:24:09,972 - main - WARNING - HTTPException: 404 - API endpoint not found
2025-12-26 20:24:09,974 - dependencies - ERROR - JWT decode error: Signature has expired.
2025-12-26 20:24:09,975 - main - WARNING - HTTPException: 401 - Could not validate credentials
2025-12-26 20:24:10,300 - dependencies - ERROR - JWT decode error: Signature has expired.
2025-12-26 20:24:10,301 - main - WARNING - HTTPException: 401 - Could not validate credentials
2025-12-26 20:24:10,397 - main - WARNING - HTTPException: 404 - API endpoint not found
2025-12-26 20:24:10,398 - dependencies - ERROR - JWT decode error: Signature has expired.
2025-12-26 20:24:10,399 - main - WARNING - HTTPException: 401 - Could not validate credentials
2025-12-26 20:24:10,707 - dependencies - ERROR - JWT decode error: Signature has expired.
2025-12-26 20:24:10,708 - main - WARNING - HTTPException: 401 - Could not validate credentials
2025-12-26 20:24:10,799 - main - WARNING - HTTPException: 404 - API endpoint not found
2025-12-26 20:24:10,800 - dependencies - ERROR - JWT decode error: Signature has expired.
2025-12-26 20:24:10,801 - main - WARNING - HTTPException: 401 - Could not validate credentials
2025-12-26 20:24:11,174 - dependencies - ERROR - JWT decode error: Signature has expired.
2025-12-26 20:24:11,176 - main - WARNING - HTTPException: 401 - Could not validate credentials
2025-12-26 20:24:11,245 - main - WARNING - HTTPException: 404 - API endpoint not found
2025-12-26 20:24:11,246 - dependencies - ERROR - JWT decode error: Signature has expired.
2025-12-26 20:24:11,247 - main - WARNING - HTTPException: 401 - Could not validate credentials
2025-12-26 20:24:11,554 - dependencies - ERROR - JWT decode error: Signature has expired.
2025-12-26 20:24:11,556 - main - WARNING - HTTPException: 401 - Could not validate credentials
2025-12-26 20:24:11,631 - main - WARNING - HTTPException: 404 - API endpoint not found
2025-12-26 20:24:11,633 - dependencies - ERROR - JWT decode error: Signature has expired.
2025-12-26 20:24:11,634 - main - WARNING - HTTPException: 401 - Could not validate credentials
2025-12-26 20:24:11,941 - dependencies - ERROR - JWT decode error: Signature has expired.
2025-12-26 20:24:11,942 - main - WARNING - HTTPException: 401 - Could not validate credentials
2025-12-26 20:24:12,022 - main - WARNING - HTTPException: 404 - API endpoint not found
2025-12-26 20:24:12,023 - dependencies - ERROR - JWT decode error: Signature has expired.
2025-12-26 20:24:12,025 - main - WARNING - HTTPException: 401 - Could not validate credentials
2025-12-26 20:24:12,353 - dependencies - ERROR - JWT decode error: Signature has expired.
2025-12-26 20:24:12,354 - main - WARNING - HTTPException: 401 - Could not validate credentials
2025-12-26 20:24:12,444 - main - WARNING - HTTPException: 404 - API endpoint not found
2025-12-26 20:24:12,445 - dependencies - ERROR - JWT decode error: Signature has expired.
2025-12-26 20:24:12,446 - main - WARNING - HTTPException: 401 - Could not validate credentials
2025-12-26 20:24:12,793 - dependencies - ERROR - JWT decode error: Signature has expired.
2025-12-26 20:24:12,794 - main - WARNING - HTTPException: 401 - Could not validate credentials
2025-12-26 20:24:12,886 - main - WARNING - HTTPException: 404 - API endpoint not found
2025-12-26 20:24:12,889 - dependencies - ERROR - JWT decode error: Signature has expired.
2025-12-26 20:24:12,890 - main - WARNING - HTTPException: 401 - Could not validate credentials
2025-12-26 20:24:13,260 - dependencies - ERROR - JWT decode error: Signature has expired.
2025-12-26 20:24:13,262 - main - WARNING - HTTPException: 401 - Could not validate credentials
2025-12-26 20:24:13,356 - main - WARNING - HTTPException: 404 - API endpoint not found
2025-12-26 20:24:13,357 - dependencies - ERROR - JWT decode error: Signature has expired.
2025-12-26 20:24:13,358 - main - WARNING - HTTPException: 401 - Could not validate credentials
2025-12-26 20:24:13,710 - dependencies - ERROR - JWT decode error: Signature has expired.
2025-12-26 20:24:13,711 - main - WARNING - HTTPException: 401 - Could not validate credentials
2025-12-26 20:24:13,799 - main - WARNING - HTTPException: 404 - API endpoint not found
2025-12-26 20:24:13,801 - dependencies - ERROR - JWT decode error: Signature has expired.
2025-12-26 20:24:13,804 - main - WARNING - HTTPException: 401 - Could not validate credentials
2025-12-26 20:24:14,160 - dependencies - ERROR - JWT decode error: Signature has expired.
2025-12-26 20:24:14,162 - main - WARNING - HTTPException: 401 - Could not validate credentials
2025-12-26 20:24:14,296 - main - WARNING - HTTPException: 404 - API endpoint not found
2025-12-26 20:24:14,323 - dependencies - ERROR - JWT decode error: Signature has expired.
2025-12-26 20:24:14,327 - main - WARNING - HTTPException: 401 - Could not validate credentials
2025-12-26 20:24:14,751 - dependencies - ERROR - JWT decode error: Signature has expired.
2025-12-26 20:24:14,753 - main - WARNING - HTTPException: 401 - Could not validate credentials
2025-12-26 20:24:14,853 - main - WARNING - HTTPException: 404 - API endpoint not found
2025-12-26 20:24:14,855 - dependencies - ERROR - JWT decode error: Signature has expired.
2025-12-26 20:24:14,855 - main - WARNING - HTTPException: 401 - Could not validate credentials
2025-12-26 20:24:15,532 - dependencies - ERROR - JWT decode error: Signature has expired.
2025-12-26 20:24:15,533 - main - WARNING - HTTPException: 401 - Could not validate credentials
2025-12-26 20:24:15,586 - dependencies - ERROR - JWT decode error: Signature has expired.
2025-12-26 20:24:15,588 - main - WARNING - HTTPException: 401 - Could not validate credentials
2025-12-26 20:24:15,590 - main - WARNING - HTTPException: 404 - API endpoint not found
2025-12-26 20:24:15,926 - dependencies - ERROR - JWT decode error: Signature has expired.
2025-12-26 20:24:15,927 - main - WARNING - HTTPException: 401 - Could not validate credentials
2025-12-26 20:24:16,018 - main - WARNING - HTTPException: 404 - API endpoint not found
2025-12-26 20:24:16,019 - dependencies - ERROR - JWT decode error: Signature has expired.
2025-12-26 20:24:16,021 - main - WARNING - HTTPException: 401 - Could not validate credentials
2025-12-26 20:24:16,298 - dependencies - ERROR - JWT decode error: Signature has expired.
2025-12-26 20:24:16,299 - main - WARNING - HTTPException: 401 - Could not validate credentials
2025-12-26 20:24:16,418 - main - WARNING - HTTPException: 404 - API endpoint not found
2025-12-26 20:24:16,419 - dependencies - ERROR - JWT decode error: Signature has expired.
2025-12-26 20:24:16,420 - main - WARNING - HTTPException: 401 - Could not validate credentials
2025-12-26 20:24:16,735 - dependencies - ERROR - JWT decode error: Signature has expired.
2025-12-26 20:24:16,737 - main - WARNING - HTTPException: 401 - Could not validate credentials
2025-12-26 20:24:16,810 - main - WARNING - HTTPException: 404 - API endpoint not found
2025-12-26 20:24:16,813 - dependencies - ERROR - JWT decode error: Signature has expired.
2025-12-26 20:24:16,814 - main - WARNING - HTTPException: 401 - Could not validate credentials
2025-12-26 20:24:17,180 - dependencies - ERROR - JWT decode error: Signature has expired.
2025-12-26 20:24:17,182 - main - WARNING - HTTPException: 401 - Could not validate credentials
2025-12-26 20:24:17,274 - main - WARNING - HTTPException: 404 - API endpoint not found
2025-12-26 20:24:17,276 - dependencies - ERROR - JWT decode error: Signature has expired.
2025-12-26 20:24:17,277 - main - WARNING - HTTPException: 401 - Could not validate credentials
2025-12-26 20:24:17,643 - dependencies - ERROR - JWT decode error: Signature has expired.
2025-12-26 20:24:17,645 - main - WARNING - HTTPException: 401 - Could not validate credentials
2025-12-26 20:24:17,743 - main - WARNING - HTTPException: 404 - API endpoint not found
2025-12-26 20:24:17,745 - dependencies - ERROR - JWT decode error: Signature has expired.
2025-12-26 20:24:17,746 - main - WARNING - HTTPException: 401 - Could not validate credentials
2025-12-26 20:24:18,134 - dependencies - ERROR - JWT decode error: Signature has expired.
2025-12-26 20:24:18,135 - main - WARNING - HTTPException: 401 - Could not validate credentials
2025-12-26 20:24:18,222 - main - WARNING - HTTPException: 404 - API endpoint not found
2025-12-26 20:24:18,223 - dependencies - ERROR - JWT decode error: Signature has expired.
2025-12-26 20:24:18,224 - main - WARNING - HTTPException: 401 - Could not validate credentials
2025-12-26 20:24:18,568 - dependencies - ERROR - JWT decode error: Signature has expired.
2025-12-26 20:24:18,569 - main - WARNING - HTTPException: 401 - Could not validate credentials
2025-12-26 20:24:18,661 - main - WARNING - HTTPException: 404 - API endpoint not found
2025-12-26 20:24:18,663 - dependencies - ERROR - JWT decode error: Signature has expired.
2025-12-26 20:24:18,664 - main - WARNING - HTTPException: 401 - Could not validate credentials
2025-12-26 20:24:19,012 - dependencies - ERROR - JWT decode error: Signature has expired.
2025-12-26 20:24:19,014 - main - WARNING - HTTPException: 401 - Could not validate credentials
2025-12-26 20:24:19,124 - main - WARNING - HTTPException: 404 - API endpoint not found
2025-12-26 20:24:19,125 - dependencies - ERROR - JWT decode error: Signature has expired.
2025-12-26 20:24:19,126 - main - WARNING - HTTPException: 401 - Could not validate credentials
2025-12-26 20:24:19,488 - dependencies - ERROR - JWT decode error: Signature has expired.
2025-12-26 20:24:19,488 - main - WARNING - HTTPException: 401 - Could not validate credentials
2025-12-26 20:24:19,563 - main - WARNING - HTTPException: 404 - API endpoint not found
2025-12-26 20:24:19,566 - dependencies - ERROR - JWT decode error: Signature has expired.
2025-12-26 20:24:19,568 - main - WARNING - HTTPException: 401 - Could not validate credentials
2025-12-26 20:24:19,939 - dependencies - ERROR - JWT decode error: Signature has expired.
2025-12-26 20:24:19,940 - main - WARNING - HTTPException: 401 - Could not validate credentials
2025-12-26 20:24:20,042 - main - WARNING - HTTPException: 404 - API endpoint not found
2025-12-26 20:24:20,043 - dependencies - ERROR - JWT decode error: Signature has expired.
2025-12-26 20:24:20,044 - main - WARNING - HTTPException: 401 - Could not validate credentials
2025-12-26 20:24:20,371 - dependencies - ERROR - JWT decode error: Signature has expired.
2025-12-26 20:24:20,372 - main - WARNING - HTTPException: 401 - Could not validate credentials
2025-12-26 20:24:20,476 - main - WARNING - HTTPException: 404 - API endpoint not found
2025-12-26 20:24:20,477 - dependencies - ERROR - JWT decode error: Signature has expired.
2025-12-26 20:24:20,478 - main - WARNING - HTTPException: 401 - Could not validate credentials
2025-12-26 20:24:20,817 - dependencies - ERROR - JWT decode error: Signature has expired.
2025-12-26 20:24:20,818 - main - WARNING - HTTPException: 401 - Could not validate credentials
2025-12-26 20:24:20,919 - main - WARNING - HTTPException: 404 - API endpoint not found
2025-12-26 20:24:20,920 - dependencies - ERROR - JWT decode error: Signature has expired.
2025-12-26 20:24:20,921 - main - WARNING - HTTPException: 401 - Could not validate credentials
2025-12-26 20:24:21,417 - dependencies - ERROR - JWT decode error: Signature has expired.
2025-12-26 20:24:21,419 - main - WARNING - HTTPException: 401 - Could not validate credentials
2025-12-26 20:24:21,522 - main - WARNING - HTTPException: 404 - API endpoint not found
2025-12-26 20:24:21,523 - dependencies - ERROR - JWT decode error: Signature has expired.
2025-12-26 20:24:21,524 - main - WARNING - HTTPException: 401 - Could not validate credentials
2025-12-26 20:24:21,780 - dependencies - ERROR - JWT decode error: Signature has expired.
2025-12-26 20:24:21,782 - main - WARNING - HTTPException: 401 - Could not validate credentials
2025-12-26 20:24:21,887 - main - WARNING - HTTPException: 404 - API endpoint not found
2025-12-26 20:24:21,889 - dependencies - ERROR - JWT decode error: Signature has expired.
2025-12-26 20:24:21,889 - main - WARNING - HTTPException: 401 - Could not validate credentials
2025-12-26 20:24:22,181 - dependencies - ERROR - JWT decode error: Signature has expired.
2025-12-26 20:24:22,182 - main - WARNING - HTTPException: 401 - Could not validate credentials
2025-12-26 20:24:22,281 - main - WARNING - HTTPException: 404 - API endpoint not found
2025-12-26 20:24:22,283 - dependencies - ERROR - JWT decode error: Signature has expired.
2025-12-26 20:24:22,284 - main - WARNING - HTTPException: 401 - Could not validate credentials
2025-12-26 20:24:22,516 - dependencies - ERROR - JWT decode error: Signature has expired.
2025-12-26 20:24:22,518 - main - WARNING - HTTPException: 401 - Could not validate credentials
2025-12-26 20:24:22,617 - main - WARNING - HTTPException: 404 - API endpoint not found
2025-12-26 20:24:22,619 - dependencies - ERROR - JWT decode error: Signature has expired.
2025-12-26 20:24:22,619 - main - WARNING - HTTPException: 401 - Could not validate credentials
2025-12-26 20:24:22,909 - dependencies - ERROR - JWT decode error: Signature has expired.
2025-12-26 20:24:22,910 - main - WARNING - HTTPException: 401 - Could not validate credentials
2025-12-26 20:24:23,008 - main - WARNING - HTTPException: 404 - API endpoint not found
2025-12-26 20:24:23,009 - dependencies - ERROR - JWT decode error: Signature has expired.
2025-12-26 20:24:23,010 - main - WARNING - HTTPException: 401 - Could not validate credentials
2025-12-26 20:24:23,292 - dependencies - ERROR - JWT decode error: Signature has expired.
2025-12-26 20:24:23,292 - main - WARNING - HTTPException: 401 - Could not validate credentials
2025-12-26 20:24:23,391 - main - WARNING - HTTPException: 404 - API endpoint not found
2025-12-26 20:24:23,393 - dependencies - ERROR - JWT decode error: Signature has expired.
2025-12-26 20:24:23,394 - main - WARNING - HTTPException: 401 - Could not validate credentials
2025-12-26 20:24:23,678 - dependencies - ERROR - JWT decode error: Signature has expired.
2025-12-26 20:24:23,682 - main - WARNING - HTTPException: 401 - Could not validate credentials
2025-12-26 20:24:23,782 - main - WARNING - HTTPException: 404 - API endpoint not found
2025-12-26 20:24:23,783 - dependencies - ERROR - JWT decode error: Signature has expired.
2025-12-26 20:24:23,784 - main - WARNING - HTTPException: 401 - Could not validate credentials
2025-12-26 20:24:24,087 - dependencies - ERROR - JWT decode error: Signature has expired.
2025-12-26 20:24:24,087 - main - WARNING - HTTPException: 401 - Could not validate credentials
2025-12-26 20:24:24,160 - main - WARNING - HTTPException: 404 - API endpoint not found
2025-12-26 20:24:24,164 - dependencies - ERROR - JWT decode error: Signature has expired.
2025-12-26 20:24:24,166 - main - WARNING - HTTPException: 401 - Could not validate credentials
2025-12-26 20:24:24,473 - dependencies - ERROR - JWT decode error: Signature has expired.
2025-12-26 20:24:24,474 - main - WARNING - HTTPException: 401 - Could not validate credentials
2025-12-26 20:24:24,569 - main - WARNING - HTTPException: 404 - API endpoint not found
2025-12-26 20:24:24,570 - dependencies - ERROR - JWT decode error: Signature has expired.
2025-12-26 20:24:24,572 - main - WARNING - HTTPException: 401 - Could not validate credentials
2025-12-26 20:24:24,858 - dependencies - ERROR - JWT decode error: Signature has expired.
2025-12-26 20:24:24,859 - main - WARNING - HTTPException: 401 - Could not validate credentials
2025-12-26 20:24:24,961 - main - WARNING - HTTPException: 404 - API endpoint not found
2025-12-26 20:24:24,962 - dependencies - ERROR - JWT decode error: Signature has expired.
2025-12-26 20:24:24,965 - main - WARNING - HTTPException: 401 - Could not validate credentials
2025-12-26 20:24:25,583 - dependencies - ERROR - JWT decode error: Signature has expired.
2025-12-26 20:24:25,584 - main - WARNING - HTTPException: 401 - Could not validate credentials
2025-12-26 20:24:25,641 - dependencies - ERROR - JWT decode error: Signature has expired.
2025-12-26 20:24:25,642 - main - WARNING - HTTPException: 401 - Could not validate credentials
2025-12-26 20:24:25,645 - main - WARNING - HTTPException: 404 - API endpoint not found
2025-12-26 20:24:25,913 - dependencies - ERROR - JWT decode error: Signature has expired.
2025-12-26 20:24:25,917 - main - WARNING - HTTPException: 401 - Could not validate credentials
2025-12-26 20:24:26,027 - main - WARNING - HTTPException: 404 - API endpoint not found
2025-12-26 20:24:26,028 - dependencies - ERROR - JWT decode error: Signature has expired.
2025-12-26 20:24:26,032 - main - WARNING - HTTPException: 401 - Could not validate credentials
2025-12-26 20:24:26,787 - dependencies - ERROR - JWT decode error: Signature has expired.
2025-12-26 20:24:26,788 - main - WARNING - HTTPException: 401 - Could not validate credentials
2025-12-26 20:24:26,888 - main - WARNING - HTTPException: 404 - API endpoint not found
2025-12-26 20:24:26,889 - dependencies - ERROR - JWT decode error: Signature has expired.
2025-12-26 20:24:26,891 - main - WARNING - HTTPException: 401 - Could not validate credentials
2025-12-26 20:24:27,117 - dependencies - ERROR - JWT decode error: Signature has expired.
2025-12-26 20:24:27,118 - main - WARNING - HTTPException: 401 - Could not validate credentials
2025-12-26 20:24:27,215 - main - WARNING - HTTPException: 404 - API endpoint not found
2025-12-26 20:24:27,217 - dependencies - ERROR - JWT decode error: Signature has expired.
2025-12-26 20:24:27,218 - main - WARNING - HTTPException: 401 - Could not validate credentials
2025-12-26 20:24:27,480 - dependencies - ERROR - JWT decode error: Signature has expired.
2025-12-26 20:24:27,481 - main - WARNING - HTTPException: 401 - Could not validate credentials
2025-12-26 20:24:27,587 - main - WARNING - HTTPException: 404 - API endpoint not found
2025-12-26 20:24:27,590 - dependencies - ERROR - JWT decode error: Signature has expired.
2025-12-26 20:24:27,591 - main - WARNING - HTTPException: 401 - Could not validate credentials
2025-12-26 20:24:27,905 - dependencies - ERROR - JWT decode error: Signature has expired.
2025-12-26 20:24:27,906 - main - WARNING - HTTPException: 401 - Could not validate credentials
2025-12-26 20:24:28,028 - main - WARNING - HTTPException: 404 - API endpoint not found
2025-12-26 20:24:28,031 - dependencies - ERROR - JWT decode error: Signature has expired.
2025-12-26 20:24:28,032 - main - WARNING - HTTPException: 401 - Could not validate credentials
2025-12-26 20:24:28,348 - dependencies - ERROR - JWT decode error: Signature has expired.
2025-12-26 20:24:28,350 - main - WARNING - HTTPException: 401 - Could not validate credentials
2025-12-26 20:24:28,471 - main - WARNING - HTTPException: 404 - API endpoint not found
2025-12-26 20:24:28,472 - dependencies - ERROR - JWT decode error: Signature has expired.
2025-12-26 20:24:28,474 - main - WARNING - HTTPException: 401 - Could not validate credentials
2025-12-26 20:24:28,797 - dependencies - ERROR - JWT decode error: Signature has expired.
2025-12-26 20:24:28,818 - main - WARNING - HTTPException: 401 - Could not validate credentials
2025-12-26 20:24:28,931 - main - WARNING - HTTPException: 404 - API endpoint not found
2025-12-26 20:24:28,932 - dependencies - ERROR - JWT decode error: Signature has expired.
2025-12-26 20:24:28,933 - main - WARNING - HTTPException: 401 - Could not validate credentials
2025-12-26 20:24:29,221 - dependencies - ERROR - JWT decode error: Signature has expired.
2025-12-26 20:24:29,223 - main - WARNING - HTTPException: 401 - Could not validate credentials
2025-12-26 20:24:29,320 - main - WARNING - HTTPException: 404 - API endpoint not found
2025-12-26 20:24:29,321 - dependencies - ERROR - JWT decode error: Signature has expired.
2025-12-26 20:24:29,322 - main - WARNING - HTTPException: 401 - Could not validate credentials
2025-12-26 20:24:29,538 - dependencies - ERROR - JWT decode error: Signature has expired.
2025-12-26 20:24:29,540 - main - WARNING - HTTPException: 401 - Could not validate credentials
2025-12-26 20:24:29,613 - main - WARNING - HTTPException: 404 - API endpoint not found
2025-12-26 20:24:29,614 - dependencies - ERROR - JWT decode error: Signature has expired.
2025-12-26 20:24:29,615 - main - WARNING - HTTPException: 401 - Could not validate credentials
2025-12-26 20:24:29,847 - dependencies - ERROR - JWT decode error: Signature has expired.
2025-12-26 20:24:29,848 - main - WARNING - HTTPException: 401 - Could not validate credentials
2025-12-26 20:24:29,944 - main - WARNING - HTTPException: 404 - API endpoint not found
2025-12-26 20:24:29,946 - dependencies - ERROR - JWT decode error: Signature has expired.
2025-12-26 20:24:29,948 - main - WARNING - HTTPException: 401 - Could not validate credentials
2025-12-26 20:24:30,200 - dependencies - ERROR - JWT decode error: Signature has expired.
2025-12-26 20:24:30,202 - main - WARNING - HTTPException: 401 - Could not validate credentials
2025-12-26 20:24:30,292 - main - WARNING - HTTPException: 404 - API endpoint not found
2025-12-26 20:24:30,296 - dependencies - ERROR - JWT decode error: Signature has expired.
2025-12-26 20:24:30,297 - main - WARNING - HTTPException: 401 - Could not validate credentials
2025-12-26 20:24:30,550 - dependencies - ERROR - JWT decode error: Signature has expired.
2025-12-26 20:24:30,552 - main - WARNING - HTTPException: 401 - Could not validate credentials
2025-12-26 20:24:30,624 - main - WARNING - HTTPException: 404 - API endpoint not found
2025-12-26 20:24:30,627 - dependencies - ERROR - JWT decode error: Signature has expired.
2025-12-26 20:24:30,629 - main - WARNING - HTTPException: 401 - Could not validate credentials
2025-12-26 20:24:30,896 - dependencies - ERROR - JWT decode error: Signature has expired.
2025-12-26 20:24:30,898 - main - WARNING - HTTPException: 401 - Could not validate credentials
2025-12-26 20:24:31,006 - main - WARNING - HTTPException: 404 - API endpoint not found
2025-12-26 20:24:31,008 - dependencies - ERROR - JWT decode error: Signature has expired.
2025-12-26 20:24:31,009 - main - WARNING - HTTPException: 401 - Could not validate credentials
2025-12-26 20:24:31,284 - dependencies - ERROR - JWT decode error: Signature has expired.
2025-12-26 20:24:31,285 - main - WARNING - HTTPException: 401 - Could not validate credentials
2025-12-26 20:24:31,383 - main - WARNING - HTTPException: 404 - API endpoint not found
2025-12-26 20:24:31,384 - dependencies - ERROR - JWT decode error: Signature has expired.
2025-12-26 20:24:31,386 - main - WARNING - HTTPException: 401 - Could not validate credentials
2025-12-26 20:24:31,640 - dependencies - ERROR - JWT decode error: Signature has expired.
2025-12-26 20:24:31,641 - main - WARNING - HTTPException: 401 - Could not validate credentials
2025-12-26 20:24:31,749 - main - WARNING - HTTPException: 404 - API endpoint not found
2025-12-26 20:24:31,751 - dependencies - ERROR - JWT decode error: Signature has expired.
2025-12-26 20:24:31,753 - main - WARNING - HTTPException: 401 - Could not validate credentials
2025-12-26 20:24:32,018 - dependencies - ERROR - JWT decode error: Signature has expired.
2025-12-26 20:24:32,020 - main - WARNING - HTTPException: 401 - Could not validate credentials
2025-12-26 20:24:32,155 - main - WARNING - HTTPException: 404 - API endpoint not found
2025-12-26 20:24:32,191 - dependencies - ERROR - JWT decode error: Signature has expired.
2025-12-26 20:24:32,203 - main - WARNING - HTTPException: 401 - Could not validate credentials
2025-12-26 20:24:32,476 - dependencies - ERROR - JWT decode error: Signature has expired.
2025-12-26 20:24:32,477 - main - WARNING - HTTPException: 401 - Could not validate credentials
2025-12-26 20:24:32,556 - main - WARNING - HTTPException: 404 - API endpoint not found
2025-12-26 20:24:32,558 - dependencies - ERROR - JWT decode error: Signature has expired.
2025-12-26 20:24:32,559 - main - WARNING - HTTPException: 401 - Could not validate credentials
2025-12-26 20:24:32,747 - dependencies - ERROR - JWT decode error: Signature has expired.
2025-12-26 20:24:32,748 - main - WARNING - HTTPException: 401 - Could not validate credentials
2025-12-26 20:24:32,873 - main - WARNING - HTTPException: 404 - API endpoint not found
2025-12-26 20:24:32,874 - dependencies - ERROR - JWT decode error: Signature has expired.
2025-12-26 20:24:32,876 - main - WARNING - HTTPException: 401 - Could not validate credentials
2025-12-26 20:24:33,143 - dependencies - ERROR - JWT decode error: Signature has expired.
2025-12-26 20:24:33,145 - main - WARNING - HTTPException: 401 - Could not validate credentials
2025-12-26 20:24:33,247 - main - WARNING - HTTPException: 404 - API endpoint not found
2025-12-26 20:24:33,249 - dependencies - ERROR - JWT decode error: Signature has expired.
2025-12-26 20:24:33,250 - main - WARNING - HTTPException: 401 - Could not validate credentials
2025-12-26 20:24:33,528 - dependencies - ERROR - JWT decode error: Signature has expired.
2025-12-26 20:24:33,529 - main - WARNING - HTTPException: 401 - Could not validate credentials
2025-12-26 20:24:33,632 - main - WARNING - HTTPException: 404 - API endpoint not found
2025-12-26 20:24:33,634 - dependencies - ERROR - JWT decode error: Signature has expired.
2025-12-26 20:24:33,635 - main - WARNING - HTTPException: 401 - Could not validate credentials
2025-12-26 20:24:33,901 - dependencies - ERROR - JWT decode error: Signature has expired.
2025-12-26 20:24:33,902 - main - WARNING - HTTPException: 401 - Could not validate credentials
2025-12-26 20:24:33,993 - main - WARNING - HTTPException: 404 - API endpoint not found
2025-12-26 20:24:33,994 - dependencies - ERROR - JWT decode error: Signature has expired.
2025-12-26 20:24:33,995 - main - WARNING - HTTPException: 401 - Could not validate credentials
2025-12-26 20:24:34,279 - dependencies - ERROR - JWT decode error: Signature has expired.
2025-12-26 20:24:34,280 - main - WARNING - HTTPException: 401 - Could not validate credentials
2025-12-26 20:24:34,378 - main - WARNING - HTTPException: 404 - API endpoint not found
2025-12-26 20:24:34,379 - dependencies - ERROR - JWT decode error: Signature has expired.
2025-12-26 20:24:34,380 - main - WARNING - HTTPException: 401 - Could not validate credentials
2025-12-26 20:24:34,665 - dependencies - ERROR - JWT decode error: Signature has expired.
2025-12-26 20:24:34,665 - main - WARNING - HTTPException: 401 - Could not validate credentials
2025-12-26 20:24:34,764 - main - WARNING - HTTPException: 404 - API endpoint not found
2025-12-26 20:24:34,765 - dependencies - ERROR - JWT decode error: Signature has expired.
2025-12-26 20:24:34,767 - main - WARNING - HTTPException: 401 - Could not validate credentials
2025-12-26 20:24:35,056 - dependencies - ERROR - JWT decode error: Signature has expired.
2025-12-26 20:24:35,059 - main - WARNING - HTTPException: 401 - Could not validate credentials
2025-12-26 20:24:35,156 - main - WARNING - HTTPException: 404 - API endpoint not found
2025-12-26 20:24:35,159 - dependencies - ERROR - JWT decode error: Signature has expired.
2025-12-26 20:24:35,160 - main - WARNING - HTTPException: 401 - Could not validate credentials
2025-12-26 20:24:35,445 - dependencies - ERROR - JWT decode error: Signature has expired.
2025-12-26 20:24:35,448 - main - WARNING - HTTPException: 401 - Could not validate credentials
2025-12-26 20:24:35,552 - main - WARNING - HTTPException: 404 - API endpoint not found
2025-12-26 20:24:35,553 - dependencies - ERROR - JWT decode error: Signature has expired.
2025-12-26 20:24:35,555 - main - WARNING - HTTPException: 401 - Could not validate credentials
2025-12-26 20:24:35,838 - dependencies - ERROR - JWT decode error: Signature has expired.
2025-12-26 20:24:35,841 - main - WARNING - HTTPException: 401 - Could not validate credentials
2025-12-26 20:24:35,944 - main - WARNING - HTTPException: 404 - API endpoint not found
2025-12-26 20:24:35,949 - dependencies - ERROR - JWT decode error: Signature has expired.
2025-12-26 20:24:35,950 - main - WARNING - HTTPException: 401 - Could not validate credentials
2025-12-26 20:24:36,233 - dependencies - ERROR - JWT decode error: Signature has expired.
2025-12-26 20:24:36,234 - main - WARNING - HTTPException: 401 - Could not validate credentials
2025-12-26 20:24:36,334 - main - WARNING - HTTPException: 404 - API endpoint not found
2025-12-26 20:24:36,335 - dependencies - ERROR - JWT decode error: Signature has expired.
2025-12-26 20:24:36,336 - main - WARNING - HTTPException: 401 - Could not validate credentials
2025-12-26 20:24:36,627 - dependencies - ERROR - JWT decode error: Signature has expired.
2025-12-26 20:24:36,629 - main - WARNING - HTTPException: 401 - Could not validate credentials
2025-12-26 20:24:36,726 - main - WARNING - HTTPException: 404 - API endpoint not found
2025-12-26 20:24:36,727 - dependencies - ERROR - JWT decode error: Signature has expired.
2025-12-26 20:24:36,728 - main - WARNING - HTTPException: 401 - Could not validate credentials
2025-12-26 20:24:37,034 - dependencies - ERROR - JWT decode error: Signature has expired.
2025-12-26 20:24:37,036 - main - WARNING - HTTPException: 401 - Could not validate credentials
2025-12-26 20:24:37,137 - main - WARNING - HTTPException: 404 - API endpoint not found
2025-12-26 20:24:37,139 - dependencies - ERROR - JWT decode error: Signature has expired.
2025-12-26 20:24:37,141 - main - WARNING - HTTPException: 401 - Could not validate credentials
2025-12-26 20:24:37,411 - dependencies - ERROR - JWT decode error: Signature has expired.
2025-12-26 20:24:37,412 - main - WARNING - HTTPException: 401 - Could not validate credentials
2025-12-26 20:24:37,501 - main - WARNING - HTTPException: 404 - API endpoint not found
2025-12-26 20:24:37,502 - dependencies - ERROR - JWT decode error: Signature has expired.
2025-12-26 20:24:37,503 - main - WARNING - HTTPException: 401 - Could not validate credentials
2025-12-26 20:24:37,806 - dependencies - ERROR - JWT decode error: Signature has expired.
2025-12-26 20:24:37,808 - main - WARNING - HTTPException: 401 - Could not validate credentials
2025-12-26 20:24:37,909 - main - WARNING - HTTPException: 404 - API endpoint not found
2025-12-26 20:24:37,910 - dependencies - ERROR - JWT decode error: Signature has expired.
2025-12-26 20:24:37,912 - main - WARNING - HTTPException: 401 - Could not validate credentials
2025-12-26 20:24:38,218 - dependencies - ERROR - JWT decode error: Signature has expired.
2025-12-26 20:24:38,219 - main - WARNING - HTTPException: 401 - Could not validate credentials
2025-12-26 20:24:38,315 - main - WARNING - HTTPException: 404 - API endpoint not found
2025-12-26 20:24:38,316 - dependencies - ERROR - JWT decode error: Signature has expired.
2025-12-26 20:24:38,317 - main - WARNING - HTTPException: 401 - Could not validate credentials
2025-12-26 20:24:38,617 - dependencies - ERROR - JWT decode error: Signature has expired.
2025-12-26 20:24:38,617 - main - WARNING - HTTPException: 401 - Could not validate credentials
2025-12-26 20:24:38,725 - main - WARNING - HTTPException: 404 - API endpoint not found
2025-12-26 20:24:38,727 - dependencies - ERROR - JWT decode error: Signature has expired.
2025-12-26 20:24:38,728 - main - WARNING - HTTPException: 401 - Could not validate credentials
2025-12-26 20:24:38,985 - dependencies - ERROR - JWT decode error: Signature has expired.
2025-12-26 20:24:38,986 - main - WARNING - HTTPException: 401 - Could not validate credentials
2025-12-26 20:24:39,101 - main - WARNING - HTTPException: 404 - API endpoint not found
2025-12-26 20:24:39,102 - dependencies - ERROR - JWT decode error: Signature has expired.
2025-12-26 20:24:39,104 - main - WARNING - HTTPException: 401 - Could not validate credentials
2025-12-26 20:24:39,386 - dependencies - ERROR - JWT decode error: Signature has expired.
2025-12-26 20:24:39,388 - main - WARNING - HTTPException: 401 - Could not validate credentials
2025-12-26 20:24:39,476 - main - WARNING - HTTPException: 404 - API endpoint not found
2025-12-26 20:24:39,477 - dependencies - ERROR - JWT decode error: Signature has expired.
2025-12-26 20:24:39,478 - main - WARNING - HTTPException: 401 - Could not validate credentials
2025-12-26 20:24:39,778 - dependencies - ERROR - JWT decode error: Signature has expired.
2025-12-26 20:24:39,779 - main - WARNING - HTTPException: 401 - Could not validate credentials
2025-12-26 20:24:39,881 - main - WARNING - HTTPException: 404 - API endpoint not found
2025-12-26 20:24:39,882 - dependencies - ERROR - JWT decode error: Signature has expired.
2025-12-26 20:24:39,884 - main - WARNING - HTTPException: 401 - Could not validate credentials
2025-12-26 20:24:40,507 - dependencies - ERROR - JWT decode error: Signature has expired.
2025-12-26 20:24:40,507 - main - WARNING - HTTPException: 401 - Could not validate credentials
2025-12-26 20:24:40,575 - dependencies - ERROR - JWT decode error: Signature has expired.
2025-12-26 20:24:40,575 - main - WARNING - HTTPException: 401 - Could not validate credentials
2025-12-26 20:24:40,578 - main - WARNING - HTTPException: 404 - API endpoint not found
2025-12-26 20:24:40,853 - dependencies - ERROR - JWT decode error: Signature has expired.
2025-12-26 20:24:40,855 - main - WARNING - HTTPException: 401 - Could not validate credentials
2025-12-26 20:24:40,959 - main - WARNING - HTTPException: 404 - API endpoint not found
2025-12-26 20:24:40,961 - dependencies - ERROR - JWT decode error: Signature has expired.
2025-12-26 20:24:40,961 - main - WARNING - HTTPException: 401 - Could not validate credentials
2025-12-26 20:24:41,255 - dependencies - ERROR - JWT decode error: Signature has expired.
2025-12-26 20:24:41,258 - main - WARNING - HTTPException: 401 - Could not validate credentials
2025-12-26 20:24:41,346 - main - WARNING - HTTPException: 404 - API endpoint not found
2025-12-26 20:24:41,347 - dependencies - ERROR - JWT decode error: Signature has expired.
2025-12-26 20:24:41,348 - main - WARNING - HTTPException: 401 - Could not validate credentials
2025-12-26 20:24:41,627 - dependencies - ERROR - JWT decode error: Signature has expired.
2025-12-26 20:24:41,629 - main - WARNING - HTTPException: 401 - Could not validate credentials
2025-12-26 20:24:41,735 - main - WARNING - HTTPException: 404 - API endpoint not found
2025-12-26 20:24:41,735 - dependencies - ERROR - JWT decode error: Signature has expired.
2025-12-26 20:24:41,739 - main - WARNING - HTTPException: 401 - Could not validate credentials
2025-12-26 20:24:41,970 - dependencies - ERROR - JWT decode error: Signature has expired.
2025-12-26 20:24:41,972 - main - WARNING - HTTPException: 401 - Could not validate credentials
2025-12-26 20:24:42,123 - main - WARNING - HTTPException: 404 - API endpoint not found
2025-12-26 20:24:42,125 - dependencies - ERROR - JWT decode error: Signature has expired.
2025-12-26 20:24:42,127 - main - WARNING - HTTPException: 401 - Could not validate credentials
2025-12-26 20:24:42,432 - dependencies - ERROR - JWT decode error: Signature has expired.
2025-12-26 20:24:42,433 - main - WARNING - HTTPException: 401 - Could not validate credentials
2025-12-26 20:24:42,529 - main - WARNING - HTTPException: 404 - API endpoint not found
2025-12-26 20:24:42,529 - dependencies - ERROR - JWT decode error: Signature has expired.
2025-12-26 20:24:42,530 - main - WARNING - HTTPException: 401 - Could not validate credentials
2025-12-26 20:24:42,849 - dependencies - ERROR - JWT decode error: Signature has expired.
2025-12-26 20:24:42,850 - main - WARNING - HTTPException: 401 - Could not validate credentials
2025-12-26 20:24:42,948 - main - WARNING - HTTPException: 404 - API endpoint not found
2025-12-26 20:24:42,949 - dependencies - ERROR - JWT decode error: Signature has expired.
2025-12-26 20:24:42,950 - main - WARNING - HTTPException: 401 - Could not validate credentials
2025-12-26 20:24:43,282 - dependencies - ERROR - JWT decode error: Signature has expired.
2025-12-26 20:24:43,284 - main - WARNING - HTTPException: 401 - Could not validate credentials
2025-12-26 20:24:43,384 - main - WARNING - HTTPException: 404 - API endpoint not found
2025-12-26 20:24:43,385 - dependencies - ERROR - JWT decode error: Signature has expired.
2025-12-26 20:24:43,386 - main - WARNING - HTTPException: 401 - Could not validate credentials
2025-12-26 20:24:43,724 - dependencies - ERROR - JWT decode error: Signature has expired.
2025-12-26 20:24:43,726 - main - WARNING - HTTPException: 401 - Could not validate credentials
2025-12-26 20:24:43,819 - main - WARNING - HTTPException: 404 - API endpoint not found
2025-12-26 20:24:43,823 - dependencies - ERROR - JWT decode error: Signature has expired.
2025-12-26 20:24:43,824 - main - WARNING - HTTPException: 401 - Could not validate credentials
2025-12-26 20:24:44,163 - dependencies - ERROR - JWT decode error: Signature has expired.
2025-12-26 20:24:44,165 - main - WARNING - HTTPException: 401 - Could not validate credentials
2025-12-26 20:24:44,265 - main - WARNING - HTTPException: 404 - API endpoint not found
2025-12-26 20:24:44,267 - dependencies - ERROR - JWT decode error: Signature has expired.
2025-12-26 20:24:44,268 - main - WARNING - HTTPException: 401 - Could not validate credentials
2025-12-26 20:24:44,611 - dependencies - ERROR - JWT decode error: Signature has expired.
2025-12-26 20:24:44,612 - main - WARNING - HTTPException: 401 - Could not validate credentials
2025-12-26 20:24:44,681 - main - WARNING - HTTPException: 404 - API endpoint not found
2025-12-26 20:24:44,682 - dependencies - ERROR - JWT decode error: Signature has expired.
2025-12-26 20:24:44,683 - main - WARNING - HTTPException: 401 - Could not validate credentials
2025-12-26 20:24:45,004 - dependencies - ERROR - JWT decode error: Signature has expired.
2025-12-26 20:24:45,005 - main - WARNING - HTTPException: 401 - Could not validate credentials
2025-12-26 20:24:45,111 - main - WARNING - HTTPException: 404 - API endpoint not found
2025-12-26 20:24:45,113 - dependencies - ERROR - JWT decode error: Signature has expired.
2025-12-26 20:24:45,114 - main - WARNING - HTTPException: 401 - Could not validate credentials
2025-12-26 20:24:45,450 - dependencies - ERROR - JWT decode error: Signature has expired.
2025-12-26 20:24:45,451 - main - WARNING - HTTPException: 401 - Could not validate credentials
2025-12-26 20:24:45,552 - main - WARNING - HTTPException: 404 - API endpoint not found
2025-12-26 20:24:45,555 - dependencies - ERROR - JWT decode error: Signature has expired.
2025-12-26 20:24:45,556 - main - WARNING - HTTPException: 401 - Could not validate credentials
2025-12-26 20:24:45,851 - dependencies - ERROR - JWT decode error: Signature has expired.
2025-12-26 20:24:45,854 - main - WARNING - HTTPException: 401 - Could not validate credentials
2025-12-26 20:24:45,948 - main - WARNING - HTTPException: 404 - API endpoint not found
2025-12-26 20:24:45,950 - dependencies - ERROR - JWT decode error: Signature has expired.
2025-12-26 20:24:45,951 - main - WARNING - HTTPException: 401 - Could not validate credentials
2025-12-26 20:24:46,271 - dependencies - ERROR - JWT decode error: Signature has expired.
2025-12-26 20:24:46,273 - main - WARNING - HTTPException: 401 - Could not validate credentials
2025-12-26 20:24:46,367 - main - WARNING - HTTPException: 404 - API endpoint not found
2025-12-26 20:24:46,368 - dependencies - ERROR - JWT decode error: Signature has expired.
2025-12-26 20:24:46,371 - main - WARNING - HTTPException: 401 - Could not validate credentials
2025-12-26 20:24:46,705 - dependencies - ERROR - JWT decode error: Signature has expired.
2025-12-26 20:24:46,707 - main - WARNING - HTTPException: 401 - Could not validate credentials
2025-12-26 20:24:46,801 - main - WARNING - HTTPException: 404 - API endpoint not found
2025-12-26 20:24:46,804 - dependencies - ERROR - JWT decode error: Signature has expired.
2025-12-26 20:24:46,806 - main - WARNING - HTTPException: 401 - Could not validate credentials
2025-12-26 20:24:47,137 - dependencies - ERROR - JWT decode error: Signature has expired.
2025-12-26 20:24:47,138 - main - WARNING - HTTPException: 401 - Could not validate credentials
2025-12-26 20:24:47,232 - main - WARNING - HTTPException: 404 - API endpoint not found
2025-12-26 20:24:47,233 - dependencies - ERROR - JWT decode error: Signature has expired.
2025-12-26 20:24:47,235 - main - WARNING - HTTPException: 401 - Could not validate credentials
2025-12-26 20:24:47,550 - dependencies - ERROR - JWT decode error: Signature has expired.
2025-12-26 20:24:47,552 - main - WARNING - HTTPException: 401 - Could not validate credentials
2025-12-26 20:24:47,658 - main - WARNING - HTTPException: 404 - API endpoint not found
2025-12-26 20:24:47,659 - dependencies - ERROR - JWT decode error: Signature has expired.
2025-12-26 20:24:47,660 - main - WARNING - HTTPException: 401 - Could not validate credentials
2025-12-26 20:24:47,976 - dependencies - ERROR - JWT decode error: Signature has expired.
2025-12-26 20:24:47,977 - main - WARNING - HTTPException: 401 - Could not validate credentials
2025-12-26 20:24:48,077 - main - WARNING - HTTPException: 404 - API endpoint not found
2025-12-26 20:24:48,078 - dependencies - ERROR - JWT decode error: Signature has expired.
2025-12-26 20:24:48,080 - main - WARNING - HTTPException: 401 - Could not validate credentials
2025-12-26 20:24:48,421 - dependencies - ERROR - JWT decode error: Signature has expired.
2025-12-26 20:24:48,422 - main - WARNING - HTTPException: 401 - Could not validate credentials
2025-12-26 20:24:48,512 - main - WARNING - HTTPException: 404 - API endpoint not found
2025-12-26 20:24:48,513 - dependencies - ERROR - JWT decode error: Signature has expired.
2025-12-26 20:24:48,515 - main - WARNING - HTTPException: 401 - Could not validate credentials
2025-12-26 20:24:48,845 - dependencies - ERROR - JWT decode error: Signature has expired.
2025-12-26 20:24:48,846 - main - WARNING - HTTPException: 401 - Could not validate credentials
2025-12-26 20:24:48,947 - main - WARNING - HTTPException: 404 - API endpoint not found
2025-12-26 20:24:48,948 - dependencies - ERROR - JWT decode error: Signature has expired.
2025-12-26 20:24:48,949 - main - WARNING - HTTPException: 401 - Could not validate credentials
2025-12-26 20:24:49,292 - dependencies - ERROR - JWT decode error: Signature has expired.
2025-12-26 20:24:49,293 - main - WARNING - HTTPException: 401 - Could not validate credentials
2025-12-26 20:24:49,397 - main - WARNING - HTTPException: 404 - API endpoint not found
2025-12-26 20:24:49,398 - dependencies - ERROR - JWT decode error: Signature has expired.
2025-12-26 20:24:49,399 - main - WARNING - HTTPException: 401 - Could not validate credentials
2025-12-26 20:24:49,724 - dependencies - ERROR - JWT decode error: Signature has expired.
2025-12-26 20:24:49,724 - main - WARNING - HTTPException: 401 - Could not validate credentials
2025-12-26 20:24:49,818 - main - WARNING - HTTPException: 404 - API endpoint not found
2025-12-26 20:24:49,820 - dependencies - ERROR - JWT decode error: Signature has expired.
2025-12-26 20:24:49,821 - main - WARNING - HTTPException: 401 - Could not validate credentials
2025-12-26 20:24:50,460 - dependencies - ERROR - JWT decode error: Signature has expired.
2025-12-26 20:24:50,460 - main - WARNING - HTTPException: 401 - Could not validate credentials
2025-12-26 20:24:50,517 - dependencies - ERROR - JWT decode error: Signature has expired.
2025-12-26 20:24:50,518 - main - WARNING - HTTPException: 401 - Could not validate credentials
2025-12-26 20:24:50,521 - main - WARNING - HTTPException: 404 - API endpoint not found
2025-12-26 20:24:50,798 - dependencies - ERROR - JWT decode error: Signature has expired.
2025-12-26 20:24:50,803 - main - WARNING - HTTPException: 401 - Could not validate credentials
2025-12-26 20:24:50,909 - main - WARNING - HTTPException: 404 - API endpoint not found
2025-12-26 20:24:50,911 - dependencies - ERROR - JWT decode error: Signature has expired.
2025-12-26 20:24:50,911 - main - WARNING - HTTPException: 401 - Could not validate credentials
2025-12-26 20:24:51,281 - dependencies - ERROR - JWT decode error: Signature has expired.
2025-12-26 20:24:51,283 - main - WARNING - HTTPException: 401 - Could not validate credentials
2025-12-26 20:24:51,380 - main - WARNING - HTTPException: 404 - API endpoint not found
2025-12-26 20:24:51,382 - dependencies - ERROR - JWT decode error: Signature has expired.
2025-12-26 20:24:51,383 - main - WARNING - HTTPException: 401 - Could not validate credentials
2025-12-26 20:24:51,708 - dependencies - ERROR - JWT decode error: Signature has expired.
2025-12-26 20:24:51,709 - main - WARNING - HTTPException: 401 - Could not validate credentials
2025-12-26 20:24:51,775 - main - WARNING - HTTPException: 404 - API endpoint not found
2025-12-26 20:24:51,776 - dependencies - ERROR - JWT decode error: Signature has expired.
2025-12-26 20:24:51,777 - main - WARNING - HTTPException: 401 - Could not validate credentials
2025-12-26 20:24:52,126 - dependencies - ERROR - JWT decode error: Signature has expired.
2025-12-26 20:24:52,128 - main - WARNING - HTTPException: 401 - Could not validate credentials
2025-12-26 20:24:52,229 - main - WARNING - HTTPException: 404 - API endpoint not found
2025-12-26 20:24:52,231 - dependencies - ERROR - JWT decode error: Signature has expired.
2025-12-26 20:24:52,235 - main - WARNING - HTTPException: 401 - Could not validate credentials
2025-12-26 20:24:52,589 - dependencies - ERROR - JWT decode error: Signature has expired.
2025-12-26 20:24:52,589 - main - WARNING - HTTPException: 401 - Could not validate credentials
2025-12-26 20:24:52,685 - main - WARNING - HTTPException: 404 - API endpoint not found
2025-12-26 20:24:52,687 - dependencies - ERROR - JWT decode error: Signature has expired.
2025-12-26 20:24:52,688 - main - WARNING - HTTPException: 401 - Could not validate credentials
2025-12-26 20:24:53,043 - dependencies - ERROR - JWT decode error: Signature has expired.
2025-12-26 20:24:53,046 - main - WARNING - HTTPException: 401 - Could not validate credentials
2025-12-26 20:24:53,161 - main - WARNING - HTTPException: 404 - API endpoint not found
2025-12-26 20:24:53,163 - dependencies - ERROR - JWT decode error: Signature has expired.
2025-12-26 20:24:53,165 - main - WARNING - HTTPException: 401 - Could not validate credentials
2025-12-26 20:24:53,519 - dependencies - ERROR - JWT decode error: Signature has expired.
2025-12-26 20:24:53,520 - main - WARNING - HTTPException: 401 - Could not validate credentials
2025-12-26 20:24:53,624 - main - WARNING - HTTPException: 404 - API endpoint not found
2025-12-26 20:24:53,625 - dependencies - ERROR - JWT decode error: Signature has expired.
2025-12-26 20:24:53,626 - main - WARNING - HTTPException: 401 - Could not validate credentials
2025-12-26 20:24:53,944 - dependencies - ERROR - JWT decode error: Signature has expired.
2025-12-26 20:24:53,945 - main - WARNING - HTTPException: 401 - Could not validate credentials
2025-12-26 20:24:54,048 - main - WARNING - HTTPException: 404 - API endpoint not found
2025-12-26 20:24:54,051 - dependencies - ERROR - JWT decode error: Signature has expired.
2025-12-26 20:24:54,052 - main - WARNING - HTTPException: 401 - Could not validate credentials
2025-12-26 20:24:54,402 - dependencies - ERROR - JWT decode error: Signature has expired.
2025-12-26 20:24:54,403 - main - WARNING - HTTPException: 401 - Could not validate credentials
2025-12-26 20:24:54,500 - main - WARNING - HTTPException: 404 - API endpoint not found
2025-12-26 20:24:54,502 - dependencies - ERROR - JWT decode error: Signature has expired.
2025-12-26 20:24:54,503 - main - WARNING - HTTPException: 401 - Could not validate credentials
2025-12-26 20:24:54,750 - dependencies - ERROR - JWT decode error: Signature has expired.
2025-12-26 20:24:54,750 - main - WARNING - HTTPException: 401 - Could not validate credentials
2025-12-26 20:24:54,868 - main - WARNING - HTTPException: 404 - API endpoint not found
2025-12-26 20:24:54,871 - dependencies - ERROR - JWT decode error: Signature has expired.
2025-12-26 20:24:54,872 - main - WARNING - HTTPException: 401 - Could not validate credentials
2025-12-26 20:24:55,242 - dependencies - ERROR - JWT decode error: Signature has expired.
2025-12-26 20:24:55,243 - main - WARNING - HTTPException: 401 - Could not validate credentials
2025-12-26 20:24:55,334 - main - WARNING - HTTPException: 404 - API endpoint not found
2025-12-26 20:24:55,335 - dependencies - ERROR - JWT decode error: Signature has expired.
2025-12-26 20:24:55,336 - main - WARNING - HTTPException: 401 - Could not validate credentials
2025-12-26 20:24:55,693 - dependencies - ERROR - JWT decode error: Signature has expired.
2025-12-26 20:24:55,694 - main - WARNING - HTTPException: 401 - Could not validate credentials
2025-12-26 20:24:55,793 - main - WARNING - HTTPException: 404 - API endpoint not found
2025-12-26 20:24:55,795 - dependencies - ERROR - JWT decode error: Signature has expired.
2025-12-26 20:24:55,796 - main - WARNING - HTTPException: 401 - Could not validate credentials
2025-12-26 20:24:56,141 - dependencies - ERROR - JWT decode error: Signature has expired.
2025-12-26 20:24:56,143 - main - WARNING - HTTPException: 401 - Could not validate credentials
2025-12-26 20:24:56,245 - main - WARNING - HTTPException: 404 - API endpoint not found
2025-12-26 20:24:56,246 - dependencies - ERROR - JWT decode error: Signature has expired.
2025-12-26 20:24:56,248 - main - WARNING - HTTPException: 401 - Could not validate credentials
2025-12-26 20:24:56,572 - dependencies - ERROR - JWT decode error: Signature has expired.
2025-12-26 20:24:56,573 - main - WARNING - HTTPException: 401 - Could not validate credentials
2025-12-26 20:24:56,672 - main - WARNING - HTTPException: 404 - API endpoint not found
2025-12-26 20:24:56,673 - dependencies - ERROR - JWT decode error: Signature has expired.
2025-12-26 20:24:56,676 - main - WARNING - HTTPException: 401 - Could not validate credentials
2025-12-26 20:24:57,021 - dependencies - ERROR - JWT decode error: Signature has expired.
2025-12-26 20:24:57,022 - main - WARNING - HTTPException: 401 - Could not validate credentials
2025-12-26 20:24:57,100 - main - WARNING - HTTPException: 404 - API endpoint not found
2025-12-26 20:24:57,101 - dependencies - ERROR - JWT decode error: Signature has expired.
2025-12-26 20:24:57,103 - main - WARNING - HTTPException: 401 - Could not validate credentials
2025-12-26 20:24:57,429 - dependencies - ERROR - JWT decode error: Signature has expired.
2025-12-26 20:24:57,435 - main - WARNING - HTTPException: 401 - Could not validate credentials
2025-12-26 20:24:57,519 - main - WARNING - HTTPException: 404 - API endpoint not found
2025-12-26 20:24:57,520 - dependencies - ERROR - JWT decode error: Signature has expired.
2025-12-26 20:24:57,521 - main - WARNING - HTTPException: 401 - Could not validate credentials
2025-12-26 20:24:57,904 - dependencies - ERROR - JWT decode error: Signature has expired.
2025-12-26 20:24:57,905 - main - WARNING - HTTPException: 401 - Could not validate credentials
2025-12-26 20:24:58,005 - main - WARNING - HTTPException: 404 - API endpoint not found
2025-12-26 20:24:58,007 - dependencies - ERROR - JWT decode error: Signature has expired.
2025-12-26 20:24:58,007 - main - WARNING - HTTPException: 401 - Could not validate credentials
2025-12-26 20:24:58,336 - dependencies - ERROR - JWT decode error: Signature has expired.
2025-12-26 20:24:58,337 - main - WARNING - HTTPException: 401 - Could not validate credentials
2025-12-26 20:24:58,424 - main - WARNING - HTTPException: 404 - API endpoint not found
2025-12-26 20:24:58,425 - dependencies - ERROR - JWT decode error: Signature has expired.
2025-12-26 20:24:58,426 - main - WARNING - HTTPException: 401 - Could not validate credentials
2025-12-26 20:24:58,783 - dependencies - ERROR - JWT decode error: Signature has expired.
2025-12-26 20:24:58,784 - main - WARNING - HTTPException: 401 - Could not validate credentials
2025-12-26 20:24:58,878 - main - WARNING - HTTPException: 404 - API endpoint not found
2025-12-26 20:24:58,881 - dependencies - ERROR - JWT decode error: Signature has expired.
2025-12-26 20:24:58,882 - main - WARNING - HTTPException: 401 - Could not validate credentials
2025-12-26 20:24:59,259 - dependencies - ERROR - JWT decode error: Signature has expired.
2025-12-26 20:24:59,261 - main - WARNING - HTTPException: 401 - Could not validate credentials
2025-12-26 20:24:59,358 - main - WARNING - HTTPException: 404 - API endpoint not found
2025-12-26 20:24:59,359 - dependencies - ERROR - JWT decode error: Signature has expired.
2025-12-26 20:24:59,360 - main - WARNING - HTTPException: 401 - Could not validate credentials
2025-12-26 20:24:59,711 - dependencies - ERROR - JWT decode error: Signature has expired.
2025-12-26 20:24:59,713 - main - WARNING - HTTPException: 401 - Could not validate credentials
2025-12-26 20:24:59,823 - main - WARNING - HTTPException: 404 - API endpoint not found
2025-12-26 20:24:59,824 - dependencies - ERROR - JWT decode error: Signature has expired.
2025-12-26 20:24:59,826 - main - WARNING - HTTPException: 401 - Could not validate credentials
2025-12-26 20:25:00,539 - dependencies - ERROR - JWT decode error: Signature has expired.
2025-12-26 20:25:00,540 - main - WARNING - HTTPException: 401 - Could not validate credentials
2025-12-26 20:25:00,661 - main - WARNING - HTTPException: 404 - API endpoint not found
2025-12-26 20:25:00,662 - dependencies - ERROR - JWT decode error: Signature has expired.
2025-12-26 20:25:00,664 - main - WARNING - HTTPException: 401 - Could not validate credentials
2025-12-26 20:25:01,021 - dependencies - ERROR - JWT decode error: Signature has expired.
2025-12-26 20:25:01,026 - main - WARNING - HTTPException: 401 - Could not validate credentials
2025-12-26 20:25:01,152 - dependencies - ERROR - JWT decode error: Signature has expired.
2025-12-26 20:25:01,179 - main - WARNING - HTTPException: 404 - API endpoint not found
2025-12-26 20:25:01,182 - main - WARNING - HTTPException: 401 - Could not validate credentials
2025-12-26 20:25:01,702 - dependencies - ERROR - JWT decode error: Signature has expired.
2025-12-26 20:25:01,705 - main - WARNING - HTTPException: 401 - Could not validate credentials
2025-12-26 20:25:01,825 - main - WARNING - HTTPException: 404 - API endpoint not found
2025-12-26 20:25:01,827 - dependencies - ERROR - JWT decode error: Signature has expired.
2025-12-26 20:25:01,828 - main - WARNING - HTTPException: 401 - Could not validate credentials
2025-12-26 20:25:02,542 - dependencies - ERROR - JWT decode error: Signature has expired.
2025-12-26 20:25:02,543 - main - WARNING - HTTPException: 401 - Could not validate credentials
2025-12-26 20:25:02,643 - main - WARNING - HTTPException: 404 - API endpoint not found
2025-12-26 20:25:02,646 - dependencies - ERROR - JWT decode error: Signature has expired.
2025-12-26 20:25:02,647 - main - WARNING - HTTPException: 401 - Could not validate credentials
2025-12-26 20:25:03,115 - dependencies - ERROR - JWT decode error: Signature has expired.
2025-12-26 20:25:03,115 - main - WARNING - HTTPException: 401 - Could not validate credentials
2025-12-26 20:25:03,219 - main - WARNING - HTTPException: 404 - API endpoint not found
2025-12-26 20:25:03,221 - dependencies - ERROR - JWT decode error: Signature has expired.
2025-12-26 20:25:03,222 - main - WARNING - HTTPException: 401 - Could not validate credentials
2025-12-26 20:25:03,575 - dependencies - ERROR - JWT decode error: Signature has expired.
2025-12-26 20:25:03,576 - main - WARNING - HTTPException: 401 - Could not validate credentials
2025-12-26 20:25:03,674 - main - WARNING - HTTPException: 404 - API endpoint not found
2025-12-26 20:25:03,675 - dependencies - ERROR - JWT decode error: Signature has expired.
2025-12-26 20:25:03,677 - main - WARNING - HTTPException: 401 - Could not validate credentials
2025-12-26 20:25:04,027 - dependencies - ERROR - JWT decode error: Signature has expired.
2025-12-26 20:25:04,028 - main - WARNING - HTTPException: 401 - Could not validate credentials
2025-12-26 20:25:04,123 - main - WARNING - HTTPException: 404 - API endpoint not found
2025-12-26 20:25:04,124 - dependencies - ERROR - JWT decode error: Signature has expired.
2025-12-26 20:25:04,125 - main - WARNING - HTTPException: 401 - Could not validate credentials
2025-12-26 20:25:04,520 - dependencies - ERROR - JWT decode error: Signature has expired.
2025-12-26 20:25:04,522 - main - WARNING - HTTPException: 401 - Could not validate credentials
2025-12-26 20:25:04,619 - main - WARNING - HTTPException: 404 - API endpoint not found
2025-12-26 20:25:04,620 - dependencies - ERROR - JWT decode error: Signature has expired.
2025-12-26 20:25:04,621 - main - WARNING - HTTPException: 401 - Could not validate credentials
2025-12-26 20:25:04,991 - dependencies - ERROR - JWT decode error: Signature has expired.
2025-12-26 20:25:04,992 - main - WARNING - HTTPException: 401 - Could not validate credentials
2025-12-26 20:25:05,087 - main - WARNING - HTTPException: 404 - API endpoint not found
2025-12-26 20:25:05,088 - dependencies - ERROR - JWT decode error: Signature has expired.
2025-12-26 20:25:05,089 - main - WARNING - HTTPException: 401 - Could not validate credentials
2025-12-26 20:25:05,442 - dependencies - ERROR - JWT decode error: Signature has expired.
2025-12-26 20:25:05,447 - main - WARNING - HTTPException: 401 - Could not validate credentials
2025-12-26 20:25:05,558 - main - WARNING - HTTPException: 404 - API endpoint not found
2025-12-26 20:25:05,560 - dependencies - ERROR - JWT decode error: Signature has expired.
2025-12-26 20:25:05,562 - main - WARNING - HTTPException: 401 - Could not validate credentials
2025-12-26 20:25:05,938 - dependencies - ERROR - JWT decode error: Signature has expired.
2025-12-26 20:25:05,940 - main - WARNING - HTTPException: 401 - Could not validate credentials
2025-12-26 20:25:06,039 - main - WARNING - HTTPException: 404 - API endpoint not found
2025-12-26 20:25:06,041 - dependencies - ERROR - JWT decode error: Signature has expired.
2025-12-26 20:25:06,042 - main - WARNING - HTTPException: 401 - Could not validate credentials
2025-12-26 20:25:06,414 - dependencies - ERROR - JWT decode error: Signature has expired.
2025-12-26 20:25:06,415 - main - WARNING - HTTPException: 401 - Could not validate credentials
2025-12-26 20:25:06,533 - main - WARNING - HTTPException: 404 - API endpoint not found
2025-12-26 20:25:06,536 - dependencies - ERROR - JWT decode error: Signature has expired.
2025-12-26 20:25:06,537 - main - WARNING - HTTPException: 401 - Could not validate credentials
2025-12-26 20:25:06,921 - dependencies - ERROR - JWT decode error: Signature has expired.
2025-12-26 20:25:06,922 - main - WARNING - HTTPException: 401 - Could not validate credentials
2025-12-26 20:25:07,019 - main - WARNING - HTTPException: 404 - API endpoint not found
2025-12-26 20:25:07,021 - dependencies - ERROR - JWT decode error: Signature has expired.
2025-12-26 20:25:07,021 - main - WARNING - HTTPException: 401 - Could not validate credentials
2025-12-26 20:25:07,315 - dependencies - ERROR - JWT decode error: Signature has expired.
2025-12-26 20:25:07,317 - main - WARNING - HTTPException: 401 - Could not validate credentials
2025-12-26 20:25:07,434 - main - WARNING - HTTPException: 404 - API endpoint not found
2025-12-26 20:25:07,436 - dependencies - ERROR - JWT decode error: Signature has expired.
2025-12-26 20:25:07,438 - main - WARNING - HTTPException: 401 - Could not validate credentials
2025-12-26 20:25:07,950 - dependencies - ERROR - JWT decode error: Signature has expired.
2025-12-26 20:25:07,951 - main - WARNING - HTTPException: 401 - Could not validate credentials
2025-12-26 20:25:08,063 - main - WARNING - HTTPException: 404 - API endpoint not found
2025-12-26 20:25:08,067 - dependencies - ERROR - JWT decode error: Signature has expired.
2025-12-26 20:25:08,068 - main - WARNING - HTTPException: 401 - Could not validate credentials
2025-12-26 20:25:08,396 - dependencies - ERROR - JWT decode error: Signature has expired.
2025-12-26 20:25:08,397 - main - WARNING - HTTPException: 401 - Could not validate credentials
2025-12-26 20:25:08,507 - main - WARNING - HTTPException: 404 - API endpoint not found
2025-12-26 20:25:08,512 - dependencies - ERROR - JWT decode error: Signature has expired.
2025-12-26 20:25:08,514 - main - WARNING - HTTPException: 401 - Could not validate credentials
2025-12-26 20:25:08,873 - dependencies - ERROR - JWT decode error: Signature has expired.
2025-12-26 20:25:08,876 - main - WARNING - HTTPException: 401 - Could not validate credentials
2025-12-26 20:25:09,003 - main - WARNING - HTTPException: 404 - API endpoint not found
2025-12-26 20:25:09,006 - dependencies - ERROR - JWT decode error: Signature has expired.
2025-12-26 20:25:09,006 - main - WARNING - HTTPException: 401 - Could not validate credentials
2025-12-26 20:25:09,351 - dependencies - ERROR - JWT decode error: Signature has expired.
2025-12-26 20:25:09,353 - main - WARNING - HTTPException: 401 - Could not validate credentials
2025-12-26 20:25:09,469 - main - WARNING - HTTPException: 404 - API endpoint not found
2025-12-26 20:25:09,471 - dependencies - ERROR - JWT decode error: Signature has expired.
2025-12-26 20:25:09,472 - main - WARNING - HTTPException: 401 - Could not validate credentials
2025-12-26 20:25:09,866 - dependencies - ERROR - JWT decode error: Signature has expired.
2025-12-26 20:25:09,867 - main - WARNING - HTTPException: 401 - Could not validate credentials
2025-12-26 20:25:09,989 - main - WARNING - HTTPException: 404 - API endpoint not found
2025-12-26 20:25:09,989 - dependencies - ERROR - JWT decode error: Signature has expired.
2025-12-26 20:25:09,993 - main - WARNING - HTTPException: 401 - Could not validate credentials
2025-12-26 20:25:10,691 - dependencies - ERROR - JWT decode error: Signature has expired.
2025-12-26 20:25:10,692 - main - WARNING - HTTPException: 401 - Could not validate credentials
2025-12-26 20:25:10,905 - dependencies - ERROR - JWT decode error: Signature has expired.
2025-12-26 20:25:10,910 - main - WARNING - HTTPException: 401 - Could not validate credentials
2025-12-26 20:25:10,913 - main - WARNING - HTTPException: 404 - API endpoint not found
2025-12-26 20:25:11,334 - dependencies - ERROR - JWT decode error: Signature has expired.
2025-12-26 20:25:11,336 - main - WARNING - HTTPException: 401 - Could not validate credentials
2025-12-26 20:25:11,478 - main - WARNING - HTTPException: 404 - API endpoint not found
2025-12-26 20:25:11,480 - dependencies - ERROR - JWT decode error: Signature has expired.
2025-12-26 20:25:11,480 - main - WARNING - HTTPException: 401 - Could not validate credentials
2025-12-26 20:25:11,792 - dependencies - ERROR - JWT decode error: Signature has expired.
2025-12-26 20:25:11,792 - main - WARNING - HTTPException: 401 - Could not validate credentials
2025-12-26 20:25:11,893 - main - WARNING - HTTPException: 404 - API endpoint not found
2025-12-26 20:25:11,895 - dependencies - ERROR - JWT decode error: Signature has expired.
2025-12-26 20:25:11,896 - main - WARNING - HTTPException: 401 - Could not validate credentials
2025-12-26 20:25:12,212 - dependencies - ERROR - JWT decode error: Signature has expired.
2025-12-26 20:25:12,212 - main - WARNING - HTTPException: 401 - Could not validate credentials
2025-12-26 20:25:12,314 - main - WARNING - HTTPException: 404 - API endpoint not found
2025-12-26 20:25:12,316 - dependencies - ERROR - JWT decode error: Signature has expired.
2025-12-26 20:25:12,317 - main - WARNING - HTTPException: 401 - Could not validate credentials
2025-12-26 20:25:12,647 - dependencies - ERROR - JWT decode error: Signature has expired.
2025-12-26 20:25:12,649 - main - WARNING - HTTPException: 401 - Could not validate credentials
2025-12-26 20:25:12,753 - main - WARNING - HTTPException: 404 - API endpoint not found
2025-12-26 20:25:12,754 - dependencies - ERROR - JWT decode error: Signature has expired.
2025-12-26 20:25:12,756 - main - WARNING - HTTPException: 401 - Could not validate credentials
2025-12-26 20:25:13,130 - dependencies - ERROR - JWT decode error: Signature has expired.
2025-12-26 20:25:13,133 - main - WARNING - HTTPException: 401 - Could not validate credentials
2025-12-26 20:25:13,275 - main - WARNING - HTTPException: 404 - API endpoint not found
2025-12-26 20:25:13,277 - dependencies - ERROR - JWT decode error: Signature has expired.
2025-12-26 20:25:13,278 - main - WARNING - HTTPException: 401 - Could not validate credentials
2025-12-26 20:25:13,695 - dependencies - ERROR - JWT decode error: Signature has expired.
2025-12-26 20:25:13,697 - main - WARNING - HTTPException: 401 - Could not validate credentials
2025-12-26 20:25:13,819 - main - WARNING - HTTPException: 404 - API endpoint not found
2025-12-26 20:25:13,821 - dependencies - ERROR - JWT decode error: Signature has expired.
2025-12-26 20:25:13,825 - main - WARNING - HTTPException: 401 - Could not validate credentials
2025-12-26 20:25:14,211 - dependencies - ERROR - JWT decode error: Signature has expired.
2025-12-26 20:25:14,212 - main - WARNING - HTTPException: 401 - Could not validate credentials
2025-12-26 20:25:14,313 - main - WARNING - HTTPException: 404 - API endpoint not found
2025-12-26 20:25:14,314 - dependencies - ERROR - JWT decode error: Signature has expired.
2025-12-26 20:25:14,315 - main - WARNING - HTTPException: 401 - Could not validate credentials
2025-12-26 20:25:26,639 - dependencies - ERROR - JWT decode error: Signature has expired.
2025-12-26 20:25:26,639 - main - WARNING - HTTPException: 401 - Could not validate credentials
2025-12-26 20:25:26,734 - dependencies - ERROR - JWT decode error: Signature has expired.
2025-12-26 20:25:26,735 - main - WARNING - HTTPException: 401 - Could not validate credentials
2025-12-26 20:25:26,737 - main - WARNING - HTTPException: 404 - API endpoint not found
2025-12-26 20:25:26,960 - dependencies - ERROR - JWT decode error: Signature has expired.
2025-12-26 20:25:26,962 - main - WARNING - HTTPException: 401 - Could not validate credentials
2025-12-26 20:25:27,054 - dependencies - ERROR - JWT decode error: Signature has expired.
2025-12-26 20:25:27,071 - main - WARNING - HTTPException: 404 - API endpoint not found
2025-12-26 20:25:27,097 - main - WARNING - HTTPException: 401 - Could not validate credentials
2025-12-26 20:25:27,360 - dependencies - ERROR - JWT decode error: Signature has expired.
2025-12-26 20:25:27,362 - main - WARNING - HTTPException: 401 - Could not validate credentials
2025-12-26 20:25:27,448 - main - WARNING - HTTPException: 404 - API endpoint not found
2025-12-26 20:25:27,450 - dependencies - ERROR - JWT decode error: Signature has expired.
2025-12-26 20:25:27,452 - main - WARNING - HTTPException: 401 - Could not validate credentials
2025-12-26 20:25:27,696 - dependencies - ERROR - JWT decode error: Signature has expired.
2025-12-26 20:25:27,697 - main - WARNING - HTTPException: 401 - Could not validate credentials
2025-12-26 20:25:27,790 - main - WARNING - HTTPException: 404 - API endpoint not found
2025-12-26 20:25:27,791 - dependencies - ERROR - JWT decode error: Signature has expired.
2025-12-26 20:25:27,792 - main - WARNING - HTTPException: 401 - Could not validate credentials
2025-12-26 20:50:24,762 - routers.auth - ERROR - Login error: (psycopg2.OperationalError) connection to server at "127.0.0.1", port 5432 failed: FATAL:  password authentication failed for user "7ty_admin"

(Background on this error at: https://sqlalche.me/e/20/e3q8)
2025-12-26 20:50:24,762 - database - ERROR - Database error: 
2025-12-26 20:50:24,762 - main - WARNING - HTTPException: 500 - Login failed. Please try again.
2025-12-26 20:50:29,408 - routers.auth - ERROR - Login error: (psycopg2.OperationalError) connection to server at "127.0.0.1", port 5432 failed: FATAL:  password authentication failed for user "7ty_admin"

(Background on this error at: https://sqlalche.me/e/20/e3q8)
2025-12-26 20:50:29,408 - database - ERROR - Database error: 
2025-12-26 20:50:29,408 - main - WARNING - HTTPException: 500 - Login failed. Please try again.
2025-12-26 20:50:59,192 - routers.auth - ERROR - Login error: (psycopg2.OperationalError) connection to server at "127.0.0.1", port 5432 failed: FATAL:  password authentication failed for user "7ty_admin"

(Background on this error at: https://sqlalche.me/e/20/e3q8)
2025-12-26 20:50:59,192 - database - ERROR - Database error: 
2025-12-26 20:50:59,192 - main - WARNING - HTTPException: 500 - Login failed. Please try again.
2025-12-26 20:52:18,004 - main - INFO - Shutting down 7TY.VN System...
2025-12-26 20:54:01,983 - main - INFO - Starting 7TY.VN System...
2025-12-26 20:54:02,046 - main - ERROR - Error creating database tables: (psycopg2.OperationalError) connection to server at "127.0.0.1", port 5432 failed: FATAL:  password authentication failed for user "7ty_admin"

(Background on this error at: https://sqlalche.me/e/20/e3q8)
2025-12-26 20:56:53,592 - routers.auth - ERROR - Login error: (psycopg2.OperationalError) connection to server at "127.0.0.1", port 5432 failed: FATAL:  password authentication failed for user "7ty_admin"

(Background on this error at: https://sqlalche.me/e/20/e3q8)
2025-12-26 20:56:53,594 - database - ERROR - Database error: 
2025-12-26 20:56:53,595 - main - WARNING - HTTPException: 500 - Login failed. Please try again.
2025-12-26 20:57:01,954 - routers.auth - ERROR - Login error: (psycopg2.OperationalError) connection to server at "127.0.0.1", port 5432 failed: FATAL:  password authentication failed for user "7ty_admin"

(Background on this error at: https://sqlalche.me/e/20/e3q8)
2025-12-26 20:57:01,954 - database - ERROR - Database error: 
2025-12-26 20:57:01,954 - main - WARNING - HTTPException: 500 - Login failed. Please try again.
2025-12-26 20:58:02,782 - main - INFO - Shutting down 7TY.VN System...
2025-12-26 21:10:50,970 - main - INFO - Starting 7TY.VN System...
2025-12-26 21:10:51,174 - main - ERROR - Error creating database tables: (psycopg2.OperationalError) connection to server at "127.0.0.1", port 5432 failed: FATAL:  password authentication failed for user "7ty_admin"

(Background on this error at: https://sqlalche.me/e/20/e3q8)
2025-12-26 21:49:47,830 - main - INFO - Shutting down 7TY.VN System...
2025-12-27 08:14:42,473 - root - INFO - Router status: auth=True, users=True, agents=True, customers=True
2025-12-27 08:14:43,040 - root - INFO - Registering customers router
2025-12-27 08:15:58,908 - root - INFO - Router status: auth=True, users=True, agents=True, customers=True
2025-12-27 08:15:59,290 - root - INFO - Registering customers router
2025-12-27 08:16:14,241 - root - INFO - Router status: auth=True, users=True, agents=True, customers=True
2025-12-27 08:16:14,437 - root - INFO - Registering customers router
2025-12-28 10:24:52,709 - main - INFO - Starting 7TY.VN System...
2025-12-28 10:24:52,942 - main - ERROR - Error creating database tables: (psycopg2.OperationalError) connection to server at "127.0.0.1", port 5432 failed: FATAL:  password authentication failed for user "7ty_admin"

(Background on this error at: https://sqlalche.me/e/20/e3q8)
2025-12-28 11:30:26,736 - main - INFO - Starting 7TY.VN System...
2025-12-28 11:30:26,859 - main - ERROR - Error creating database tables: (psycopg2.OperationalError) connection to server at "127.0.0.1", port 5432 failed: FATAL:  password authentication failed for user "7ty_admin"

(Background on this error at: https://sqlalche.me/e/20/e3q8)
2025-12-28 11:46:49,101 - main - INFO - Shutting down 7TY.VN System...
2025-12-28 11:47:38,471 - main - INFO - Starting 7TY.VN System...
2025-12-28 11:47:38,489 - main - INFO - Database tables created successfully
2025-12-28 11:47:54,263 - main - INFO - Shutting down 7TY.VN System...
2025-12-28 11:48:04,735 - main - INFO - Starting 7TY.VN System...
2025-12-28 11:48:04,740 - main - INFO - Database tables created successfully
2025-12-28 11:49:39,185 - main - INFO - Shutting down 7TY.VN System...
2025-12-28 12:48:38,021 - main - INFO - Starting 7TY.VN System...
2025-12-28 12:48:38,041 - main - INFO - Database tables created successfully
2025-12-28 12:49:19,949 - main - INFO - Shutting down 7TY.VN System...
2025-12-28 13:12:59,789 - main - INFO - Starting 7TY.VN System...
2025-12-28 13:12:59,856 - main - INFO - Database tables created successfully
2025-12-28 13:34:18,610 - main - INFO - Shutting down 7TY.VN System...
2025-12-28 13:35:12,397 - main - INFO - Starting 7TY.VN System...
2025-12-28 13:35:12,569 - main - ERROR - Error creating database tables: (psycopg2.OperationalError) connection to server at "127.0.0.1", port 5432 failed: FATAL:  password authentication failed for user "7ty_admin"

(Background on this error at: https://sqlalche.me/e/20/e3q8)
2025-12-28 13:35:25,926 - main - INFO - Starting 7TY.VN System...
2025-12-28 13:35:25,994 - main - INFO - Database tables created successfully
2025-12-28 13:35:25,994 - main - INFO - Shutting down 7TY.VN System...
2025-12-28 13:35:48,664 - main - INFO - Starting 7TY.VN System...
2025-12-28 13:35:48,678 - main - INFO - Database tables created successfully
2025-12-28 13:59:46,561 - main - INFO - Shutting down 7TY.VN System...
2025-12-28 14:00:12,584 - main - INFO - Starting 7TY.VN System...
2025-12-28 14:00:12,592 - main - INFO - Database tables created successfully
2025-12-28 14:11:04,057 - main - INFO - Shutting down 7TY.VN System...
2025-12-28 14:11:26,088 - main - INFO - Starting 7TY.VN System...
2025-12-28 14:11:26,138 - main - INFO - Database tables created successfully
2025-12-28 15:09:32,120 - main - INFO - Starting 7TY.VN System...
2025-12-28 15:09:32,233 - main - ERROR - Error creating database tables: (psycopg2.OperationalError) connection to server at "127.0.0.1", port 5432 failed: FATAL:  password authentication failed for user "7ty_admin"

(Background on this error at: https://sqlalche.me/e/20/e3q8)
2025-12-28 15:09:56,340 - main - INFO - Starting 7TY.VN System...
2025-12-28 15:09:56,396 - main - INFO - Database tables created successfully
2025-12-28 15:09:56,397 - main - INFO - Shutting down 7TY.VN System...
2025-12-28 15:10:35,663 - main - INFO - Starting 7TY.VN System...
2025-12-28 15:10:35,669 - main - INFO - Database tables created successfully
2025-12-28 15:20:08,257 - main - WARNING - HTTPException: 401 - Could not validate credentials
2025-12-28 15:20:12,184 - main - WARNING - HTTPException: 401 - Could not validate credentials
2025-12-28 15:20:12,282 - main - WARNING - HTTPException: 401 - Could not validate credentials
2025-12-28 15:20:12,312 - main - WARNING - HTTPException: 401 - Could not validate credentials
2025-12-28 15:20:12,570 - main - WARNING - HTTPException: 401 - Could not validate credentials
2025-12-28 15:20:12,660 - main - WARNING - HTTPException: 401 - Could not validate credentials
2025-12-28 15:20:12,975 - main - WARNING - HTTPException: 401 - Could not validate credentials
2025-12-28 15:20:13,070 - main - WARNING - HTTPException: 401 - Could not validate credentials
2025-12-28 15:20:13,162 - main - WARNING - HTTPException: 401 - Could not validate credentials
2025-12-28 15:20:13,289 - main - WARNING - HTTPException: 401 - Could not validate credentials
2025-12-28 15:20:13,342 - main - WARNING - HTTPException: 401 - Could not validate credentials
2025-12-28 15:20:13,507 - main - WARNING - HTTPException: 401 - Could not validate credentials
2025-12-28 15:20:13,579 - main - WARNING - HTTPException: 401 - Could not validate credentials
2025-12-28 15:20:13,591 - main - WARNING - HTTPException: 401 - Could not validate credentials
2025-12-28 15:20:13,759 - main - WARNING - HTTPException: 401 - Could not validate credentials
2025-12-28 15:20:13,827 - main - WARNING - HTTPException: 401 - Could not validate credentials
2025-12-28 15:20:13,841 - main - WARNING - HTTPException: 401 - Could not validate credentials
2025-12-28 15:20:14,023 - main - WARNING - HTTPException: 401 - Could not validate credentials
2025-12-28 15:20:14,074 - main - WARNING - HTTPException: 401 - Could not validate credentials
2025-12-28 15:20:14,084 - main - WARNING - HTTPException: 401 - Could not validate credentials
2025-12-28 15:20:14,277 - main - WARNING - HTTPException: 401 - Could not validate credentials
2025-12-28 15:20:14,347 - main - WARNING - HTTPException: 401 - Could not validate credentials
2025-12-28 15:20:14,352 - main - WARNING - HTTPException: 401 - Could not validate credentials
2025-12-28 15:20:14,829 - main - WARNING - HTTPException: 401 - Could not validate credentials
2025-12-28 15:20:15,009 - main - WARNING - HTTPException: 401 - Could not validate credentials
2025-12-28 15:20:15,190 - main - WARNING - HTTPException: 401 - Could not validate credentials
2025-12-28 15:20:35,477 - routers.auth - WARNING - Failed login attempt for user: admin from 127.0.0.1
2025-12-28 15:20:35,477 - database - ERROR - Database error: 
2025-12-28 15:20:35,484 - main - WARNING - HTTPException: 401 - Invalid credentials
2025-12-28 15:20:42,782 - routers.auth - WARNING - Failed login attempt for user: admin from 127.0.0.1
2025-12-28 15:20:42,784 - database - ERROR - Database error: 
2025-12-28 15:20:42,784 - main - WARNING - HTTPException: 401 - Invalid credentials
2025-12-28 15:20:56,952 - routers.auth - INFO - User logged in: admin from 127.0.0.1
2025-12-28 15:20:57,937 - database - ERROR - Database error: 
2025-12-28 15:21:05,231 - routers.agents - ERROR - Get agents error: (sqlite3.OperationalError) no such column: agents.agent_name
[SQL: SELECT count(*) AS count_1 
FROM (SELECT agents.id AS agents_id, agents.user_id AS agents_user_id, agents.agent_code AS agents_agent_code, agents.agent_name AS agents_agent_name, agents.company_name AS agents_company_name, agents.tax_code AS agents_tax_code, agents.address AS agents_address, agents.city AS agents_city, agents.district AS agents_district, agents.ward AS agents_ward, agents.agent_type AS agents_agent_type, agents.status AS agents_status, agents.commission_rate AS agents_commission_rate, agents.min_commission AS agents_min_commission, agents.max_commission AS agents_max_commission, agents.balance AS agents_balance, agents.frozen_balance AS agents_frozen_balance, agents.total_deposit AS agents_total_deposit, agents.total_withdraw AS agents_total_withdraw, agents.total_sales AS agents_total_sales, agents.total_commission AS agents_total_commission, agents.daily_limit AS agents_daily_limit, agents.per_transaction_limit AS agents_per_transaction_limit, agents.total_customers AS agents_total_customers, agents.total_bills AS agents_total_bills, agents.total_successful_bills AS agents_total_successful_bills, agents.success_rate AS agents_success_rate, agents.approved_by_id AS agents_approved_by_id, agents.approved_at AS agents_approved_at, agents.approval_notes AS agents_approval_notes, agents.created_by_id AS agents_created_by_id, agents.created_at AS agents_created_at, agents.updated_at AS agents_updated_at 
FROM agents JOIN users ON agents.user_id = users.id 
WHERE users.is_deleted = 0) AS anon_1]
(Background on this error at: https://sqlalche.me/e/20/e3q8)
2025-12-28 15:21:05,235 - database - ERROR - Database error: 
2025-12-28 15:21:05,244 - main - WARNING - HTTPException: 500 - Failed to get agents list
2025-12-28 15:21:08,315 - database - ERROR - Database error: 
2025-12-28 15:21:11,960 - routers.agents - ERROR - Get agents error: (sqlite3.OperationalError) no such column: agents.agent_name
[SQL: SELECT count(*) AS count_1 
FROM (SELECT agents.id AS agents_id, agents.user_id AS agents_user_id, agents.agent_code AS agents_agent_code, agents.agent_name AS agents_agent_name, agents.company_name AS agents_company_name, agents.tax_code AS agents_tax_code, agents.address AS agents_address, agents.city AS agents_city, agents.district AS agents_district, agents.ward AS agents_ward, agents.agent_type AS agents_agent_type, agents.status AS agents_status, agents.commission_rate AS agents_commission_rate, agents.min_commission AS agents_min_commission, agents.max_commission AS agents_max_commission, agents.balance AS agents_balance, agents.frozen_balance AS agents_frozen_balance, agents.total_deposit AS agents_total_deposit, agents.total_withdraw AS agents_total_withdraw, agents.total_sales AS agents_total_sales, agents.total_commission AS agents_total_commission, agents.daily_limit AS agents_daily_limit, agents.per_transaction_limit AS agents_per_transaction_limit, agents.total_customers AS agents_total_customers, agents.total_bills AS agents_total_bills, agents.total_successful_bills AS agents_total_successful_bills, agents.success_rate AS agents_success_rate, agents.approved_by_id AS agents_approved_by_id, agents.approved_at AS agents_approved_at, agents.approval_notes AS agents_approval_notes, agents.created_by_id AS agents_created_by_id, agents.created_at AS agents_created_at, agents.updated_at AS agents_updated_at 
FROM agents JOIN users ON agents.user_id = users.id 
WHERE users.is_deleted = 0) AS anon_1]
(Background on this error at: https://sqlalche.me/e/20/e3q8)
2025-12-28 15:21:11,966 - database - ERROR - Database error: 
2025-12-28 15:21:11,966 - main - WARNING - HTTPException: 500 - Failed to get agents list
2025-12-28 15:21:20,036 - database - ERROR - Database error: 
2025-12-28 15:21:35,112 - database - ERROR - Database error: 
2025-12-28 15:26:18,399 - main - INFO - Starting 7TY.VN System...
2025-12-28 15:26:18,411 - main - INFO - Database tables created successfully
2025-12-28 15:30:55,555 - routers.auth - INFO - User logged in: admin from 127.0.0.1
2025-12-28 15:30:59,658 - routers.agents - ERROR - Get agents error: (sqlite3.OperationalError) no such column: agents.agent_name
[SQL: SELECT count(*) AS count_1 
FROM (SELECT agents.id AS agents_id, agents.user_id AS agents_user_id, agents.agent_code AS agents_agent_code, agents.agent_name AS agents_agent_name, agents.company_name AS agents_company_name, agents.tax_code AS agents_tax_code, agents.address AS agents_address, agents.city AS agents_city, agents.district AS agents_district, agents.ward AS agents_ward, agents.agent_type AS agents_agent_type, agents.status AS agents_status, agents.commission_rate AS agents_commission_rate, agents.min_commission AS agents_min_commission, agents.max_commission AS agents_max_commission, agents.balance AS agents_balance, agents.frozen_balance AS agents_frozen_balance, agents.total_deposit AS agents_total_deposit, agents.total_withdraw AS agents_total_withdraw, agents.total_sales AS agents_total_sales, agents.total_commission AS agents_total_commission, agents.daily_limit AS agents_daily_limit, agents.per_transaction_limit AS agents_per_transaction_limit, agents.total_customers AS agents_total_customers, agents.total_bills AS agents_total_bills, agents.total_successful_bills AS agents_total_successful_bills, agents.success_rate AS agents_success_rate, agents.approved_by_id AS agents_approved_by_id, agents.approved_at AS agents_approved_at, agents.approval_notes AS agents_approval_notes, agents.created_by_id AS agents_created_by_id, agents.created_at AS agents_created_at, agents.updated_at AS agents_updated_at 
FROM agents JOIN users ON agents.user_id = users.id 
WHERE users.is_deleted = 0) AS anon_1]
(Background on this error at: https://sqlalche.me/e/20/e3q8)
2025-12-28 15:30:59,661 - database - ERROR - Database error: 
2025-12-28 15:30:59,661 - main - WARNING - HTTPException: 500 - Failed to get agents list
2025-12-28 15:31:15,348 - routers.agents - ERROR - Get agents error: (sqlite3.OperationalError) no such column: agents.agent_name
[SQL: SELECT count(*) AS count_1 
FROM (SELECT agents.id AS agents_id, agents.user_id AS agents_user_id, agents.agent_code AS agents_agent_code, agents.agent_name AS agents_agent_name, agents.company_name AS agents_company_name, agents.tax_code AS agents_tax_code, agents.address AS agents_address, agents.city AS agents_city, agents.district AS agents_district, agents.ward AS agents_ward, agents.agent_type AS agents_agent_type, agents.status AS agents_status, agents.commission_rate AS agents_commission_rate, agents.min_commission AS agents_min_commission, agents.max_commission AS agents_max_commission, agents.balance AS agents_balance, agents.frozen_balance AS agents_frozen_balance, agents.total_deposit AS agents_total_deposit, agents.total_withdraw AS agents_total_withdraw, agents.total_sales AS agents_total_sales, agents.total_commission AS agents_total_commission, agents.daily_limit AS agents_daily_limit, agents.per_transaction_limit AS agents_per_transaction_limit, agents.total_customers AS agents_total_customers, agents.total_bills AS agents_total_bills, agents.total_successful_bills AS agents_total_successful_bills, agents.success_rate AS agents_success_rate, agents.approved_by_id AS agents_approved_by_id, agents.approved_at AS agents_approved_at, agents.approval_notes AS agents_approval_notes, agents.created_by_id AS agents_created_by_id, agents.created_at AS agents_created_at, agents.updated_at AS agents_updated_at 
FROM agents JOIN users ON agents.user_id = users.id 
WHERE users.is_deleted = 0) AS anon_1]
(Background on this error at: https://sqlalche.me/e/20/e3q8)
2025-12-28 15:31:15,356 - database - ERROR - Database error: 
2025-12-28 15:31:15,360 - main - WARNING - HTTPException: 500 - Failed to get agents list
2025-12-28 15:31:46,104 - main - INFO - Shutting down 7TY.VN System...
2025-12-28 15:32:23,657 - main - INFO - Starting 7TY.VN System...
2025-12-28 15:32:23,665 - main - INFO - Database tables created successfully
2025-12-28 15:32:36,333 - main - INFO - Shutting down 7TY.VN System...
2025-12-28 15:32:53,795 - main - INFO - Starting 7TY.VN System...
2025-12-28 15:32:53,804 - main - INFO - Database tables created successfully
2025-12-28 15:36:52,996 - routers.agents - ERROR - Get agents error: (sqlite3.OperationalError) no such column: agents.agent_name
[SQL: SELECT count(*) AS count_1 
FROM (SELECT agents.id AS agents_id, agents.user_id AS agents_user_id, agents.agent_code AS agents_agent_code, agents.agent_name AS agents_agent_name, agents.company_name AS agents_company_name, agents.tax_code AS agents_tax_code, agents.address AS agents_address, agents.city AS agents_city, agents.district AS agents_district, agents.ward AS agents_ward, agents.agent_type AS agents_agent_type, agents.status AS agents_status, agents.commission_rate AS agents_commission_rate, agents.min_commission AS agents_min_commission, agents.max_commission AS agents_max_commission, agents.balance AS agents_balance, agents.frozen_balance AS agents_frozen_balance, agents.total_deposit AS agents_total_deposit, agents.total_withdraw AS agents_total_withdraw, agents.total_sales AS agents_total_sales, agents.total_commission AS agents_total_commission, agents.daily_limit AS agents_daily_limit, agents.per_transaction_limit AS agents_per_transaction_limit, agents.total_customers AS agents_total_customers, agents.total_bills AS agents_total_bills, agents.total_successful_bills AS agents_total_successful_bills, agents.success_rate AS agents_success_rate, agents.approved_by_id AS agents_approved_by_id, agents.approved_at AS agents_approved_at, agents.approval_notes AS agents_approval_notes, agents.created_by_id AS agents_created_by_id, agents.created_at AS agents_created_at, agents.updated_at AS agents_updated_at 
FROM agents JOIN users ON agents.user_id = users.id 
WHERE users.is_deleted = 0) AS anon_1]
(Background on this error at: https://sqlalche.me/e/20/e3q8)
2025-12-28 15:36:52,997 - database - ERROR - Database error: 
2025-12-28 15:36:53,000 - main - WARNING - HTTPException: 500 - Failed to get agents list
2025-12-28 15:37:25,197 - routers.auth - INFO - User logged in: admin from 127.0.0.1
2025-12-28 15:37:29,166 - routers.agents - ERROR - Get agents error: (sqlite3.OperationalError) no such column: agents.agent_name
[SQL: SELECT count(*) AS count_1 
FROM (SELECT agents.id AS agents_id, agents.user_id AS agents_user_id, agents.agent_code AS agents_agent_code, agents.agent_name AS agents_agent_name, agents.company_name AS agents_company_name, agents.tax_code AS agents_tax_code, agents.address AS agents_address, agents.city AS agents_city, agents.district AS agents_district, agents.ward AS agents_ward, agents.agent_type AS agents_agent_type, agents.status AS agents_status, agents.commission_rate AS agents_commission_rate, agents.min_commission AS agents_min_commission, agents.max_commission AS agents_max_commission, agents.balance AS agents_balance, agents.frozen_balance AS agents_frozen_balance, agents.total_deposit AS agents_total_deposit, agents.total_withdraw AS agents_total_withdraw, agents.total_sales AS agents_total_sales, agents.total_commission AS agents_total_commission, agents.daily_limit AS agents_daily_limit, agents.per_transaction_limit AS agents_per_transaction_limit, agents.total_customers AS agents_total_customers, agents.total_bills AS agents_total_bills, agents.total_successful_bills AS agents_total_successful_bills, agents.success_rate AS agents_success_rate, agents.approved_by_id AS agents_approved_by_id, agents.approved_at AS agents_approved_at, agents.approval_notes AS agents_approval_notes, agents.created_by_id AS agents_created_by_id, agents.created_at AS agents_created_at, agents.updated_at AS agents_updated_at 
FROM agents JOIN users ON agents.user_id = users.id 
WHERE users.is_deleted = 0) AS anon_1]
(Background on this error at: https://sqlalche.me/e/20/e3q8)
2025-12-28 15:37:29,169 - database - ERROR - Database error: 
2025-12-28 15:37:29,169 - main - WARNING - HTTPException: 500 - Failed to get agents list
2025-12-28 15:37:43,896 - routers.agents - ERROR - Get agents error: (sqlite3.OperationalError) no such column: agents.agent_name
[SQL: SELECT count(*) AS count_1 
FROM (SELECT agents.id AS agents_id, agents.user_id AS agents_user_id, agents.agent_code AS agents_agent_code, agents.agent_name AS agents_agent_name, agents.company_name AS agents_company_name, agents.tax_code AS agents_tax_code, agents.address AS agents_address, agents.city AS agents_city, agents.district AS agents_district, agents.ward AS agents_ward, agents.agent_type AS agents_agent_type, agents.status AS agents_status, agents.commission_rate AS agents_commission_rate, agents.min_commission AS agents_min_commission, agents.max_commission AS agents_max_commission, agents.balance AS agents_balance, agents.frozen_balance AS agents_frozen_balance, agents.total_deposit AS agents_total_deposit, agents.total_withdraw AS agents_total_withdraw, agents.total_sales AS agents_total_sales, agents.total_commission AS agents_total_commission, agents.daily_limit AS agents_daily_limit, agents.per_transaction_limit AS agents_per_transaction_limit, agents.total_customers AS agents_total_customers, agents.total_bills AS agents_total_bills, agents.total_successful_bills AS agents_total_successful_bills, agents.success_rate AS agents_success_rate, agents.approved_by_id AS agents_approved_by_id, agents.approved_at AS agents_approved_at, agents.approval_notes AS agents_approval_notes, agents.created_by_id AS agents_created_by_id, agents.created_at AS agents_created_at, agents.updated_at AS agents_updated_at 
FROM agents JOIN users ON agents.user_id = users.id 
WHERE users.is_deleted = 0) AS anon_1]
(Background on this error at: https://sqlalche.me/e/20/e3q8)
2025-12-28 15:37:43,898 - database - ERROR - Database error: 
2025-12-28 15:37:43,900 - main - WARNING - HTTPException: 500 - Failed to get agents list
2025-12-28 15:38:57,197 - main - INFO - Shutting down 7TY.VN System...
2025-12-28 15:40:05,389 - main - INFO - Starting 7TY.VN System...
2025-12-28 15:40:05,394 - main - INFO - Database tables created successfully
2025-12-28 15:41:33,618 - routers.auth - INFO - User logged in: admin from 127.0.0.1
2025-12-28 15:43:29,594 - routers.agents - INFO - Registering new agent with phone: 0855409876
2025-12-28 15:43:29,642 - routers.agents - INFO - Hashing password for user 0855409876
2025-12-28 15:43:30,327 - routers.agents - INFO - User created with ID: 2
2025-12-28 15:43:30,334 - routers.agents - ERROR - Register agent error: TypeError: 'notes' is an invalid keyword argument for Agent
Traceback (most recent call last):
  File "C:\Users\LaptopHL\DU_AN\7ty_system\routers\agents.py", line 636, in register_agent
    new_agent = Agent(
                ^^^^^^
  File "<string>", line 4, in __init__
  File "C:\Users\LaptopHL\AppData\Local\Programs\Python\Python311\Lib\site-packages\sqlalchemy\orm\state.py", line 566, in _initialize_instance
    with util.safe_reraise():
  File "C:\Users\LaptopHL\AppData\Local\Programs\Python\Python311\Lib\site-packages\sqlalchemy\util\langhelpers.py", line 146, in __exit__
    raise exc_value.with_traceback(exc_tb)
  File "C:\Users\LaptopHL\AppData\Local\Programs\Python\Python311\Lib\site-packages\sqlalchemy\orm\state.py", line 564, in _initialize_instance
    manager.original_init(*mixed[1:], **kwargs)
  File "C:\Users\LaptopHL\AppData\Local\Programs\Python\Python311\Lib\site-packages\sqlalchemy\orm\decl_base.py", line 2142, in _declarative_constructor
    raise TypeError(
TypeError: 'notes' is an invalid keyword argument for Agent
2025-12-28 15:43:30,531 - database - ERROR - Database error: 
2025-12-28 15:43:39,467 - routers.agents - INFO - Registering new agent with phone: 0855409876
2025-12-28 15:43:39,490 - routers.agents - INFO - Hashing password for user 0855409876
2025-12-28 15:43:40,039 - routers.agents - INFO - User created with ID: 2
2025-12-28 15:43:40,042 - routers.agents - ERROR - Register agent error: TypeError: 'notes' is an invalid keyword argument for Agent
Traceback (most recent call last):
  File "C:\Users\LaptopHL\DU_AN\7ty_system\routers\agents.py", line 636, in register_agent
    new_agent = Agent(
                ^^^^^^
  File "<string>", line 4, in __init__
  File "C:\Users\LaptopHL\AppData\Local\Programs\Python\Python311\Lib\site-packages\sqlalchemy\orm\state.py", line 566, in _initialize_instance
    with util.safe_reraise():
  File "C:\Users\LaptopHL\AppData\Local\Programs\Python\Python311\Lib\site-packages\sqlalchemy\util\langhelpers.py", line 146, in __exit__
    raise exc_value.with_traceback(exc_tb)
  File "C:\Users\LaptopHL\AppData\Local\Programs\Python\Python311\Lib\site-packages\sqlalchemy\orm\state.py", line 564, in _initialize_instance
    manager.original_init(*mixed[1:], **kwargs)
  File "C:\Users\LaptopHL\AppData\Local\Programs\Python\Python311\Lib\site-packages\sqlalchemy\orm\decl_base.py", line 2142, in _declarative_constructor
    raise TypeError(
TypeError: 'notes' is an invalid keyword argument for Agent
2025-12-28 15:43:40,042 - database - ERROR - Database error: 
2025-12-28 15:43:47,196 - routers.agents - INFO - Registering new agent with phone: 0855409876
2025-12-28 15:43:47,227 - routers.agents - INFO - Hashing password for user 0855409876
2025-12-28 15:43:47,819 - routers.agents - INFO - User created with ID: 2
2025-12-28 15:43:47,825 - routers.agents - ERROR - Register agent error: TypeError: 'notes' is an invalid keyword argument for Agent
Traceback (most recent call last):
  File "C:\Users\LaptopHL\DU_AN\7ty_system\routers\agents.py", line 636, in register_agent
    new_agent = Agent(
                ^^^^^^
  File "<string>", line 4, in __init__
  File "C:\Users\LaptopHL\AppData\Local\Programs\Python\Python311\Lib\site-packages\sqlalchemy\orm\state.py", line 566, in _initialize_instance
    with util.safe_reraise():
  File "C:\Users\LaptopHL\AppData\Local\Programs\Python\Python311\Lib\site-packages\sqlalchemy\util\langhelpers.py", line 146, in __exit__
    raise exc_value.with_traceback(exc_tb)
  File "C:\Users\LaptopHL\AppData\Local\Programs\Python\Python311\Lib\site-packages\sqlalchemy\orm\state.py", line 564, in _initialize_instance
    manager.original_init(*mixed[1:], **kwargs)
  File "C:\Users\LaptopHL\AppData\Local\Programs\Python\Python311\Lib\site-packages\sqlalchemy\orm\decl_base.py", line 2142, in _declarative_constructor
    raise TypeError(
TypeError: 'notes' is an invalid keyword argument for Agent
2025-12-28 15:43:47,828 - database - ERROR - Database error: 
2025-12-28 15:45:28,894 - main - INFO - Starting 7TY.VN System...
2025-12-28 15:45:28,899 - main - INFO - Database tables created successfully
2025-12-28 15:45:54,463 - routers.agents - INFO - Registering new agent with phone: 0855409876
2025-12-28 15:45:54,487 - routers.agents - INFO - Hashing password for user 0855409876
2025-12-28 15:45:54,885 - routers.agents - INFO - User created with ID: 2
2025-12-28 15:45:54,911 - routers.agents - INFO - Agent created with ID: 1, code: AG20251228154554
2025-12-28 15:46:12,818 - database - ERROR - Database error: [{'type': 'int_parsing', 'loc': ('path', 'agent_id'), 'msg': 'Input should be a valid integer, unable to parse string as an integer', 'input': 'export', 'url': 'https://errors.pydantic.dev/2.5/v/int_parsing'}]
2025-12-28 15:46:27,780 - database - ERROR - Database error: [{'type': 'missing', 'loc': ('query', 'func'), 'msg': 'Field required', 'input': None, 'url': 'https://errors.pydantic.dev/2.5/v/missing'}]
2025-12-28 15:46:35,681 - database - ERROR - Database error: [{'type': 'missing', 'loc': ('query', 'func'), 'msg': 'Field required', 'input': None, 'url': 'https://errors.pydantic.dev/2.5/v/missing'}]
2025-12-28 15:52:15,771 - database - ERROR - Database error: [{'type': 'missing', 'loc': ('query', 'func'), 'msg': 'Field required', 'input': None, 'url': 'https://errors.pydantic.dev/2.5/v/missing'}]
2025-12-28 15:53:32,132 - main - INFO - Starting 7TY.VN System...
2025-12-28 15:53:32,137 - main - INFO - Database tables created successfully
2025-12-28 15:55:21,936 - routers.auth - INFO - User logged in: admin from 127.0.0.1
2025-12-28 15:56:08,751 - database - ERROR - Database error: [{'type': 'missing', 'loc': ('query', 'func'), 'msg': 'Field required', 'input': None, 'url': 'https://errors.pydantic.dev/2.5/v/missing'}]
2025-12-28 15:59:02,572 - main - INFO - Shutting down 7TY.VN System...
2025-12-28 15:59:26,584 - main - INFO - Starting 7TY.VN System...
2025-12-28 15:59:26,699 - main - ERROR - Error creating database tables: (psycopg2.OperationalError) connection to server at "localhost" (::1), port 5432 failed: FATAL:  password authentication failed for user "7ty_admin"

(Background on this error at: https://sqlalche.me/e/20/e3q8)
2025-12-28 15:59:30,771 - dependencies - ERROR - WebSocket authentication error: (psycopg2.OperationalError) connection to server at "localhost" (::1), port 5432 failed: FATAL:  password authentication failed for user "7ty_admin"

(Background on this error at: https://sqlalche.me/e/20/e3q8)
2025-12-28 16:59:05,083 - main - INFO - Shutting down 7TY.VN System...
2026-01-02 09:34:08,970 - main - INFO - Starting 7TY.VN System...
2026-01-02 09:34:09,104 - main - ERROR - Error creating database tables: (psycopg2.OperationalError) connection to server at "127.0.0.1", port 5432 failed: FATAL:  password authentication failed for user "7ty_admin"

(Background on this error at: https://sqlalche.me/e/20/e3q8)
2026-01-02 09:39:23,639 - main - INFO - Shutting down 7TY.VN System...
2026-01-02 09:41:56,026 - main - INFO - Starting 7TY.VN System...
2026-01-02 09:41:56,190 - main - ERROR - Error creating database tables: (psycopg2.OperationalError) connection to server at "127.0.0.1", port 5432 failed: FATAL:  password authentication failed for user "7ty_admin"

(Background on this error at: https://sqlalche.me/e/20/e3q8)
2026-01-02 09:42:24,742 - main - INFO - Starting 7TY.VN System...
2026-01-02 09:42:25,023 - main - INFO - Database tables created successfully
2026-01-02 09:46:30,796 - main - INFO - Shutting down 7TY.VN System...
2026-01-02 09:46:52,220 - main - INFO - Starting 7TY.VN System...
2026-01-02 09:46:52,227 - main - INFO - Database tables created successfully
2026-01-02 09:49:40,403 - main - INFO - Shutting down 7TY.VN System...
2026-01-02 09:49:54,416 - main - INFO - Starting 7TY.VN System...
2026-01-02 09:49:54,426 - main - INFO - Database tables created successfully
2026-01-02 09:49:54,426 - main - INFO - Shutting down 7TY.VN System...
2026-01-02 09:53:11,560 - main - INFO - Starting 7TY.VN System...
2026-01-02 09:53:11,566 - main - INFO - Database tables created successfully
2026-01-02 09:56:44,324 - main - INFO - Starting 7TY.VN System...
2026-01-02 09:56:44,330 - main - INFO - Database tables created successfully
2026-01-02 09:57:14,711 - main - INFO - Shutting down 7TY.VN System...
2026-01-02 09:57:57,135 - main - INFO - Starting 7TY.VN System...
2026-01-02 09:57:57,145 - main - INFO - Database tables created successfully
2026-01-02 09:58:17,843 - main - INFO - Shutting down 7TY.VN System...
2026-01-02 09:58:30,550 - main - INFO - Starting 7TY.VN System...
2026-01-02 09:58:30,555 - main - INFO - Database tables created successfully
2026-01-02 10:02:37,778 - main - INFO - Starting 7TY.VN System...
2026-01-02 10:02:37,782 - main - INFO - Database tables created successfully
2026-01-02 10:02:57,551 - main - INFO - Shutting down 7TY.VN System...
2026-01-02 10:03:17,048 - main - INFO - Starting 7TY.VN System...
2026-01-02 10:03:17,051 - main - INFO - Database tables created successfully
2026-01-02 10:05:08,467 - main - INFO - Starting 7TY.VN System...
2026-01-02 10:05:08,467 - main - INFO - Database tables created successfully
2026-01-02 10:05:09,333 - routers.auth - INFO - Agent login attempt: input=dl001, normalized=dl001
2026-01-02 10:05:09,339 - routers.auth - INFO - User found: dl001
2026-01-02 10:05:09,578 - routers.auth - INFO - Password verify result: True
2026-01-02 10:05:09,640 - routers.auth - INFO - Agent DL001 logged in via mobile app
2026-01-02 10:05:30,740 - main - INFO - Starting 7TY.VN System...
2026-01-02 10:05:30,748 - main - INFO - Database tables created successfully
2026-01-02 10:07:48,571 - main - WARNING - HTTPException: 401 - Could not validate credentials
2026-01-02 10:07:48,666 - main - WARNING - HTTPException: 401 - Could not validate credentials
2026-01-02 10:07:48,710 - main - WARNING - HTTPException: 401 - Could not validate credentials
2026-01-02 10:07:48,970 - main - WARNING - HTTPException: 401 - Could not validate credentials
2026-01-02 10:07:49,001 - main - WARNING - HTTPException: 401 - Could not validate credentials
2026-01-02 10:07:49,023 - main - WARNING - HTTPException: 401 - Could not validate credentials
2026-01-02 10:07:49,119 - main - WARNING - HTTPException: 401 - Could not validate credentials
2026-01-02 10:07:49,182 - main - WARNING - HTTPException: 401 - Could not validate credentials
2026-01-02 10:07:49,193 - main - WARNING - HTTPException: 401 - Could not validate credentials
2026-01-02 10:07:49,341 - main - WARNING - HTTPException: 401 - Could not validate credentials
2026-01-02 10:07:49,385 - main - WARNING - HTTPException: 401 - Could not validate credentials
2026-01-02 10:07:49,411 - main - WARNING - HTTPException: 401 - Could not validate credentials
2026-01-02 10:07:49,556 - main - WARNING - HTTPException: 401 - Could not validate credentials
2026-01-02 10:07:49,593 - main - WARNING - HTTPException: 401 - Could not validate credentials
2026-01-02 10:07:49,621 - main - WARNING - HTTPException: 401 - Could not validate credentials
2026-01-02 10:07:49,756 - main - WARNING - HTTPException: 401 - Could not validate credentials
2026-01-02 10:07:49,815 - main - WARNING - HTTPException: 401 - Could not validate credentials
2026-01-02 10:07:49,825 - main - WARNING - HTTPException: 401 - Could not validate credentials
2026-01-02 10:07:49,921 - main - WARNING - HTTPException: 401 - Could not validate credentials
2026-01-02 10:07:49,996 - main - WARNING - HTTPException: 401 - Could not validate credentials
2026-01-02 10:07:50,028 - main - WARNING - HTTPException: 401 - Could not validate credentials
2026-01-02 10:07:50,169 - main - WARNING - HTTPException: 401 - Could not validate credentials
2026-01-02 10:07:50,214 - main - WARNING - HTTPException: 401 - Could not validate credentials
2026-01-02 10:07:50,225 - main - WARNING - HTTPException: 401 - Could not validate credentials
2026-01-02 10:07:50,350 - main - WARNING - HTTPException: 401 - Could not validate credentials
2026-01-02 10:07:50,402 - main - WARNING - HTTPException: 401 - Could not validate credentials
2026-01-02 10:07:50,445 - main - WARNING - HTTPException: 401 - Could not validate credentials
2026-01-02 10:07:50,523 - main - WARNING - HTTPException: 401 - Could not validate credentials
2026-01-02 10:07:50,583 - main - WARNING - HTTPException: 401 - Could not validate credentials
2026-01-02 10:07:50,587 - main - WARNING - HTTPException: 401 - Could not validate credentials
2026-01-02 10:07:50,704 - main - WARNING - HTTPException: 401 - Could not validate credentials
2026-01-02 10:07:50,723 - main - WARNING - HTTPException: 401 - Could not validate credentials
2026-01-02 10:07:50,742 - main - WARNING - HTTPException: 401 - Could not validate credentials
2026-01-02 10:07:50,850 - main - WARNING - HTTPException: 401 - Could not validate credentials
2026-01-02 10:07:50,874 - main - WARNING - HTTPException: 401 - Could not validate credentials
2026-01-02 10:07:50,903 - main - WARNING - HTTPException: 401 - Could not validate credentials
2026-01-02 10:07:51,038 - main - WARNING - HTTPException: 401 - Could not validate credentials
2026-01-02 10:07:51,090 - main - WARNING - HTTPException: 401 - Could not validate credentials
2026-01-02 10:07:51,099 - main - WARNING - HTTPException: 401 - Could not validate credentials
2026-01-02 10:07:51,181 - main - WARNING - HTTPException: 401 - Could not validate credentials
2026-01-02 10:07:51,229 - main - WARNING - HTTPException: 401 - Could not validate credentials
2026-01-02 10:07:51,250 - main - WARNING - HTTPException: 401 - Could not validate credentials
2026-01-02 10:07:51,374 - main - WARNING - HTTPException: 401 - Could not validate credentials
2026-01-02 10:07:51,418 - main - WARNING - HTTPException: 401 - Could not validate credentials
2026-01-02 10:07:51,421 - main - WARNING - HTTPException: 401 - Could not validate credentials
2026-01-02 10:07:51,497 - main - WARNING - HTTPException: 401 - Could not validate credentials
2026-01-02 10:07:51,539 - main - WARNING - HTTPException: 401 - Could not validate credentials
2026-01-02 10:07:51,539 - main - WARNING - HTTPException: 401 - Could not validate credentials
2026-01-02 10:07:51,592 - main - WARNING - HTTPException: 401 - Could not validate credentials
2026-01-02 10:07:51,721 - main - WARNING - HTTPException: 401 - Could not validate credentials
2026-01-02 10:07:51,757 - main - WARNING - HTTPException: 401 - Could not validate credentials
2026-01-02 10:07:51,774 - main - WARNING - HTTPException: 401 - Could not validate credentials
2026-01-02 10:07:51,847 - main - WARNING - HTTPException: 401 - Could not validate credentials
2026-01-02 10:07:51,879 - main - WARNING - HTTPException: 401 - Could not validate credentials
2026-01-02 10:07:51,900 - main - WARNING - HTTPException: 401 - Could not validate credentials
2026-01-02 10:07:52,026 - main - WARNING - HTTPException: 401 - Could not validate credentials
2026-01-02 10:07:52,072 - main - WARNING - HTTPException: 401 - Could not validate credentials
2026-01-02 10:07:52,078 - main - WARNING - HTTPException: 401 - Could not validate credentials
2026-01-02 10:07:52,159 - main - WARNING - HTTPException: 401 - Could not validate credentials
2026-01-02 10:07:52,236 - main - WARNING - HTTPException: 401 - Could not validate credentials
2026-01-02 10:07:52,236 - main - WARNING - HTTPException: 401 - Could not validate credentials
2026-01-02 10:07:52,307 - main - WARNING - HTTPException: 401 - Could not validate credentials
2026-01-02 10:07:52,366 - main - WARNING - HTTPException: 401 - Could not validate credentials
2026-01-02 10:07:52,370 - main - WARNING - HTTPException: 401 - Could not validate credentials
2026-01-02 10:07:52,436 - main - WARNING - HTTPException: 401 - Could not validate credentials
2026-01-02 10:07:52,478 - main - WARNING - HTTPException: 401 - Could not validate credentials
2026-01-02 10:07:52,494 - main - WARNING - HTTPException: 401 - Could not validate credentials
2026-01-02 10:07:52,562 - main - WARNING - HTTPException: 401 - Could not validate credentials
2026-01-02 10:07:52,604 - main - WARNING - HTTPException: 401 - Could not validate credentials
2026-01-02 10:07:52,608 - main - WARNING - HTTPException: 401 - Could not validate credentials
2026-01-02 10:07:52,681 - main - WARNING - HTTPException: 401 - Could not validate credentials
2026-01-02 10:07:52,715 - main - WARNING - HTTPException: 401 - Could not validate credentials
2026-01-02 10:07:52,723 - main - WARNING - HTTPException: 401 - Could not validate credentials
2026-01-02 10:07:52,804 - main - WARNING - HTTPException: 401 - Could not validate credentials
2026-01-02 10:07:52,847 - main - WARNING - HTTPException: 401 - Could not validate credentials
2026-01-02 10:07:52,855 - main - WARNING - HTTPException: 401 - Could not validate credentials
2026-01-02 10:07:52,934 - main - WARNING - HTTPException: 401 - Could not validate credentials
2026-01-02 10:07:52,971 - main - WARNING - HTTPException: 401 - Could not validate credentials
2026-01-02 10:07:52,982 - main - WARNING - HTTPException: 401 - Could not validate credentials
2026-01-02 10:07:53,030 - main - WARNING - HTTPException: 401 - Could not validate credentials
2026-01-02 10:07:53,120 - main - WARNING - HTTPException: 401 - Could not validate credentials
2026-01-02 10:07:53,163 - main - WARNING - HTTPException: 401 - Could not validate credentials
2026-01-02 10:07:53,180 - main - WARNING - HTTPException: 401 - Could not validate credentials
2026-01-02 10:07:53,341 - main - WARNING - HTTPException: 401 - Could not validate credentials
2026-01-02 10:07:53,373 - main - WARNING - HTTPException: 401 - Could not validate credentials
2026-01-02 10:07:53,393 - main - WARNING - HTTPException: 401 - Could not validate credentials
2026-01-02 10:07:53,458 - main - WARNING - HTTPException: 401 - Could not validate credentials
2026-01-02 10:07:53,493 - main - WARNING - HTTPException: 401 - Could not validate credentials
2026-01-02 10:07:53,504 - main - WARNING - HTTPException: 401 - Could not validate credentials
2026-01-02 10:07:53,641 - main - WARNING - HTTPException: 401 - Could not validate credentials
2026-01-02 10:07:53,694 - main - WARNING - HTTPException: 401 - Could not validate credentials
2026-01-02 10:07:53,715 - main - WARNING - HTTPException: 401 - Could not validate credentials
2026-01-02 10:07:53,789 - main - WARNING - HTTPException: 401 - Could not validate credentials
2026-01-02 10:07:53,821 - main - WARNING - HTTPException: 401 - Could not validate credentials
2026-01-02 10:07:53,843 - main - WARNING - HTTPException: 401 - Could not validate credentials
2026-01-02 10:07:53,960 - main - WARNING - HTTPException: 401 - Could not validate credentials
2026-01-02 10:07:54,003 - main - WARNING - HTTPException: 401 - Could not validate credentials
2026-01-02 10:07:54,014 - main - WARNING - HTTPException: 401 - Could not validate credentials
2026-01-02 10:07:54,089 - main - WARNING - HTTPException: 401 - Could not validate credentials
2026-01-02 10:07:54,120 - main - WARNING - HTTPException: 401 - Could not validate credentials
2026-01-02 10:07:54,131 - main - WARNING - HTTPException: 401 - Could not validate credentials
2026-01-02 10:07:54,217 - main - WARNING - HTTPException: 401 - Could not validate credentials
2026-01-02 10:07:54,259 - main - WARNING - HTTPException: 401 - Could not validate credentials
2026-01-02 10:07:54,274 - main - WARNING - HTTPException: 401 - Could not validate credentials
2026-01-02 10:07:54,333 - main - WARNING - HTTPException: 401 - Could not validate credentials
2026-01-02 10:07:54,388 - main - WARNING - HTTPException: 401 - Could not validate credentials
2026-01-02 10:07:54,413 - main - WARNING - HTTPException: 401 - Could not validate credentials
2026-01-02 10:07:54,517 - main - WARNING - HTTPException: 401 - Could not validate credentials
2026-01-02 10:07:54,575 - main - WARNING - HTTPException: 401 - Could not validate credentials
2026-01-02 10:07:54,599 - main - WARNING - HTTPException: 401 - Could not validate credentials
2026-01-02 10:07:54,696 - main - WARNING - HTTPException: 401 - Could not validate credentials
2026-01-02 10:07:54,764 - main - WARNING - HTTPException: 401 - Could not validate credentials
2026-01-02 10:07:54,780 - main - WARNING - HTTPException: 401 - Could not validate credentials
2026-01-02 10:07:54,866 - main - WARNING - HTTPException: 401 - Could not validate credentials
2026-01-02 10:07:55,019 - main - WARNING - HTTPException: 401 - Could not validate credentials
2026-01-02 10:07:55,055 - main - WARNING - HTTPException: 401 - Could not validate credentials
2026-01-02 10:07:55,132 - main - WARNING - HTTPException: 401 - Could not validate credentials
2026-01-02 10:07:55,196 - main - WARNING - HTTPException: 401 - Could not validate credentials
2026-01-02 10:07:55,205 - main - WARNING - HTTPException: 401 - Could not validate credentials
2026-01-02 10:07:55,336 - main - WARNING - HTTPException: 401 - Could not validate credentials
2026-01-02 10:07:55,432 - main - WARNING - HTTPException: 401 - Could not validate credentials
2026-01-02 10:07:55,441 - main - WARNING - HTTPException: 401 - Could not validate credentials
2026-01-02 10:07:55,517 - main - WARNING - HTTPException: 401 - Could not validate credentials
2026-01-02 10:07:55,621 - main - WARNING - HTTPException: 401 - Could not validate credentials
2026-01-02 10:07:55,642 - main - WARNING - HTTPException: 401 - Could not validate credentials
2026-01-02 10:07:55,723 - main - WARNING - HTTPException: 401 - Could not validate credentials
2026-01-02 10:07:55,775 - main - WARNING - HTTPException: 401 - Could not validate credentials
2026-01-02 10:07:55,793 - main - WARNING - HTTPException: 401 - Could not validate credentials
2026-01-02 10:07:55,890 - main - WARNING - HTTPException: 401 - Could not validate credentials
2026-01-02 10:07:56,013 - main - WARNING - HTTPException: 401 - Could not validate credentials
2026-01-02 10:07:56,035 - main - WARNING - HTTPException: 401 - Could not validate credentials
2026-01-02 10:07:56,100 - main - WARNING - HTTPException: 401 - Could not validate credentials
2026-01-02 10:07:56,187 - main - WARNING - HTTPException: 401 - Could not validate credentials
2026-01-02 10:07:56,189 - main - WARNING - HTTPException: 401 - Could not validate credentials
2026-01-02 10:07:56,248 - main - WARNING - HTTPException: 401 - Could not validate credentials
2026-01-02 10:07:56,296 - main - WARNING - HTTPException: 401 - Could not validate credentials
2026-01-02 10:07:56,319 - main - WARNING - HTTPException: 401 - Could not validate credentials
2026-01-02 10:07:56,424 - main - WARNING - HTTPException: 401 - Could not validate credentials
2026-01-02 10:07:56,479 - main - WARNING - HTTPException: 401 - Could not validate credentials
2026-01-02 10:07:56,506 - main - WARNING - HTTPException: 401 - Could not validate credentials
2026-01-02 10:07:56,591 - main - WARNING - HTTPException: 401 - Could not validate credentials
2026-01-02 10:07:56,653 - main - WARNING - HTTPException: 401 - Could not validate credentials
2026-01-02 10:07:56,678 - main - WARNING - HTTPException: 401 - Could not validate credentials
2026-01-02 10:07:56,797 - main - WARNING - HTTPException: 401 - Could not validate credentials
2026-01-02 10:07:56,856 - main - WARNING - HTTPException: 401 - Could not validate credentials
2026-01-02 10:07:56,875 - main - WARNING - HTTPException: 401 - Could not validate credentials
2026-01-02 10:07:56,970 - main - WARNING - HTTPException: 401 - Could not validate credentials
2026-01-02 10:07:57,026 - main - WARNING - HTTPException: 401 - Could not validate credentials
2026-01-02 10:07:57,045 - main - WARNING - HTTPException: 401 - Could not validate credentials
2026-01-02 10:07:57,165 - main - WARNING - HTTPException: 401 - Could not validate credentials
2026-01-02 10:07:57,245 - main - WARNING - HTTPException: 401 - Could not validate credentials
2026-01-02 10:07:57,303 - main - WARNING - HTTPException: 401 - Could not validate credentials
2026-01-02 10:07:57,401 - main - WARNING - HTTPException: 401 - Could not validate credentials
2026-01-02 10:07:57,464 - main - WARNING - HTTPException: 401 - Could not validate credentials
2026-01-02 10:07:57,478 - main - WARNING - HTTPException: 401 - Could not validate credentials
2026-01-02 10:07:57,500 - main - WARNING - HTTPException: 401 - Could not validate credentials
2026-01-02 10:07:57,597 - main - WARNING - HTTPException: 401 - Could not validate credentials
2026-01-02 10:07:57,687 - main - WARNING - HTTPException: 401 - Could not validate credentials
2026-01-02 10:07:57,690 - main - WARNING - HTTPException: 401 - Could not validate credentials
2026-01-02 10:07:57,710 - main - WARNING - HTTPException: 401 - Could not validate credentials
2026-01-02 10:07:57,803 - main - WARNING - HTTPException: 401 - Could not validate credentials
2026-01-02 10:07:57,860 - main - WARNING - HTTPException: 401 - Could not validate credentials
2026-01-02 10:07:57,875 - main - WARNING - HTTPException: 401 - Could not validate credentials
2026-01-02 10:07:57,976 - main - WARNING - HTTPException: 401 - Could not validate credentials
2026-01-02 10:07:58,021 - main - WARNING - HTTPException: 401 - Could not validate credentials
2026-01-02 10:07:58,043 - main - WARNING - HTTPException: 401 - Could not validate credentials
2026-01-02 10:07:58,138 - main - WARNING - HTTPException: 401 - Could not validate credentials
2026-01-02 10:07:58,191 - main - WARNING - HTTPException: 401 - Could not validate credentials
2026-01-02 10:07:58,210 - main - WARNING - HTTPException: 401 - Could not validate credentials
2026-01-02 10:07:58,305 - main - WARNING - HTTPException: 401 - Could not validate credentials
2026-01-02 10:07:58,377 - main - WARNING - HTTPException: 401 - Could not validate credentials
2026-01-02 10:07:58,386 - main - WARNING - HTTPException: 401 - Could not validate credentials
2026-01-02 10:07:58,472 - main - WARNING - HTTPException: 401 - Could not validate credentials
2026-01-02 10:07:58,527 - main - WARNING - HTTPException: 401 - Could not validate credentials
2026-01-02 10:07:58,548 - main - WARNING - HTTPException: 401 - Could not validate credentials
2026-01-02 10:07:58,634 - main - WARNING - HTTPException: 401 - Could not validate credentials
2026-01-02 10:07:58,715 - main - WARNING - HTTPException: 401 - Could not validate credentials
2026-01-02 10:07:58,721 - main - WARNING - HTTPException: 401 - Could not validate credentials
2026-01-02 10:07:58,795 - main - WARNING - HTTPException: 401 - Could not validate credentials
2026-01-02 10:07:58,843 - main - WARNING - HTTPException: 401 - Could not validate credentials
2026-01-02 10:07:58,871 - main - WARNING - HTTPException: 401 - Could not validate credentials
2026-01-02 10:07:58,946 - main - WARNING - HTTPException: 401 - Could not validate credentials
2026-01-02 10:07:59,004 - main - WARNING - HTTPException: 401 - Could not validate credentials
2026-01-02 10:07:59,027 - main - WARNING - HTTPException: 401 - Could not validate credentials
2026-01-02 10:07:59,120 - main - WARNING - HTTPException: 401 - Could not validate credentials
2026-01-02 10:07:59,195 - main - WARNING - HTTPException: 401 - Could not validate credentials
2026-01-02 10:07:59,195 - main - WARNING - HTTPException: 401 - Could not validate credentials
2026-01-02 10:07:59,299 - main - WARNING - HTTPException: 401 - Could not validate credentials
2026-01-02 10:07:59,352 - main - WARNING - HTTPException: 401 - Could not validate credentials
2026-01-02 10:07:59,383 - main - WARNING - HTTPException: 401 - Could not validate credentials
2026-01-02 10:07:59,485 - main - WARNING - HTTPException: 401 - Could not validate credentials
2026-01-02 10:07:59,549 - main - WARNING - HTTPException: 401 - Could not validate credentials
2026-01-02 10:07:59,572 - main - WARNING - HTTPException: 401 - Could not validate credentials
2026-01-02 10:07:59,666 - main - WARNING - HTTPException: 401 - Could not validate credentials
2026-01-02 10:07:59,722 - main - WARNING - HTTPException: 401 - Could not validate credentials
2026-01-02 10:07:59,743 - main - WARNING - HTTPException: 401 - Could not validate credentials
2026-01-02 10:07:59,852 - main - WARNING - HTTPException: 401 - Could not validate credentials
2026-01-02 10:07:59,904 - main - WARNING - HTTPException: 401 - Could not validate credentials
2026-01-02 10:07:59,925 - main - WARNING - HTTPException: 401 - Could not validate credentials
2026-01-02 10:08:00,021 - main - WARNING - HTTPException: 401 - Could not validate credentials
2026-01-02 10:08:00,089 - main - WARNING - HTTPException: 401 - Could not validate credentials
2026-01-02 10:08:00,097 - main - WARNING - HTTPException: 401 - Could not validate credentials
2026-01-02 10:08:00,157 - main - WARNING - HTTPException: 401 - Could not validate credentials
2026-01-02 10:08:00,245 - main - WARNING - HTTPException: 401 - Could not validate credentials
2026-01-02 10:08:00,259 - main - WARNING - HTTPException: 401 - Could not validate credentials
2026-01-02 10:08:00,338 - main - WARNING - HTTPException: 401 - Could not validate credentials
2026-01-02 10:08:00,407 - main - WARNING - HTTPException: 401 - Could not validate credentials
2026-01-02 10:08:00,412 - main - WARNING - HTTPException: 401 - Could not validate credentials
2026-01-02 10:08:00,562 - main - WARNING - HTTPException: 401 - Could not validate credentials
2026-01-02 10:08:00,637 - main - WARNING - HTTPException: 401 - Could not validate credentials
2026-01-02 10:08:00,664 - main - WARNING - HTTPException: 401 - Could not validate credentials
2026-01-02 10:08:00,759 - main - WARNING - HTTPException: 401 - Could not validate credentials
2026-01-02 10:08:00,855 - main - WARNING - HTTPException: 401 - Could not validate credentials
2026-01-02 10:08:00,877 - main - WARNING - HTTPException: 401 - Could not validate credentials
2026-01-02 10:08:00,983 - main - WARNING - HTTPException: 401 - Could not validate credentials
2026-01-02 10:08:01,064 - main - WARNING - HTTPException: 401 - Could not validate credentials
2026-01-02 10:08:01,093 - main - WARNING - HTTPException: 401 - Could not validate credentials
2026-01-02 10:08:01,190 - main - WARNING - HTTPException: 401 - Could not validate credentials
2026-01-02 10:08:01,270 - main - WARNING - HTTPException: 401 - Could not validate credentials
2026-01-02 10:08:01,305 - main - WARNING - HTTPException: 401 - Could not validate credentials
2026-01-02 10:08:01,442 - main - WARNING - HTTPException: 401 - Could not validate credentials
2026-01-02 10:08:01,510 - main - WARNING - HTTPException: 401 - Could not validate credentials
2026-01-02 10:08:01,538 - main - WARNING - HTTPException: 401 - Could not validate credentials
2026-01-02 10:08:01,649 - main - WARNING - HTTPException: 401 - Could not validate credentials
2026-01-02 10:08:01,704 - main - WARNING - HTTPException: 401 - Could not validate credentials
2026-01-02 10:08:01,736 - main - WARNING - HTTPException: 401 - Could not validate credentials
2026-01-02 10:08:01,833 - main - WARNING - HTTPException: 401 - Could not validate credentials
2026-01-02 10:08:02,123 - main - WARNING - HTTPException: 401 - Could not validate credentials
2026-01-02 10:08:02,138 - main - WARNING - HTTPException: 401 - Could not validate credentials
2026-01-02 10:08:02,222 - main - WARNING - HTTPException: 401 - Could not validate credentials
2026-01-02 10:08:02,273 - main - WARNING - HTTPException: 401 - Could not validate credentials
2026-01-02 10:08:02,299 - main - WARNING - HTTPException: 401 - Could not validate credentials
2026-01-02 10:08:02,382 - main - WARNING - HTTPException: 401 - Could not validate credentials
2026-01-02 10:08:02,465 - main - WARNING - HTTPException: 401 - Could not validate credentials
2026-01-02 10:08:02,465 - main - WARNING - HTTPException: 401 - Could not validate credentials
2026-01-02 10:08:02,562 - main - WARNING - HTTPException: 401 - Could not validate credentials
2026-01-02 10:08:02,616 - main - WARNING - HTTPException: 401 - Could not validate credentials
2026-01-02 10:08:02,638 - main - WARNING - HTTPException: 401 - Could not validate credentials
2026-01-02 10:08:02,735 - main - WARNING - HTTPException: 401 - Could not validate credentials
2026-01-02 10:08:02,789 - main - WARNING - HTTPException: 401 - Could not validate credentials
2026-01-02 10:08:02,810 - main - WARNING - HTTPException: 401 - Could not validate credentials
2026-01-02 10:08:02,989 - main - WARNING - HTTPException: 401 - Could not validate credentials
2026-01-02 10:08:03,083 - main - WARNING - HTTPException: 401 - Could not validate credentials
2026-01-02 10:08:03,101 - main - WARNING - HTTPException: 401 - Could not validate credentials
2026-01-02 10:08:03,197 - main - WARNING - HTTPException: 401 - Could not validate credentials
2026-01-02 10:08:03,332 - main - WARNING - HTTPException: 401 - Could not validate credentials
2026-01-02 10:08:03,346 - main - WARNING - HTTPException: 401 - Could not validate credentials
2026-01-02 10:08:03,470 - main - WARNING - HTTPException: 401 - Could not validate credentials
2026-01-02 10:08:03,519 - main - WARNING - HTTPException: 401 - Could not validate credentials
2026-01-02 10:08:03,536 - main - WARNING - HTTPException: 401 - Could not validate credentials
2026-01-02 10:08:03,665 - main - WARNING - HTTPException: 401 - Could not validate credentials
2026-01-02 10:08:03,718 - main - WARNING - HTTPException: 401 - Could not validate credentials
2026-01-02 10:08:03,730 - main - WARNING - HTTPException: 401 - Could not validate credentials
2026-01-02 10:08:03,856 - main - WARNING - HTTPException: 401 - Could not validate credentials
2026-01-02 10:08:03,933 - main - WARNING - HTTPException: 401 - Could not validate credentials
2026-01-02 10:08:03,950 - main - WARNING - HTTPException: 401 - Could not validate credentials
2026-01-02 10:08:04,101 - main - WARNING - HTTPException: 401 - Could not validate credentials
2026-01-02 10:08:04,211 - main - WARNING - HTTPException: 401 - Could not validate credentials
2026-01-02 10:08:04,238 - main - WARNING - HTTPException: 401 - Could not validate credentials
2026-01-02 10:08:04,335 - main - WARNING - HTTPException: 401 - Could not validate credentials
2026-01-02 10:08:04,420 - main - WARNING - HTTPException: 401 - Could not validate credentials
2026-01-02 10:08:04,424 - main - WARNING - HTTPException: 401 - Could not validate credentials
2026-01-02 10:08:04,509 - main - WARNING - HTTPException: 401 - Could not validate credentials
2026-01-02 10:15:18,413 - main - INFO - Shutting down 7TY.VN System...
2026-01-02 10:16:39,324 - main - INFO - Starting 7TY.VN System...
2026-01-02 10:16:39,324 - main - INFO - Database tables created successfully
2026-01-02 10:16:52,583 - main - INFO - Shutting down 7TY.VN System...
2026-01-02 10:17:01,428 - main - INFO - Starting 7TY.VN System...
2026-01-02 10:17:01,435 - main - INFO - Database tables created successfully
2026-01-02 10:17:12,884 - main - INFO - Shutting down 7TY.VN System...
2026-01-02 10:17:23,831 - main - INFO - Starting 7TY.VN System...
2026-01-02 10:17:23,838 - main - INFO - Database tables created successfully
2026-01-02 18:54:17,128 - main - INFO - Starting 7TY.VN System...
2026-01-02 18:54:17,222 - main - ERROR - Error creating database tables: (psycopg2.OperationalError) connection to server at "127.0.0.1", port 5432 failed: FATAL:  password authentication failed for user "7ty_admin"

(Background on this error at: https://sqlalche.me/e/20/e3q8)
2026-01-02 18:54:39,807 - main - INFO - Starting 7TY.VN System...
2026-01-02 18:54:40,343 - main - INFO - Database tables created successfully
2026-01-02 18:54:40,344 - main - INFO - Shutting down 7TY.VN System...
2026-01-02 18:55:18,466 - main - INFO - Starting 7TY.VN System...
2026-01-02 18:55:18,472 - main - INFO - Database tables created successfully
2026-01-02 18:55:41,956 - main - INFO - Shutting down 7TY.VN System...
2026-01-02 18:56:00,192 - main - INFO - Starting 7TY.VN System...
2026-01-02 18:56:00,192 - main - INFO - Database tables created successfully
2026-01-02 18:59:01,253 - main - WARNING - HTTPException: 401 - Could not validate credentials
2026-01-02 18:59:01,276 - main - WARNING - HTTPException: 401 - Could not validate credentials
2026-01-02 18:59:01,309 - main - WARNING - HTTPException: 401 - Could not validate credentials
2026-01-02 18:59:01,341 - main - WARNING - HTTPException: 401 - Could not validate credentials
2026-01-02 18:59:01,463 - main - WARNING - HTTPException: 401 - Could not validate credentials
2026-01-02 18:59:01,502 - main - WARNING - HTTPException: 401 - Could not validate credentials
2026-01-02 18:59:01,518 - main - WARNING - HTTPException: 401 - Could not validate credentials
2026-01-02 18:59:01,605 - main - WARNING - HTTPException: 401 - Could not validate credentials
2026-01-02 18:59:01,633 - main - WARNING - HTTPException: 401 - Could not validate credentials
2026-01-02 18:59:01,663 - main - WARNING - HTTPException: 401 - Could not validate credentials
2026-01-02 18:59:01,746 - main - WARNING - HTTPException: 401 - Could not validate credentials
2026-01-02 18:59:01,773 - main - WARNING - HTTPException: 401 - Could not validate credentials
2026-01-02 18:59:01,786 - main - WARNING - HTTPException: 401 - Could not validate credentials
2026-01-02 18:59:01,877 - main - WARNING - HTTPException: 401 - Could not validate credentials
2026-01-02 18:59:01,904 - main - WARNING - HTTPException: 401 - Could not validate credentials
2026-01-02 18:59:01,923 - main - WARNING - HTTPException: 401 - Could not validate credentials
2026-01-02 18:59:02,044 - main - WARNING - HTTPException: 401 - Could not validate credentials
2026-01-02 18:59:02,080 - main - WARNING - HTTPException: 401 - Could not validate credentials
2026-01-02 18:59:02,093 - main - WARNING - HTTPException: 401 - Could not validate credentials
2026-01-02 18:59:02,210 - main - WARNING - HTTPException: 401 - Could not validate credentials
2026-01-02 18:59:02,267 - main - WARNING - HTTPException: 401 - Could not validate credentials
2026-01-02 18:59:02,271 - main - WARNING - HTTPException: 401 - Could not validate credentials
2026-01-02 18:59:02,339 - main - WARNING - HTTPException: 401 - Could not validate credentials
2026-01-02 18:59:02,371 - main - WARNING - HTTPException: 401 - Could not validate credentials
2026-01-02 18:59:02,386 - main - WARNING - HTTPException: 401 - Could not validate credentials
2026-01-02 18:59:02,534 - main - WARNING - HTTPException: 401 - Could not validate credentials
2026-01-02 18:59:02,566 - main - WARNING - HTTPException: 401 - Could not validate credentials
2026-01-02 18:59:02,580 - main - WARNING - HTTPException: 401 - Could not validate credentials
2026-01-02 18:59:02,639 - main - WARNING - HTTPException: 401 - Could not validate credentials
2026-01-02 18:59:02,671 - main - WARNING - HTTPException: 401 - Could not validate credentials
2026-01-02 18:59:02,692 - main - WARNING - HTTPException: 401 - Could not validate credentials
2026-01-02 18:59:02,715 - main - WARNING - HTTPException: 401 - Could not validate credentials
2026-01-02 18:59:02,787 - main - WARNING - HTTPException: 401 - Could not validate credentials
2026-01-02 18:59:02,820 - main - WARNING - HTTPException: 401 - Could not validate credentials
2026-01-02 18:59:02,828 - main - WARNING - HTTPException: 401 - Could not validate credentials
2026-01-02 18:59:02,918 - main - WARNING - HTTPException: 401 - Could not validate credentials
2026-01-02 18:59:02,960 - main - WARNING - HTTPException: 401 - Could not validate credentials
2026-01-02 18:59:02,962 - main - WARNING - HTTPException: 401 - Could not validate credentials
2026-01-02 18:59:03,090 - main - WARNING - HTTPException: 401 - Could not validate credentials
2026-01-02 18:59:03,123 - main - WARNING - HTTPException: 401 - Could not validate credentials
2026-01-02 18:59:03,141 - main - WARNING - HTTPException: 401 - Could not validate credentials
2026-01-02 18:59:03,202 - main - WARNING - HTTPException: 401 - Could not validate credentials
2026-01-02 18:59:03,243 - main - WARNING - HTTPException: 401 - Could not validate credentials
2026-01-02 18:59:03,258 - main - WARNING - HTTPException: 401 - Could not validate credentials
2026-01-02 18:59:03,363 - main - WARNING - HTTPException: 401 - Could not validate credentials
2026-01-02 18:59:03,416 - main - WARNING - HTTPException: 401 - Could not validate credentials
2026-01-02 18:59:03,421 - main - WARNING - HTTPException: 401 - Could not validate credentials
2026-01-02 18:59:03,469 - main - WARNING - HTTPException: 401 - Could not validate credentials
2026-01-02 18:59:03,518 - main - WARNING - HTTPException: 401 - Could not validate credentials
2026-01-02 18:59:03,523 - main - WARNING - HTTPException: 401 - Could not validate credentials
2026-01-02 18:59:03,551 - main - WARNING - HTTPException: 401 - Could not validate credentials
2026-01-02 18:59:03,648 - main - WARNING - HTTPException: 401 - Could not validate credentials
2026-01-02 18:59:03,696 - main - WARNING - HTTPException: 401 - Could not validate credentials
2026-01-02 18:59:03,709 - main - WARNING - HTTPException: 401 - Could not validate credentials
2026-01-02 18:59:03,819 - main - WARNING - HTTPException: 401 - Could not validate credentials
2026-01-02 18:59:03,860 - main - WARNING - HTTPException: 401 - Could not validate credentials
2026-01-02 18:59:03,867 - main - WARNING - HTTPException: 401 - Could not validate credentials
2026-01-02 18:59:03,898 - main - WARNING - HTTPException: 401 - Could not validate credentials
2026-01-02 18:59:04,074 - main - WARNING - HTTPException: 401 - Could not validate credentials
2026-01-02 18:59:04,123 - main - WARNING - HTTPException: 401 - Could not validate credentials
2026-01-02 18:59:04,171 - main - WARNING - HTTPException: 401 - Could not validate credentials
2026-01-02 18:59:04,229 - main - WARNING - HTTPException: 401 - Could not validate credentials
2026-01-02 18:59:04,286 - main - WARNING - HTTPException: 401 - Could not validate credentials
2026-01-02 18:59:04,289 - main - WARNING - HTTPException: 401 - Could not validate credentials
2026-01-02 18:59:04,408 - main - WARNING - HTTPException: 401 - Could not validate credentials
2026-01-02 18:59:04,465 - main - WARNING - HTTPException: 401 - Could not validate credentials
2026-01-02 18:59:04,472 - main - WARNING - HTTPException: 401 - Could not validate credentials
2026-01-02 18:59:04,565 - main - WARNING - HTTPException: 401 - Could not validate credentials
2026-01-02 18:59:04,597 - main - WARNING - HTTPException: 401 - Could not validate credentials
2026-01-02 18:59:04,609 - main - WARNING - HTTPException: 401 - Could not validate credentials
2026-01-02 18:59:04,694 - main - WARNING - HTTPException: 401 - Could not validate credentials
2026-01-02 18:59:04,729 - main - WARNING - HTTPException: 401 - Could not validate credentials
2026-01-02 18:59:04,751 - main - WARNING - HTTPException: 401 - Could not validate credentials
2026-01-02 18:59:04,827 - main - WARNING - HTTPException: 401 - Could not validate credentials
2026-01-02 18:59:04,867 - main - WARNING - HTTPException: 401 - Could not validate credentials
2026-01-02 18:59:04,878 - main - WARNING - HTTPException: 401 - Could not validate credentials
2026-01-02 18:59:04,966 - main - WARNING - HTTPException: 401 - Could not validate credentials
2026-01-02 18:59:05,018 - main - WARNING - HTTPException: 401 - Could not validate credentials
2026-01-02 18:59:05,021 - main - WARNING - HTTPException: 401 - Could not validate credentials
2026-01-02 18:59:05,086 - main - WARNING - HTTPException: 401 - Could not validate credentials
2026-01-02 18:59:05,119 - main - WARNING - HTTPException: 401 - Could not validate credentials
2026-01-02 18:59:05,131 - main - WARNING - HTTPException: 401 - Could not validate credentials
2026-01-02 18:59:05,233 - main - WARNING - HTTPException: 401 - Could not validate credentials
2026-01-02 18:59:05,270 - main - WARNING - HTTPException: 401 - Could not validate credentials
2026-01-02 18:59:05,286 - main - WARNING - HTTPException: 401 - Could not validate credentials
2026-01-02 18:59:05,335 - main - WARNING - HTTPException: 401 - Could not validate credentials
2026-01-02 18:59:05,430 - main - WARNING - HTTPException: 401 - Could not validate credentials
2026-01-02 18:59:05,483 - main - WARNING - HTTPException: 401 - Could not validate credentials
2026-01-02 18:59:05,537 - main - WARNING - HTTPException: 401 - Could not validate credentials
2026-01-02 18:59:05,633 - main - WARNING - HTTPException: 401 - Could not validate credentials
2026-01-02 18:59:05,700 - main - WARNING - HTTPException: 401 - Could not validate credentials
2026-01-02 18:59:05,736 - main - WARNING - HTTPException: 401 - Could not validate credentials
2026-01-02 18:59:05,818 - main - WARNING - HTTPException: 401 - Could not validate credentials
2026-01-02 18:59:05,886 - main - WARNING - HTTPException: 401 - Could not validate credentials
2026-01-02 18:59:05,910 - main - WARNING - HTTPException: 401 - Could not validate credentials
2026-01-02 18:59:06,051 - main - WARNING - HTTPException: 401 - Could not validate credentials
2026-01-02 18:59:06,282 - main - WARNING - HTTPException: 401 - Could not validate credentials
2026-01-02 18:59:06,282 - main - WARNING - HTTPException: 401 - Could not validate credentials
2026-01-02 18:59:06,316 - main - WARNING - HTTPException: 401 - Could not validate credentials
2026-01-02 18:59:06,359 - main - WARNING - HTTPException: 401 - Could not validate credentials
2026-01-02 18:59:06,376 - main - WARNING - HTTPException: 401 - Could not validate credentials
2026-01-02 18:59:06,445 - main - WARNING - HTTPException: 401 - Could not validate credentials
2026-01-02 18:59:06,487 - main - WARNING - HTTPException: 401 - Could not validate credentials
2026-01-02 18:59:06,510 - main - WARNING - HTTPException: 401 - Could not validate credentials
2026-01-02 18:59:06,588 - main - WARNING - HTTPException: 401 - Could not validate credentials
2026-01-02 18:59:06,647 - main - WARNING - HTTPException: 401 - Could not validate credentials
2026-01-02 18:59:06,666 - main - WARNING - HTTPException: 401 - Could not validate credentials
2026-01-02 18:59:06,727 - main - WARNING - HTTPException: 401 - Could not validate credentials
2026-01-02 18:59:06,781 - main - WARNING - HTTPException: 401 - Could not validate credentials
2026-01-02 18:59:06,800 - main - WARNING - HTTPException: 401 - Could not validate credentials
2026-01-02 18:59:06,885 - main - WARNING - HTTPException: 401 - Could not validate credentials
2026-01-02 18:59:06,938 - main - WARNING - HTTPException: 401 - Could not validate credentials
2026-01-02 18:59:06,962 - main - WARNING - HTTPException: 401 - Could not validate credentials
2026-01-02 18:59:07,038 - main - WARNING - HTTPException: 401 - Could not validate credentials
2026-01-02 18:59:07,104 - main - WARNING - HTTPException: 401 - Could not validate credentials
2026-01-02 18:59:07,115 - main - WARNING - HTTPException: 401 - Could not validate credentials
2026-01-02 18:59:07,191 - main - WARNING - HTTPException: 401 - Could not validate credentials
2026-01-02 18:59:07,252 - main - WARNING - HTTPException: 401 - Could not validate credentials
2026-01-02 18:59:07,258 - main - WARNING - HTTPException: 401 - Could not validate credentials
2026-01-02 18:59:07,272 - main - WARNING - HTTPException: 401 - Could not validate credentials
2026-01-02 18:59:07,381 - main - WARNING - HTTPException: 401 - Could not validate credentials
2026-01-02 18:59:07,430 - main - WARNING - HTTPException: 401 - Could not validate credentials
2026-01-02 18:59:07,620 - main - WARNING - HTTPException: 401 - Could not validate credentials
2026-01-02 18:59:07,620 - main - WARNING - HTTPException: 401 - Could not validate credentials
2026-01-02 18:59:07,750 - main - WARNING - HTTPException: 401 - Could not validate credentials
2026-01-02 18:59:07,775 - main - WARNING - HTTPException: 401 - Could not validate credentials
2026-01-02 18:59:07,909 - main - WARNING - HTTPException: 401 - Could not validate credentials
2026-01-02 18:59:07,987 - main - WARNING - HTTPException: 401 - Could not validate credentials
2026-01-02 18:59:07,987 - main - WARNING - HTTPException: 401 - Could not validate credentials
2026-01-02 18:59:08,057 - main - WARNING - HTTPException: 401 - Could not validate credentials
2026-01-02 18:59:08,248 - main - WARNING - HTTPException: 401 - Could not validate credentials
2026-01-02 18:59:08,250 - main - WARNING - HTTPException: 401 - Could not validate credentials
2026-01-02 18:59:08,252 - main - WARNING - HTTPException: 401 - Could not validate credentials
2026-01-02 18:59:08,364 - main - WARNING - HTTPException: 401 - Could not validate credentials
2026-01-02 18:59:08,386 - main - WARNING - HTTPException: 401 - Could not validate credentials
2026-01-02 18:59:08,405 - main - WARNING - HTTPException: 401 - Could not validate credentials
2026-01-02 18:59:08,542 - main - WARNING - HTTPException: 401 - Could not validate credentials
2026-01-02 18:59:08,550 - main - WARNING - HTTPException: 401 - Could not validate credentials
2026-01-02 18:59:08,611 - main - WARNING - HTTPException: 401 - Could not validate credentials
2026-01-02 18:59:08,617 - main - WARNING - HTTPException: 401 - Could not validate credentials
2026-01-02 18:59:08,665 - main - WARNING - HTTPException: 401 - Could not validate credentials
2026-01-02 18:59:08,675 - main - WARNING - HTTPException: 401 - Could not validate credentials
2026-01-02 18:59:08,764 - main - WARNING - HTTPException: 401 - Could not validate credentials
2026-01-02 18:59:08,766 - main - WARNING - HTTPException: 401 - Could not validate credentials
2026-01-02 18:59:08,832 - main - WARNING - HTTPException: 401 - Could not validate credentials
2026-01-02 18:59:08,835 - main - WARNING - HTTPException: 401 - Could not validate credentials
2026-01-02 18:59:08,883 - main - WARNING - HTTPException: 401 - Could not validate credentials
2026-01-02 18:59:09,040 - main - WARNING - HTTPException: 401 - Could not validate credentials
2026-01-02 18:59:09,040 - main - WARNING - HTTPException: 401 - Could not validate credentials
2026-01-02 18:59:09,164 - main - WARNING - HTTPException: 401 - Could not validate credentials
2026-01-02 18:59:09,201 - main - WARNING - HTTPException: 401 - Could not validate credentials
2026-01-02 18:59:09,224 - main - WARNING - HTTPException: 401 - Could not validate credentials
2026-01-02 18:59:09,363 - main - WARNING - HTTPException: 401 - Could not validate credentials
2026-01-02 18:59:09,404 - main - WARNING - HTTPException: 401 - Could not validate credentials
2026-01-02 18:59:09,428 - main - WARNING - HTTPException: 401 - Could not validate credentials
2026-01-02 18:59:09,569 - main - WARNING - HTTPException: 401 - Could not validate credentials
2026-01-02 18:59:09,646 - main - WARNING - HTTPException: 401 - Could not validate credentials
2026-01-02 18:59:09,649 - main - WARNING - HTTPException: 401 - Could not validate credentials
2026-01-02 18:59:09,716 - main - WARNING - HTTPException: 401 - Could not validate credentials
2026-01-02 18:59:09,767 - main - WARNING - HTTPException: 401 - Could not validate credentials
2026-01-02 18:59:09,774 - main - WARNING - HTTPException: 401 - Could not validate credentials
2026-01-02 18:59:09,850 - main - WARNING - HTTPException: 401 - Could not validate credentials
2026-01-02 18:59:10,030 - main - WARNING - HTTPException: 401 - Could not validate credentials
2026-01-02 18:59:10,042 - main - WARNING - HTTPException: 401 - Could not validate credentials
2026-01-02 18:59:10,181 - main - WARNING - HTTPException: 401 - Could not validate credentials
2026-01-02 18:59:10,234 - main - WARNING - HTTPException: 401 - Could not validate credentials
2026-01-02 18:59:10,237 - main - WARNING - HTTPException: 401 - Could not validate credentials
2026-01-02 18:59:10,385 - main - WARNING - HTTPException: 401 - Could not validate credentials
2026-01-02 18:59:10,611 - main - WARNING - HTTPException: 401 - Could not validate credentials
2026-01-02 18:59:10,611 - main - WARNING - HTTPException: 401 - Could not validate credentials
2026-01-02 18:59:10,619 - main - WARNING - HTTPException: 401 - Could not validate credentials
2026-01-02 18:59:10,633 - main - WARNING - HTTPException: 401 - Could not validate credentials
2026-01-02 18:59:10,662 - main - WARNING - HTTPException: 401 - Could not validate credentials
2026-01-02 18:59:10,781 - main - WARNING - HTTPException: 401 - Could not validate credentials
2026-01-02 18:59:10,853 - main - WARNING - HTTPException: 401 - Could not validate credentials
2026-01-02 18:59:10,853 - main - WARNING - HTTPException: 401 - Could not validate credentials
2026-01-02 18:59:10,943 - main - WARNING - HTTPException: 401 - Could not validate credentials
2026-01-02 18:59:10,968 - main - WARNING - HTTPException: 401 - Could not validate credentials
2026-01-02 18:59:11,069 - main - WARNING - HTTPException: 401 - Could not validate credentials
2026-01-02 18:59:11,100 - main - WARNING - HTTPException: 401 - Could not validate credentials
2026-01-02 18:59:11,154 - main - WARNING - HTTPException: 401 - Could not validate credentials
2026-01-02 18:59:11,163 - main - WARNING - HTTPException: 401 - Could not validate credentials
2026-01-02 18:59:11,249 - main - WARNING - HTTPException: 401 - Could not validate credentials
2026-01-02 18:59:11,286 - main - WARNING - HTTPException: 401 - Could not validate credentials
2026-01-02 18:59:11,311 - main - WARNING - HTTPException: 401 - Could not validate credentials
2026-01-02 18:59:11,407 - main - WARNING - HTTPException: 401 - Could not validate credentials
2026-01-02 18:59:11,461 - main - WARNING - HTTPException: 401 - Could not validate credentials
2026-01-02 18:59:11,487 - main - WARNING - HTTPException: 401 - Could not validate credentials
2026-01-02 18:59:11,555 - main - WARNING - HTTPException: 401 - Could not validate credentials
2026-01-02 18:59:11,614 - main - WARNING - HTTPException: 401 - Could not validate credentials
2026-01-02 18:59:11,629 - main - WARNING - HTTPException: 401 - Could not validate credentials
2026-01-02 18:59:11,715 - main - WARNING - HTTPException: 401 - Could not validate credentials
2026-01-02 18:59:11,771 - main - WARNING - HTTPException: 401 - Could not validate credentials
2026-01-02 18:59:11,789 - main - WARNING - HTTPException: 401 - Could not validate credentials
2026-01-02 18:59:11,870 - main - WARNING - HTTPException: 401 - Could not validate credentials
2026-01-02 18:59:11,940 - main - WARNING - HTTPException: 401 - Could not validate credentials
2026-01-02 18:59:11,945 - main - WARNING - HTTPException: 401 - Could not validate credentials
2026-01-02 18:59:12,015 - main - WARNING - HTTPException: 401 - Could not validate credentials
2026-01-02 18:59:12,070 - main - WARNING - HTTPException: 401 - Could not validate credentials
2026-01-02 18:59:12,084 - main - WARNING - HTTPException: 401 - Could not validate credentials
2026-01-02 18:59:12,158 - main - WARNING - HTTPException: 401 - Could not validate credentials
2026-01-02 18:59:12,212 - main - WARNING - HTTPException: 401 - Could not validate credentials
2026-01-02 18:59:12,229 - main - WARNING - HTTPException: 401 - Could not validate credentials
2026-01-02 18:59:12,302 - main - WARNING - HTTPException: 401 - Could not validate credentials
2026-01-02 18:59:12,380 - main - WARNING - HTTPException: 401 - Could not validate credentials
2026-01-02 18:59:12,385 - main - WARNING - HTTPException: 401 - Could not validate credentials
2026-01-02 18:59:12,452 - main - WARNING - HTTPException: 401 - Could not validate credentials
2026-01-02 18:59:12,514 - main - WARNING - HTTPException: 401 - Could not validate credentials
2026-01-02 18:59:12,532 - main - WARNING - HTTPException: 401 - Could not validate credentials
2026-01-02 18:59:12,599 - main - WARNING - HTTPException: 401 - Could not validate credentials
2026-01-02 18:59:12,650 - main - WARNING - HTTPException: 401 - Could not validate credentials
2026-01-02 18:59:12,673 - main - WARNING - HTTPException: 401 - Could not validate credentials
2026-01-02 18:59:12,749 - main - WARNING - HTTPException: 401 - Could not validate credentials
2026-01-02 18:59:12,815 - main - WARNING - HTTPException: 401 - Could not validate credentials
2026-01-02 18:59:12,836 - main - WARNING - HTTPException: 401 - Could not validate credentials
2026-01-02 18:59:12,898 - main - WARNING - HTTPException: 401 - Could not validate credentials
2026-01-02 18:59:12,954 - main - WARNING - HTTPException: 401 - Could not validate credentials
2026-01-02 18:59:12,970 - main - WARNING - HTTPException: 401 - Could not validate credentials
2026-01-02 18:59:13,055 - main - WARNING - HTTPException: 401 - Could not validate credentials
2026-01-02 18:59:13,104 - main - WARNING - HTTPException: 401 - Could not validate credentials
2026-01-02 18:59:13,130 - main - WARNING - HTTPException: 401 - Could not validate credentials
2026-01-02 18:59:13,199 - main - WARNING - HTTPException: 401 - Could not validate credentials
2026-01-02 18:59:13,261 - main - WARNING - HTTPException: 401 - Could not validate credentials
2026-01-02 18:59:13,283 - main - WARNING - HTTPException: 401 - Could not validate credentials
2026-01-02 18:59:13,365 - main - WARNING - HTTPException: 401 - Could not validate credentials
2026-01-02 18:59:13,404 - main - WARNING - HTTPException: 401 - Could not validate credentials
2026-01-02 18:59:13,415 - main - WARNING - HTTPException: 401 - Could not validate credentials
2026-01-02 18:59:13,500 - main - WARNING - HTTPException: 401 - Could not validate credentials
2026-01-02 18:59:13,556 - main - WARNING - HTTPException: 401 - Could not validate credentials
2026-01-02 18:59:13,583 - main - WARNING - HTTPException: 401 - Could not validate credentials
2026-01-02 18:59:13,660 - main - WARNING - HTTPException: 401 - Could not validate credentials
2026-01-02 18:59:13,716 - main - WARNING - HTTPException: 401 - Could not validate credentials
2026-01-02 18:59:13,730 - main - WARNING - HTTPException: 401 - Could not validate credentials
2026-01-02 18:59:13,814 - main - WARNING - HTTPException: 401 - Could not validate credentials
2026-01-02 18:59:13,869 - main - WARNING - HTTPException: 401 - Could not validate credentials
2026-01-02 18:59:13,891 - main - WARNING - HTTPException: 401 - Could not validate credentials
2026-01-02 18:59:13,942 - main - WARNING - HTTPException: 401 - Could not validate credentials
2026-01-02 18:59:14,164 - main - WARNING - HTTPException: 401 - Could not validate credentials
2026-01-02 18:59:14,223 - main - WARNING - HTTPException: 401 - Could not validate credentials
2026-01-02 18:59:14,235 - main - WARNING - HTTPException: 401 - Could not validate credentials
2026-01-02 18:59:14,325 - main - WARNING - HTTPException: 401 - Could not validate credentials
2026-01-02 18:59:14,388 - main - WARNING - HTTPException: 401 - Could not validate credentials
2026-01-02 18:59:14,415 - main - WARNING - HTTPException: 401 - Could not validate credentials
2026-01-02 18:59:14,512 - main - WARNING - HTTPException: 401 - Could not validate credentials
2026-01-02 18:59:14,584 - main - WARNING - HTTPException: 401 - Could not validate credentials
2026-01-02 18:59:14,604 - main - WARNING - HTTPException: 401 - Could not validate credentials
2026-01-02 18:59:14,700 - main - WARNING - HTTPException: 401 - Could not validate credentials
2026-01-02 18:59:14,779 - main - WARNING - HTTPException: 401 - Could not validate credentials
2026-01-02 18:59:14,836 - main - WARNING - HTTPException: 401 - Could not validate credentials
2026-01-02 18:59:15,081 - main - WARNING - HTTPException: 401 - Could not validate credentials
2026-01-02 18:59:15,251 - main - WARNING - HTTPException: 401 - Could not validate credentials
2026-01-02 18:59:15,257 - main - WARNING - HTTPException: 401 - Could not validate credentials
2026-01-02 18:59:20,337 - main - WARNING - HTTPException: 401 - Could not validate credentials
2026-01-02 18:59:22,832 - main - WARNING - HTTPException: 401 - Could not validate credentials
2026-01-02 18:59:22,850 - main - WARNING - HTTPException: 401 - Could not validate credentials
2026-01-02 18:59:22,871 - main - WARNING - HTTPException: 401 - Could not validate credentials
2026-01-02 18:59:22,884 - main - WARNING - HTTPException: 401 - Could not validate credentials
2026-01-02 18:59:22,899 - main - WARNING - HTTPException: 401 - Could not validate credentials
2026-01-02 18:59:34,844 - main - WARNING - HTTPException: 401 - Could not validate credentials
2026-01-02 18:59:34,881 - main - WARNING - HTTPException: 401 - Could not validate credentials
2026-01-02 18:59:34,909 - main - WARNING - HTTPException: 401 - Could not validate credentials
2026-01-02 18:59:34,954 - main - WARNING - HTTPException: 401 - Could not validate credentials
2026-01-02 18:59:34,984 - main - WARNING - HTTPException: 401 - Could not validate credentials
2026-01-02 18:59:37,398 - main - WARNING - HTTPException: 401 - Could not validate credentials
2026-01-02 18:59:37,449 - main - WARNING - HTTPException: 401 - Could not validate credentials
2026-01-02 18:59:37,491 - main - WARNING - HTTPException: 401 - Could not validate credentials
2026-01-02 18:59:37,587 - main - WARNING - HTTPException: 401 - Could not validate credentials
2026-01-02 18:59:37,626 - main - WARNING - HTTPException: 401 - Could not validate credentials
2026-01-02 18:59:37,638 - main - WARNING - HTTPException: 401 - Could not validate credentials
2026-01-02 18:59:37,727 - main - WARNING - HTTPException: 401 - Could not validate credentials
2026-01-02 18:59:37,760 - main - WARNING - HTTPException: 401 - Could not validate credentials
2026-01-02 18:59:37,778 - main - WARNING - HTTPException: 401 - Could not validate credentials
2026-01-02 18:59:37,875 - main - WARNING - HTTPException: 401 - Could not validate credentials
2026-01-02 18:59:37,923 - main - WARNING - HTTPException: 401 - Could not validate credentials
2026-01-02 18:59:37,935 - main - WARNING - HTTPException: 401 - Could not validate credentials
2026-01-02 18:59:38,036 - main - WARNING - HTTPException: 401 - Could not validate credentials
2026-01-02 18:59:38,091 - main - WARNING - HTTPException: 401 - Could not validate credentials
2026-01-02 18:59:38,096 - main - WARNING - HTTPException: 401 - Could not validate credentials
2026-01-02 18:59:38,190 - main - WARNING - HTTPException: 401 - Could not validate credentials
2026-01-02 18:59:38,237 - main - WARNING - HTTPException: 401 - Could not validate credentials
2026-01-02 18:59:38,260 - main - WARNING - HTTPException: 401 - Could not validate credentials
2026-01-02 18:59:38,357 - main - WARNING - HTTPException: 401 - Could not validate credentials
2026-01-02 18:59:38,387 - main - WARNING - HTTPException: 401 - Could not validate credentials
2026-01-02 18:59:38,402 - main - WARNING - HTTPException: 401 - Could not validate credentials
2026-01-02 18:59:38,503 - main - WARNING - HTTPException: 401 - Could not validate credentials
2026-01-02 18:59:38,562 - main - WARNING - HTTPException: 401 - Could not validate credentials
2026-01-02 18:59:38,587 - main - WARNING - HTTPException: 401 - Could not validate credentials
2026-01-02 18:59:38,669 - main - WARNING - HTTPException: 401 - Could not validate credentials
2026-01-02 18:59:38,705 - main - WARNING - HTTPException: 401 - Could not validate credentials
2026-01-02 18:59:38,726 - main - WARNING - HTTPException: 401 - Could not validate credentials
2026-01-02 18:59:38,814 - main - WARNING - HTTPException: 401 - Could not validate credentials
2026-01-02 18:59:38,868 - main - WARNING - HTTPException: 401 - Could not validate credentials
2026-01-02 18:59:38,873 - main - WARNING - HTTPException: 401 - Could not validate credentials
2026-01-02 18:59:38,972 - main - WARNING - HTTPException: 401 - Could not validate credentials
2026-01-02 18:59:39,031 - main - WARNING - HTTPException: 401 - Could not validate credentials
2026-01-02 18:59:39,036 - main - WARNING - HTTPException: 401 - Could not validate credentials
2026-01-02 18:59:39,117 - main - WARNING - HTTPException: 401 - Could not validate credentials
2026-01-02 18:59:39,166 - main - WARNING - HTTPException: 401 - Could not validate credentials
2026-01-02 18:59:39,171 - main - WARNING - HTTPException: 401 - Could not validate credentials
2026-01-02 18:59:39,268 - main - WARNING - HTTPException: 401 - Could not validate credentials
2026-01-02 18:59:39,312 - main - WARNING - HTTPException: 401 - Could not validate credentials
2026-01-02 18:59:39,332 - main - WARNING - HTTPException: 401 - Could not validate credentials
2026-01-02 18:59:39,446 - main - WARNING - HTTPException: 401 - Could not validate credentials
2026-01-02 18:59:39,481 - main - WARNING - HTTPException: 401 - Could not validate credentials
2026-01-02 18:59:39,497 - main - WARNING - HTTPException: 401 - Could not validate credentials
2026-01-02 18:59:39,602 - main - WARNING - HTTPException: 401 - Could not validate credentials
2026-01-02 18:59:39,645 - main - WARNING - HTTPException: 401 - Could not validate credentials
2026-01-02 18:59:39,677 - main - WARNING - HTTPException: 401 - Could not validate credentials
2026-01-02 18:59:39,751 - main - WARNING - HTTPException: 401 - Could not validate credentials
2026-01-02 18:59:39,801 - main - WARNING - HTTPException: 401 - Could not validate credentials
2026-01-02 18:59:39,802 - main - WARNING - HTTPException: 401 - Could not validate credentials
2026-01-02 18:59:39,907 - main - WARNING - HTTPException: 401 - Could not validate credentials
2026-01-02 18:59:39,945 - main - WARNING - HTTPException: 401 - Could not validate credentials
2026-01-02 18:59:39,965 - main - WARNING - HTTPException: 401 - Could not validate credentials
2026-01-02 18:59:40,074 - main - WARNING - HTTPException: 401 - Could not validate credentials
2026-01-02 18:59:40,139 - main - WARNING - HTTPException: 401 - Could not validate credentials
2026-01-02 18:59:40,157 - main - WARNING - HTTPException: 401 - Could not validate credentials
2026-01-02 18:59:40,257 - main - WARNING - HTTPException: 401 - Could not validate credentials
2026-01-02 18:59:40,310 - main - WARNING - HTTPException: 401 - Could not validate credentials
2026-01-02 18:59:40,314 - main - WARNING - HTTPException: 401 - Could not validate credentials
2026-01-02 18:59:40,409 - main - WARNING - HTTPException: 401 - Could not validate credentials
2026-01-02 18:59:40,442 - main - WARNING - HTTPException: 401 - Could not validate credentials
2026-01-02 18:59:40,464 - main - WARNING - HTTPException: 401 - Could not validate credentials
2026-01-02 18:59:40,560 - main - WARNING - HTTPException: 401 - Could not validate credentials
2026-01-02 18:59:40,617 - main - WARNING - HTTPException: 401 - Could not validate credentials
2026-01-02 18:59:40,628 - main - WARNING - HTTPException: 401 - Could not validate credentials
2026-01-02 18:59:40,709 - main - WARNING - HTTPException: 401 - Could not validate credentials
2026-01-02 18:59:40,744 - main - WARNING - HTTPException: 401 - Could not validate credentials
2026-01-02 18:59:40,769 - main - WARNING - HTTPException: 401 - Could not validate credentials
2026-01-02 18:59:40,876 - main - WARNING - HTTPException: 401 - Could not validate credentials
2026-01-02 18:59:40,927 - main - WARNING - HTTPException: 401 - Could not validate credentials
2026-01-02 18:59:40,929 - main - WARNING - HTTPException: 401 - Could not validate credentials
2026-01-02 18:59:41,070 - main - WARNING - HTTPException: 401 - Could not validate credentials
2026-01-02 18:59:41,102 - main - WARNING - HTTPException: 401 - Could not validate credentials
2026-01-02 18:59:41,126 - main - WARNING - HTTPException: 401 - Could not validate credentials
2026-01-02 18:59:41,215 - main - WARNING - HTTPException: 401 - Could not validate credentials
2026-01-02 18:59:41,246 - main - WARNING - HTTPException: 401 - Could not validate credentials
2026-01-02 18:59:41,266 - main - WARNING - HTTPException: 401 - Could not validate credentials
2026-01-02 18:59:41,504 - main - WARNING - HTTPException: 401 - Could not validate credentials
2026-01-02 18:59:41,642 - main - WARNING - HTTPException: 401 - Could not validate credentials
2026-01-02 18:59:41,651 - main - WARNING - HTTPException: 401 - Could not validate credentials
2026-01-02 18:59:41,759 - main - WARNING - HTTPException: 401 - Could not validate credentials
2026-01-02 18:59:41,812 - main - WARNING - HTTPException: 401 - Could not validate credentials
2026-01-02 18:59:41,817 - main - WARNING - HTTPException: 401 - Could not validate credentials
2026-01-02 18:59:41,898 - main - WARNING - HTTPException: 401 - Could not validate credentials
2026-01-02 18:59:41,920 - main - WARNING - HTTPException: 401 - Could not validate credentials
2026-01-02 18:59:41,939 - main - WARNING - HTTPException: 401 - Could not validate credentials
2026-01-02 18:59:42,038 - main - WARNING - HTTPException: 401 - Could not validate credentials
2026-01-02 18:59:42,101 - main - WARNING - HTTPException: 401 - Could not validate credentials
2026-01-02 18:59:42,106 - main - WARNING - HTTPException: 401 - Could not validate credentials
2026-01-02 18:59:42,185 - main - WARNING - HTTPException: 401 - Could not validate credentials
2026-01-02 18:59:42,230 - main - WARNING - HTTPException: 401 - Could not validate credentials
2026-01-02 18:59:42,236 - main - WARNING - HTTPException: 401 - Could not validate credentials
2026-01-02 18:59:42,332 - main - WARNING - HTTPException: 401 - Could not validate credentials
2026-01-02 18:59:42,375 - main - WARNING - HTTPException: 401 - Could not validate credentials
2026-01-02 18:59:42,395 - main - WARNING - HTTPException: 401 - Could not validate credentials
2026-01-02 18:59:42,481 - main - WARNING - HTTPException: 401 - Could not validate credentials
2026-01-02 18:59:42,518 - main - WARNING - HTTPException: 401 - Could not validate credentials
2026-01-02 18:59:42,535 - main - WARNING - HTTPException: 401 - Could not validate credentials
2026-01-02 18:59:42,564 - main - WARNING - HTTPException: 401 - Could not validate credentials
2026-01-02 18:59:42,638 - main - WARNING - HTTPException: 401 - Could not validate credentials
2026-01-02 18:59:42,670 - main - WARNING - HTTPException: 401 - Could not validate credentials
2026-01-02 18:59:42,711 - main - WARNING - HTTPException: 401 - Could not validate credentials
2026-01-02 18:59:42,840 - main - WARNING - HTTPException: 401 - Could not validate credentials
2026-01-02 18:59:42,913 - main - WARNING - HTTPException: 401 - Could not validate credentials
2026-01-02 18:59:42,919 - main - WARNING - HTTPException: 401 - Could not validate credentials
2026-01-02 18:59:42,975 - main - WARNING - HTTPException: 401 - Could not validate credentials
2026-01-02 18:59:43,041 - main - WARNING - HTTPException: 401 - Could not validate credentials
2026-01-02 18:59:43,045 - main - WARNING - HTTPException: 401 - Could not validate credentials
2026-01-02 18:59:43,123 - main - WARNING - HTTPException: 401 - Could not validate credentials
2026-01-02 18:59:43,169 - main - WARNING - HTTPException: 401 - Could not validate credentials
2026-01-02 18:59:43,193 - main - WARNING - HTTPException: 401 - Could not validate credentials
2026-01-02 18:59:43,277 - main - WARNING - HTTPException: 401 - Could not validate credentials
2026-01-02 18:59:43,326 - main - WARNING - HTTPException: 401 - Could not validate credentials
2026-01-02 18:59:43,350 - main - WARNING - HTTPException: 401 - Could not validate credentials
2026-01-02 18:59:43,434 - main - WARNING - HTTPException: 401 - Could not validate credentials
2026-01-02 18:59:43,482 - main - WARNING - HTTPException: 401 - Could not validate credentials
2026-01-02 18:59:43,487 - main - WARNING - HTTPException: 401 - Could not validate credentials
2026-01-02 18:59:43,594 - main - WARNING - HTTPException: 401 - Could not validate credentials
2026-01-02 18:59:43,652 - main - WARNING - HTTPException: 401 - Could not validate credentials
2026-01-02 18:59:43,655 - main - WARNING - HTTPException: 401 - Could not validate credentials
2026-01-02 18:59:43,717 - main - WARNING - HTTPException: 401 - Could not validate credentials
2026-01-02 18:59:43,768 - main - WARNING - HTTPException: 401 - Could not validate credentials
2026-01-02 18:59:43,800 - main - WARNING - HTTPException: 401 - Could not validate credentials
2026-01-02 18:59:43,866 - main - WARNING - HTTPException: 401 - Could not validate credentials
2026-01-02 18:59:43,914 - main - WARNING - HTTPException: 401 - Could not validate credentials
2026-01-02 18:59:43,924 - main - WARNING - HTTPException: 401 - Could not validate credentials
2026-01-02 18:59:44,028 - main - WARNING - HTTPException: 401 - Could not validate credentials
2026-01-02 18:59:44,085 - main - WARNING - HTTPException: 401 - Could not validate credentials
2026-01-02 18:59:44,097 - main - WARNING - HTTPException: 401 - Could not validate credentials
2026-01-02 18:59:44,184 - main - WARNING - HTTPException: 401 - Could not validate credentials
2026-01-02 18:59:44,263 - main - WARNING - HTTPException: 401 - Could not validate credentials
2026-01-02 18:59:44,267 - main - WARNING - HTTPException: 401 - Could not validate credentials
2026-01-02 18:59:44,316 - main - WARNING - HTTPException: 401 - Could not validate credentials
2026-01-02 18:59:44,367 - main - WARNING - HTTPException: 401 - Could not validate credentials
2026-01-02 18:59:44,379 - main - WARNING - HTTPException: 401 - Could not validate credentials
2026-01-02 18:59:44,482 - main - WARNING - HTTPException: 401 - Could not validate credentials
2026-01-02 18:59:44,520 - main - WARNING - HTTPException: 401 - Could not validate credentials
2026-01-02 18:59:44,541 - main - WARNING - HTTPException: 401 - Could not validate credentials
2026-01-02 18:59:44,623 - main - WARNING - HTTPException: 401 - Could not validate credentials
2026-01-02 18:59:44,673 - main - WARNING - HTTPException: 401 - Could not validate credentials
2026-01-02 18:59:44,690 - main - WARNING - HTTPException: 401 - Could not validate credentials
2026-01-02 18:59:44,784 - main - WARNING - HTTPException: 401 - Could not validate credentials
2026-01-02 18:59:44,852 - main - WARNING - HTTPException: 401 - Could not validate credentials
2026-01-02 18:59:44,858 - main - WARNING - HTTPException: 401 - Could not validate credentials
2026-01-02 18:59:44,931 - main - WARNING - HTTPException: 401 - Could not validate credentials
2026-01-02 18:59:44,989 - main - WARNING - HTTPException: 401 - Could not validate credentials
2026-01-02 18:59:45,011 - main - WARNING - HTTPException: 401 - Could not validate credentials
2026-01-02 18:59:45,082 - main - WARNING - HTTPException: 401 - Could not validate credentials
2026-01-02 18:59:45,137 - main - WARNING - HTTPException: 401 - Could not validate credentials
2026-01-02 18:59:45,155 - main - WARNING - HTTPException: 401 - Could not validate credentials
2026-01-02 18:59:45,240 - main - WARNING - HTTPException: 401 - Could not validate credentials
2026-01-02 18:59:45,287 - main - WARNING - HTTPException: 401 - Could not validate credentials
2026-01-02 18:59:45,309 - main - WARNING - HTTPException: 401 - Could not validate credentials
2026-01-02 18:59:45,383 - main - WARNING - HTTPException: 401 - Could not validate credentials
2026-01-02 18:59:45,445 - main - WARNING - HTTPException: 401 - Could not validate credentials
2026-01-02 18:59:45,456 - main - WARNING - HTTPException: 401 - Could not validate credentials
2026-01-02 18:59:45,546 - main - WARNING - HTTPException: 401 - Could not validate credentials
2026-01-02 18:59:45,624 - main - WARNING - HTTPException: 401 - Could not validate credentials
2026-01-02 18:59:45,630 - main - WARNING - HTTPException: 401 - Could not validate credentials
2026-01-02 18:59:45,690 - main - WARNING - HTTPException: 401 - Could not validate credentials
2026-01-02 18:59:45,741 - main - WARNING - HTTPException: 401 - Could not validate credentials
2026-01-02 18:59:45,761 - main - WARNING - HTTPException: 401 - Could not validate credentials
2026-01-02 18:59:45,833 - main - WARNING - HTTPException: 401 - Could not validate credentials
2026-01-02 18:59:45,891 - main - WARNING - HTTPException: 401 - Could not validate credentials
2026-01-02 18:59:45,908 - main - WARNING - HTTPException: 401 - Could not validate credentials
2026-01-02 18:59:46,111 - main - WARNING - HTTPException: 401 - Could not validate credentials
2026-01-02 18:59:46,172 - main - WARNING - HTTPException: 401 - Could not validate credentials
2026-01-02 18:59:46,192 - main - WARNING - HTTPException: 401 - Could not validate credentials
2026-01-02 18:59:46,278 - main - WARNING - HTTPException: 401 - Could not validate credentials
2026-01-02 18:59:46,348 - main - WARNING - HTTPException: 401 - Could not validate credentials
2026-01-02 18:59:46,381 - main - WARNING - HTTPException: 401 - Could not validate credentials
2026-01-02 19:00:09,301 - routers.auth - WARNING - Failed login attempt for non-existent user: admin from 192.168.1.11
2026-01-02 19:00:09,301 - database - ERROR - Database error: 
2026-01-02 19:00:19,278 - routers.auth - WARNING - Failed login attempt for non-existent user: admin from 192.168.1.11
2026-01-02 19:00:19,278 - database - ERROR - Database error: 
2026-01-02 19:02:31,577 - main - INFO - Shutting down 7TY.VN System...
2026-01-02 19:04:00,866 - main - INFO - Starting 7TY.VN System...
2026-01-02 19:04:00,866 - main - INFO - Database tables created successfully
2026-01-02 19:05:22,729 - routers.auth - WARNING - Failed login attempt for non-existent user: admin from 192.168.1.11
2026-01-02 19:05:22,744 - database - ERROR - Database error: 
2026-01-02 19:06:00,653 - main - INFO - Shutting down 7TY.VN System...
2026-01-02 19:06:20,340 - main - INFO - Starting 7TY.VN System...
2026-01-02 19:06:20,402 - main - ERROR - Error creating database tables: (psycopg2.OperationalError) connection to server at "localhost" (::1), port 5432 failed: FATAL:  password authentication failed for user "7ty_admin"

(Background on this error at: https://sqlalche.me/e/20/e3q8)
2026-01-02 19:06:34,100 - main - INFO - Shutting down 7TY.VN System...
2026-01-11 15:53:05,439 - main - INFO - Starting 7TY.VN System...
2026-01-11 15:53:05,445 - main - INFO - Database tables created successfully
2026-01-11 15:53:18,380 - passlib.handlers.bcrypt - WARNING - (trapped) error reading bcrypt version
Traceback (most recent call last):
  File "/home/codespace/.python/current/lib/python3.12/site-packages/passlib/handlers/bcrypt.py", line 620, in _load_backend_mixin
    version = _bcrypt.__about__.__version__
              ^^^^^^^^^^^^^^^^^
AttributeError: module 'bcrypt' has no attribute '__about__'
2026-01-11 15:53:18,729 - routers.auth - INFO - User logged in: admin from 127.0.0.1
2026-01-11 16:01:43,429 - routers.auth - WARNING - Failed login attempt for user: admin from 14.184.59.231
2026-01-11 16:01:43,430 - database - ERROR - Database error: 401: Tên đăng nhập hoặc mật khẩu không chính xác
2026-01-11 16:01:43,430 - main - WARNING - HTTPException: 401 - Tên đăng nhập hoặc mật khẩu không chính xác
2026-01-11 16:01:46,180 - routers.auth - INFO - User logged in: admin from 14.184.59.231
2026-01-12 01:57:49,347 - main - INFO - Starting 7TY.VN System...
2026-01-12 01:57:49,386 - main - INFO - Database tables created successfully
2026-01-12 01:57:49,388 - main - INFO - Database migrations completed
2026-01-12 01:57:49,389 - main - INFO - ADMIN_PASSWORD not set - skipping admin creation. Set environment variable to auto-create admin.
2026-01-12 01:57:59,762 - passlib.handlers.bcrypt - WARNING - (trapped) error reading bcrypt version
Traceback (most recent call last):
  File "/home/codespace/.python/current/lib/python3.12/site-packages/passlib/handlers/bcrypt.py", line 620, in _load_backend_mixin
    version = _bcrypt.__about__.__version__
              ^^^^^^^^^^^^^^^^^
AttributeError: module 'bcrypt' has no attribute '__about__'
2026-01-12 01:58:00,104 - routers.auth - INFO - User logged in: admin from 127.0.0.1
2026-01-12 01:58:05,269 - routers.auth - INFO - User logged in: admin from 127.0.0.1
2026-01-12 01:59:11,901 - routers.auth - INFO - User logged in: admin from 127.0.0.1
2026-01-12 01:59:11,953 - routers.agents - INFO - Agent AG000001 status updated to ACTIVE
2026-01-12 01:59:11,973 - routers.agents - INFO - Agent updated with files: AG000001 by admin
2026-01-12 09:37:16,487 - main - INFO - Starting 7TY.VN System...
2026-01-12 09:37:16,488 - main - ERROR - Error creating database tables: (psycopg2.OperationalError) connection to server at "127.0.0.1", port 5432 failed: Connection refused
	Is the server running on that host and accepting TCP/IP connections?

(Background on this error at: https://sqlalche.me/e/20/e3q8)
2026-01-12 09:37:16,488 - main - ERROR - Migration error: (psycopg2.OperationalError) connection to server at "127.0.0.1", port 5432 failed: Connection refused
	Is the server running on that host and accepting TCP/IP connections?

(Background on this error at: https://sqlalche.me/e/20/e3q8)
2026-01-12 09:37:16,489 - main - INFO - ADMIN_PASSWORD not set - skipping admin creation. Set environment variable to auto-create admin.
2026-01-12 09:37:25,308 - main - INFO - Shutting down 7TY.VN System...
2026-01-12 09:37:27,952 - main - INFO - Starting 7TY.VN System...
2026-01-12 09:37:27,956 - main - INFO - Database tables created successfully
2026-01-12 09:37:27,958 - main - INFO - Database migrations completed
2026-01-12 09:37:27,958 - main - INFO - ADMIN_PASSWORD not set - skipping admin creation. Set environment variable to auto-create admin.
2026-01-12 09:38:23,329 - routers.auth - WARNING - Failed login attempt for non-existent user: phanminhphong from 116.98.254.22
2026-01-12 09:38:23,330 - database - ERROR - Database error: 401: Tên đăng nhập hoặc mật khẩu không chính xác
2026-01-12 09:38:23,330 - main - WARNING - HTTPException: 401 - Tên đăng nhập hoặc mật khẩu không chính xác
2026-01-12 09:38:29,754 - routers.auth - WARNING - Failed login attempt for non-existent user: phanminhphong from 116.98.254.22
2026-01-12 09:38:29,754 - database - ERROR - Database error: 401: Tên đăng nhập hoặc mật khẩu không chính xác
2026-01-12 09:38:29,755 - main - WARNING - HTTPException: 401 - Tên đăng nhập hoặc mật khẩu không chính xác
2026-01-12 09:38:33,943 - routers.auth - WARNING - Failed login attempt for non-existent user: phanminhphong from 116.98.254.22
2026-01-12 09:38:33,944 - database - ERROR - Database error: 401: Tên đăng nhập hoặc mật khẩu không chính xác
2026-01-12 09:38:33,944 - main - WARNING - HTTPException: 401 - Tên đăng nhập hoặc mật khẩu không chính xác
2026-01-12 09:38:42,255 - routers.auth - WARNING - Failed login attempt for non-existent user: phanminhphong from 116.98.254.22
2026-01-12 09:38:42,255 - database - ERROR - Database error: 401: Tên đăng nhập hoặc mật khẩu không chính xác
2026-01-12 09:38:42,256 - main - WARNING - HTTPException: 401 - Tên đăng nhập hoặc mật khẩu không chính xác
2026-01-12 09:45:35,100 - main - INFO - Shutting down 7TY.VN System...
2026-01-12 09:45:38,722 - main - INFO - Starting 7TY.VN System...
2026-01-12 09:45:38,727 - main - INFO - Database tables created successfully
2026-01-12 09:45:38,730 - main - INFO - Database migrations completed
2026-01-12 09:45:38,731 - main - INFO - ADMIN_PASSWORD not set - skipping admin creation. Set environment variable to auto-create admin.
2026-01-12 09:45:50,806 - routers.api - INFO - Received bank webhook: {"source": "sms_admin_test", "bank_code": "MB", "amount": 100000, "content": "NAP 7TY001", "transaction_id": "TEST_123", "transaction_type": "deposit", "raw_message": "MB Bank: TK 0123456789 +100000VND"}
2026-01-12 09:45:50,807 - routers.api - WARNING - Could not parse agent code from: NAP 7TY001
2026-01-12 09:45:50,829 - routers.api - INFO - Saved unmatched transaction: TXN1768211150809589561 - 100000
2026-01-12 09:47:20,190 - routers.api - INFO - Received bank webhook: {"source": "sms_admin_test", "bank_code": "MB", "amount": 100000, "content": "NAP 7TY001", "transaction_id": "TEST_456", "transaction_type": "deposit", "raw_message": "MB Bank: TK 0123456789 +100000VND luc 12/01/2026. ND: NAP 7TY001"}
2026-01-12 09:47:20,190 - routers.api - WARNING - Could not parse agent code from: NAP 7TY001
2026-01-12 09:47:20,207 - routers.api - INFO - Saved unmatched transaction: TXN1768211240191599296 - 100000
2026-01-12 09:48:10,881 - main - INFO - Shutting down 7TY.VN System...
2026-01-12 09:48:14,800 - main - INFO - Starting 7TY.VN System...
2026-01-12 09:48:14,804 - main - INFO - Database tables created successfully
2026-01-12 09:48:14,807 - main - INFO - Database migrations completed
2026-01-12 09:48:14,807 - main - INFO - ADMIN_PASSWORD not set - skipping admin creation. Set environment variable to auto-create admin.
2026-01-12 09:48:26,986 - routers.api - INFO - Received bank webhook: {"source": "sms_admin_test", "bank_code": "MB", "amount": 100000, "content": "NAP 7TY001", "transaction_id": "TEST_789", "transaction_type": "deposit", "raw_message": "MB Bank: TK 0123456789 +100000VND"}
2026-01-12 09:48:26,997 - routers.api - WARNING - Agent not found: 7TY001
2026-01-12 09:48:27,017 - routers.api - INFO - Saved unmatched transaction: TXN1768211306997767237 - 100000
2026-01-12 09:48:50,249 - main - INFO - Shutting down 7TY.VN System...
2026-01-12 09:48:53,670 - main - INFO - Starting 7TY.VN System...
2026-01-12 09:48:53,674 - main - INFO - Database tables created successfully
2026-01-12 09:48:53,676 - main - INFO - Database migrations completed
2026-01-12 09:48:53,676 - main - INFO - ADMIN_PASSWORD not set - skipping admin creation. Set environment variable to auto-create admin.
2026-01-12 09:49:10,110 - routers.api - INFO - Received bank webhook: {"source": "sms_admin_test", "bank_code": "MB", "amount": 100000, "content": "NAP 7TY001", "transaction_id": "TEST_SUCCESS", "transaction_type": "deposit", "raw_message": "MB Bank: TK 0123456789 +100000VND luc 12/01/2026. ND: NAP 7TY001"}
2026-01-12 09:49:10,143 - routers.api - INFO - Auto deposit successful: 7TY001 +100000 -> Balance: 100000
2026-01-12 09:49:10,143 - routers.api - WARNING - Failed to send websocket notification: cannot import name 'ws_manager' from 'routers.websocket' (/workspaces/7ty_system/routers/websocket.py)
2026-01-12 10:11:23,377 - main - INFO - Shutting down 7TY.VN System...
2026-01-12 10:12:10,221 - main - INFO - Starting 7TY.VN System...
2026-01-12 10:12:10,228 - main - INFO - Database tables created successfully
2026-01-12 10:12:10,230 - main - INFO - Database migrations completed
2026-01-12 10:12:10,231 - main - INFO - ADMIN_PASSWORD not set - skipping admin creation. Set environment variable to auto-create admin.
2026-01-12 10:19:16,995 - main - INFO - Shutting down 7TY.VN System...
2026-01-12 10:19:20,379 - main - INFO - Starting 7TY.VN System...
2026-01-12 10:19:20,383 - main - INFO - Database tables created successfully
2026-01-12 10:19:20,385 - main - INFO - Database migrations completed
2026-01-12 10:19:20,386 - main - INFO - ADMIN_PASSWORD not set - skipping admin creation. Set environment variable to auto-create admin.
2026-01-12 11:26:06,381 - routers.api - INFO - Received bank webhook: {"amount": 100000, "type": "credit", "content": "NAP 7TY001", "reference": "TEST123456"}
2026-01-12 11:26:06,414 - routers.api - INFO - Auto deposit successful: 7TY001 +100000 -> Balance: 200000
2026-01-12 11:26:06,414 - routers.api - WARNING - Failed to send websocket notification: cannot import name 'ws_manager' from 'routers.websocket' (/workspaces/7ty_system/routers/websocket.py)
2026-01-14 07:39:48,050 - main - INFO - Starting 7TY.VN System...
2026-01-14 07:39:48,127 - main - INFO - Database tables created successfully
2026-01-14 07:39:48,134 - main - INFO - Database migrations completed
2026-01-14 07:39:48,134 - main - INFO - ADMIN_PASSWORD not set - skipping admin creation. Set environment variable to auto-create admin.
2026-01-14 07:39:48,135 - main - INFO - Shutting down 7TY.VN System...
2026-01-14 10:07:30,181 - main - INFO - Starting 7TY.VN System...
2026-01-14 10:07:30,213 - main - INFO - Database tables created successfully
2026-01-14 10:07:30,222 - main - INFO - Database migrations completed
2026-01-14 10:07:30,223 - main - INFO - ADMIN_PASSWORD not set - skipping admin creation. Set environment variable to auto-create admin.
2026-01-14 10:07:30,223 - main - INFO - Shutting down 7TY.VN System...
2026-01-14 10:32:02,063 - main - INFO - Starting 7TY.VN System...
2026-01-14 10:32:08,533 - main - INFO - Database tables created successfully
2026-01-14 10:32:11,359 - main - INFO - Database migrations completed
2026-01-14 10:32:11,359 - main - INFO - ADMIN_PASSWORD not set - skipping admin creation. Set environment variable to auto-create admin.
2026-01-14 10:32:11,360 - main - INFO - Shutting down 7TY.VN System...
2026-01-14 10:32:37,196 - main - INFO - Starting 7TY.VN System...
2026-01-14 10:32:43,802 - main - INFO - Database tables created successfully
2026-01-14 10:32:46,713 - main - INFO - Database migrations completed
2026-01-14 10:32:46,713 - main - INFO - ADMIN_PASSWORD not set - skipping admin creation. Set environment variable to auto-create admin.
2026-01-14 10:32:46,714 - main - INFO - Shutting down 7TY.VN System...
2026-01-14 10:33:08,183 - main - INFO - Starting 7TY.VN System...
2026-01-14 10:33:14,722 - main - INFO - Database tables created successfully
2026-01-14 10:33:17,527 - main - INFO - Database migrations completed
2026-01-14 10:33:17,528 - main - INFO - ADMIN_PASSWORD not set - skipping admin creation. Set environment variable to auto-create admin.
2026-01-14 10:33:17,529 - main - INFO - Shutting down 7TY.VN System...
2026-01-15 02:04:40,396 - main - INFO - Starting 7TY.VN System...
2026-01-15 02:04:40,436 - main - INFO - Database tables created successfully
2026-01-15 02:04:40,443 - main - INFO - Database migrations completed
2026-01-15 02:04:40,443 - main - INFO - ADMIN_PASSWORD not set - skipping admin creation. Set environment variable to auto-create admin.
2026-01-15 02:04:40,444 - main - INFO - Shutting down 7TY.VN System...
2026-01-15 02:42:53,927 - main - INFO - Starting 7TY.VN System...
2026-01-15 02:42:53,956 - main - INFO - Database tables created successfully
2026-01-15 02:42:53,964 - main - INFO - Database migrations completed
2026-01-15 02:42:53,964 - main - INFO - ADMIN_PASSWORD not set - skipping admin creation. Set environment variable to auto-create admin.
